effective_date,published_date,listing_date,totalshares,a_shares,h_shares,listed_a_shares,restricted_a_shares,change_reason,change_explanation
1997-06-10,1997-05-21,1997-06-10,376580000,261580000,0.0,0,,首发B股上市,B股上市
1997-11-06,1997-10-28,1997-11-11,489554000,340054000,0.0,0,,送股上市,10送3
2000-06-30,2000-06-30,2000-06-30,489554000,340054000,0.0,0,,股份性质变更,股权转让
2000-12-31,2000-12-31,2000-12-31,489554000,340054000,0.0,0,,股份性质变更,股权转让
2001-01-12,2001-01-09,2001-01-12,549554000,400054000,0.0,60000000,,首发A股上市,A股上市
2003-06-10,2003-06-04,2003-06-13,659464800,480064800,0.0,72000000,,转增股上市,10转增2
2004-01-12,2004-01-08,2004-01-12,659464800,480015660,0.0,82090860,0.0,职工股上市,职工股上市
2004-04-16,2004-04-13,2004-04-16,975864800,480064800,0.0,82140000,,增发B股上市,增发B股上市
2004-06-09,2004-06-03,2004-06-14,1463797200,720023490,0.0,123136290,0.0,转增股上市,10转增5
2005-07-19,2005-07-13,2005-07-22,2195695800,1080041130,0.0,184710330,0.0,转增股上市,10转增5
2005-11-30,2005-11-26,2005-11-30,2195695800,1080145800,0.0,262288669,817857131.0,送股上市,股权分置10送4.2
2006-06-30,2006-08-29,2006-06-30,2195695800,1080145800,0.0,262293652,817852148.0,定期报告,中报披露
2006-10-09,2006-10-12,2006-10-09,2871567895,1756017895,0.0,262044052,1493973843.0,增发A股上市,非公开增发
2006-11-30,2006-11-25,2006-11-30,2871567895,1756017895,0.0,395814717,1360203178.0,股改限售流通股上市,限售流通股上市
2007-06-30,2007-08-28,2007-06-30,2871567895,1756017895,0.0,395886094,1360131801.0,定期报告,中报披露
2007-10-10,2007-09-28,2007-10-10,2871567895,1756017895,0.0,653865329,1102152566.0,网下配售股份上市,网下配售股份上市
2007-11-30,2007-11-28,2007-11-30,2871567895,1756017895,0.0,689896999,1066120896.0,股改限售流通股上市,限售流通股上市
2008-07-23,2008-07-22,2008-07-23,3282902447,2167352447,0.0,689896999,1477455448.0,增发A股上市,非公开增发
2008-12-01,2008-11-27,2008-12-01,3282902447,2167352447,0.0,1338074569,829277878.0,股改限售流通股上市,限售流通股上市
2009-06-10,2009-06-09,2009-06-10,8282902447,7167352447,0.0,1338074569,5829277878.0,增发A股上市,非公开增发
2009-07-23,2009-07-20,2009-07-23,8282902447,7167352447,0.0,1749409121,5417943326.0,网下配售股份上市,网下配售股份上市
2009-10-29,2009-10-28,2009-10-29,8282902447,7167352447,0.0,2167287029,5000065418.0,网下配售股份上市,网下配售股份上市
2010-06-10,2010-06-08,2010-06-10,8282902447,7167352447,0.0,5917287029,1250065418.0,网下配售股份上市,网下配售股份上市
2010-12-13,2010-12-10,2010-12-13,11267951951,10152401951,0.0,5917287029,4235114922.0,增发A股上市,非公开增发
2011-06-20,2011-06-14,2011-06-23,13521542341,12182882341,0.0,7100744435,5082137906.0,转增股上市,10转增2
2011-12-26,2011-12-23,2011-12-26,13521542341,12182882341,0.0,10088744435,2094137906.0,网下配售股份上市,网下配售股份上市
2012-06-14,2012-06-15,2012-06-14,13521542341,12182882341,0.0,10088661260,2094221081.0,股份性质变更,高管股变动
2012-06-19,2012-06-15,2012-06-19,13521542341,12182882341,0.0,11588661260,594221081.0,网下配售股份上市,"网下配售股份上市,战略配售上市"
2013-06-30,2013-08-20,2013-06-30,13521542341,12182882341,,11588655500,594226841.0,高管股份变动,中报披露
2013-12-16,2013-12-17,2013-12-16,13521542341,12182882341,,11588621793,594260548.0,高管股份变动,高管股份变动
2013-12-18,2013-12-17,2013-12-18,13521542341,12182882341,,12182681198,201143.0,网下配售股份上市,网下配售股份上市
2014-01-09,2014-01-08,2014-01-09,13521542341,12182882341,,11507654395,675227946.0,股份性质变更,自2014年1月9日起锁定24个月。
2014-04-07,2014-04-04,2014-04-08,35289637574,33950977574,,11507654395,22443323179.0,增发A股上市,非公开增发A股上市
2014-06-30,2014-08-30,2014-06-30,35289637574,33950977574,,11505744270,22445233304.0,股份性质变更,中报披露
2014-12-31,2015-04-21,2014-12-31,35289637574,33950977574,,11505691279,22445286295.0,高管股份变动,年报披露
2015-04-15,2015-04-10,2015-04-15,35289637574,33950977574,,23353310322,10597667252.0,"网下配售股份上市,高管股份变动","网下配售股份上市,高管股份变动 "
2015-08-12,2015-08-14,2015-08-12,35289637574,33950977574,,23353522284,10597455290.0,高管股份变动,高管股份变动 
2015-08-18,2015-08-20,2015-08-18,35153067743,33950977574,,23353522284,10597455290.0,回购,回购
2015-12-31,2016-04-26,2015-12-31,35153067743,33950977574,,23353364808,10597612766.0,高管股份变动,年报披露
2016-01-11,2016-01-08,2016-01-11,35153067743,33950977574,,24028391611,9922585963.0,其他限售股上市,其他限售股上市
2016-06-30,2016-08-30,2016-06-30,35153067743,33950977574,,24028524866,9922452708.0,高管股份变动,中报披露
2016-09-14,2016-09-20,2016-09-14,35153067743,33950977574,,24028391611,9922585963.0,高管股份变动,高管股份变动
2016-12-31,2017-04-25,2016-12-31,35153067743,33950977574,,24028711466,9922266108.0,高管股份变动,年报披露
2017-04-10,2017-04-06,2017-04-10,35153067743,33950977574,,33949187656,1789918.0,网下配售股份上市,网下配售股份上市
2017-08-25,2017-08-29,2017-08-25,34798398763,33862285275,,33860495357,1789918.0,回购,回购
2018-06-30,2018-08-28,2018-06-30,34798398763,33862285275,,33859748134,2537141.0,高管股份变动,中报披露
2018-12-31,2019-03-26,2018-12-31,34798398763,33862285275,,33859748882,2536393.0,高管股份变动,年报披露
2019-06-30,2019-08-27,2019-06-30,34798398763,33862285275,,33859749557,2535718.0,高管股份变动,中报披露
2019-12-31,2020-04-28,2019-12-31,34798398763,33862285275,,33860560514,1724761.0,高管股份变动,年报披露
2020-06-30,2020-08-29,2020-06-30,34798398763,33862285275,,33858753464,3531811.0,高管股份变动,中报披露
2020-12-29,2020-12-30,2020-12-29,34798398763,33862285275,,33536939664,325345611.0,限制性股票,限制性股票
2021-06-30,2021-08-31,2021-06-30,34798398763,33862285275,,33537433064,324852211.0,高管股份变动,中报披露
2021-08-13,2021-08-19,2021-08-20,38448775782,37512662294,,33537433064,3975229230.0,增发A股上市,非公开增发A股上市
2021-11-08,2021-11-10,2021-11-08,38445746482,37509632994,,33537433064,3972199930.0,回购,回购
2021-12-31,2022-03-31,2021-12-31,38445746482,37509632994,,33537433064,3972199930.0,股份性质变更,年报披露
2022-02-17,2022-02-18,2022-02-17,38445746482,37509632994,,33537433064,3972199930.0,股份性质变更,股份性质变更
2022-02-21,2022-02-18,2022-02-21,38445746482,37509632994,,36469677229,1039955765.0,网下配售股份上市,网下配售股份上市
2022-06-30,2022-08-30,2022-06-30,38445746482,37509632994,,36469242604,1040390390.0,高管股份变动,中报披露
2022-09-20,2022-09-22,2022-09-20,38202517121,37509632994,,36469242604,1040390390.0,回购,回购
2022-10-14,2022-10-18,2022-10-14,38196363421,37503479294,,36469242604,1034236690.0,回购,回购
2022-12-31,2023-04-04,2022-12-31,38196363421,37503479294,,36470349004,1033130290.0,股份性质变更,年报披露
2023-02-20,2023-02-17,2023-02-20,38196363421,37503479294,,37188481858,314997436.0,网下配售股份上市,网下配售股份上市
2023-04-11,2023-04-07,2023-04-11,38196363421,37503479294,,37290742638,212736656.0,股权激励限售流通股上市,股权激励限售流通股上市
2023-05-12,2023-05-27,2023-05-12,38196363421,37503479294,,37288767943,214711351.0,高管股份变动,高管股份变动
2023-05-25,2023-05-27,2023-05-25,38186064811,37493180684,,37288767943,204412741.0,回购,回购
2023-08-29,2023-08-31,2023-08-29,38157878678,37464994551,,37260581810,204412741.0,回购,回购
2023-09-30,2023-10-31,2023-09-30,38157878678,37464994551,,37260685760,204308791.0,高管股份变动,高管股份变动
2023-12-25,2023-12-27,2023-12-25,37652529195,36959645068,,36760685841,198959227.0,回购,回购
2024-04-11,2024-04-10,2024-04-11,37652529195,36959645068,,36856545316,103099752.0,股权激励限售流通股上市,股权激励限售流通股上市
2024-06-03,2024-06-06,2024-06-03,37652529195,36959645068,,36852705766,106939302.0,高管股份变动,高管股份变动
2024-06-04,2024-06-06,2024-06-04,37649981416,36957097289,,36852705766,104391523.0,回购,回购
2024-09-30,2024-10-31,2024-09-30,37649981416,36957097289,,36851897866,105199423.0,高管股份变动,高管股份变动
2024-12-08,2024-12-11,2024-12-08,37649981416,36957097289,,36851555686,105541603.0,高管股份变动,高管股份变动
2024-12-09,2024-12-11,2024-12-09,37645016203,36952132076,,36851555686,100576390.0,回购,回购
2024-12-31,2025-04-22,2024-12-31,37645016203,36952132076,,36851555686,100576390.0,股份性质变更,年报披露
2025-04-25,2025-04-26,2025-04-25,37645016203,36952132076,,36850667596,101464480.0,高管股份变动,高管股份变动
2025-04-29,2025-04-26,2025-04-29,37645016203,36952132076,,36939764136,12367940.0,股权激励限售流通股上市,股权激励限售流通股上市
2025-05-28,2025-06-03,2025-05-28,37645016203,36952132076,,36934933101,17198975.0,高管股份变动,高管股份变动
2025-05-29,2025-06-03,2025-05-29,37416133303,36723249176,,36706050201,17198975.0,回购,回购
2025-06-13,2025-06-17,2025-06-13,37413880464,36720996337,,36706050201,14946136.0,回购,回购
2025-12-31,2026-04-01,2025-12-31,37413880464,36720996337,,36711216092,9780245.0,高管股份变动,年报披露
2026-01-08,2026-01-12,2026-01-08,37044328064,36351443937,,36341663692,9780245.0,回购,回购
2026-06-08,2026-06-10,2026-06-08,37044328064,36351443937,,36342145617,9298320.0,高管股份变动,高管股份变动
2026-06-09,2026-06-10,2026-06-09,37044328064,36351443937,,35367134117,984309820.0,限制性股票,限制性股票
2026-06-30,2026-08-29,2026-06-30,37044328064,36351443937,,35367134117,984309820.0,股份性质变更,中报披露
2026-07-23,2026-07-24,2026-07-23,37044328064,36351443937,,35367134117,984309820.0,期权行权,期权行权
