date,close,raw_close
2016-01-04,258.22,31.33
2016-01-05,267.66,32.42
2016-01-06,268.54,32.53
2016-01-07,248.38,30.01
2016-01-08,255.98,30.96
2016-01-11,242.3,29.25
2016-01-12,239.74,28.93
2016-01-13,236.38,28.51
2016-01-14,243.18,29.36
2016-01-15,234.62,28.29
2016-01-18,234.38,28.26
2016-01-19,236.78,28.56
2016-01-20,225.9,27.2
2016-01-21,216.38,26.01
2016-01-22,216.06,25.97
2016-01-25,218.86,26.32
2016-01-26,201.9,24.2
2016-01-27,208.14,24.98
2016-01-28,204.06,24.47
2016-01-29,220.7,26.55
2016-02-01,218.62,26.29
2016-02-02,224.78,27.06
2016-02-03,223.02,26.84
2016-02-04,225.66,27.17
2016-02-05,223.66,26.92
2016-02-15,224.86,27.07
2016-02-16,229.9,27.7
2016-02-17,230.06,27.72
2016-02-18,221.82,26.69
2016-02-19,218.3,26.25
2016-02-22,232.22,27.99
2016-02-23,229.18,27.61
2016-02-24,239.5,28.9
2016-02-25,228.3,27.5
2016-02-26,237.02,28.59
2016-02-29,230.22,27.74
2016-03-01,238.54,28.78
2016-03-02,246.54,29.78
2016-03-03,242.06,29.22
2016-03-04,248.22,29.99
2016-03-07,247.42,29.89
2016-03-08,245.5,29.65
2016-03-09,240.78,29.06
2016-03-10,237.58,28.66
2016-03-11,237.9,28.7
2016-03-14,243.66,29.42
2016-03-15,245.18,29.61
2016-03-16,241.98,29.21
2016-03-17,248.3,30.0
2016-03-18,255.42,30.89
2016-03-21,267.5,32.4
2016-03-22,262.46,31.77
2016-03-23,263.42,31.89
2016-03-24,256.62,31.04
2016-03-25,253.42,30.64
2016-03-28,252.94,30.58
2016-03-29,247.1,29.85
2016-03-30,257.1,31.1
2016-03-31,254.86,30.82
2016-04-01,252.3,30.5
2016-04-05,259.5,31.4
2016-04-06,259.18,31.36
2016-04-07,253.9,30.7
2016-04-08,253.58,30.66
2016-04-11,256.46,31.02
2016-04-12,251.5,30.4
2016-04-13,257.34,31.13
2016-04-14,257.82,31.19
2016-04-15,259.5,31.4
2016-04-18,255.5,30.9
2016-04-19,253.9,30.7
2016-04-20,249.98,30.21
2016-04-21,251.9,30.45
2016-04-22,257.66,31.17
2016-04-25,257.98,31.21
2016-04-26,255.58,30.91
2016-04-27,253.58,30.66
2016-04-28,251.1,30.35
2016-04-29,252.06,30.47
2016-05-03,259.34,31.38
2016-05-04,261.26,31.62
2016-05-05,265.34,32.13
2016-05-06,255.9,30.95
2016-05-09,252.14,30.48
2016-05-10,254.7,30.8
2016-05-11,257.74,31.18
2016-05-12,264.62,32.04
2016-05-13,262.3,31.75
2016-05-16,271.98,32.96
2016-05-17,270.3,32.75
2016-05-18,263.26,20.78
2016-05-19,260.74,20.57
2016-05-20,261.22,20.61
2016-05-23,262.42,20.71
2016-05-24,264.1,20.85
2016-05-25,262.42,20.71
2016-05-26,261.1,20.6
2016-05-27,259.9,20.5
2016-05-30,259.78,20.49
2016-05-31,267.22,21.11
2016-06-01,267.7,21.15
2016-06-02,265.42,20.96
2016-06-03,270.46,21.38
2016-06-06,267.94,21.17
2016-06-07,267.46,21.13
2016-06-08,265.9,21.0
2016-06-13,259.9,20.5
2016-06-14,263.5,20.8
2016-06-15,267.34,21.12
2016-06-16,264.46,20.88
2016-06-17,267.34,21.12
2016-06-20,269.98,21.34
2016-06-21,267.94,21.17
2016-06-22,269.74,21.32
2016-06-23,267.94,21.17
2016-06-24,265.9,21.0
2016-06-27,268.54,21.22
2016-06-28,268.78,21.24
2016-06-29,270.34,21.37
2016-06-30,271.42,21.46
2016-07-01,281.86,22.33
2016-07-04,297.82,23.66
2016-07-05,294.34,23.37
2016-07-06,303.1,24.1
2016-07-07,299.74,23.82
2016-07-08,300.82,23.91
2016-07-11,294.82,23.41
2016-07-12,301.18,23.94
2016-07-13,301.66,23.98
2016-07-14,303.82,24.16
2016-07-15,316.42,25.21
2016-07-18,312.1,24.85
2016-07-19,306.7,24.4
2016-07-20,307.42,24.46
2016-07-21,315.58,25.14
2016-07-22,311.38,24.79
2016-07-25,309.34,24.62
2016-07-26,319.3,25.45
2016-07-27,317.62,25.31
2016-07-28,327.58,26.14
2016-07-29,324.1,25.85
2016-08-01,313.18,24.94
2016-08-02,311.5,24.8
2016-08-03,319.9,25.5
2016-08-04,319.9,25.5
2016-08-05,316.42,25.21
2016-08-08,318.82,25.41
2016-08-09,321.7,25.65
2016-08-10,316.66,25.23
2016-08-11,315.34,25.12
2016-08-12,320.98,25.59
2016-08-15,326.26,26.03
2016-08-16,324.58,25.89
2016-08-17,331.9,26.5
2016-08-18,327.46,26.13
2016-08-19,324.7,25.9
2016-08-22,320.26,25.53
2016-08-23,324.58,25.89
2016-08-24,328.3,26.2
2016-08-25,327.7,26.15
2016-08-26,325.78,25.99
2016-08-29,323.5,25.8
2016-08-30,313.54,24.97
2016-08-31,314.86,25.08
2016-09-01,313.54,24.97
2016-09-02,305.62,24.31
2016-09-05,310.06,24.68
2016-09-06,318.22,25.36
2016-09-07,317.5,25.3
2016-09-08,314.98,25.09
2016-09-09,308.74,24.57
2016-09-12,301.9,24.0
2016-09-13,303.34,24.12
2016-09-14,310.42,24.71
2016-09-19,311.98,24.84
2016-09-20,309.58,24.64
2016-09-21,308.62,24.56
2016-09-22,310.3,24.7
2016-09-23,308.14,24.52
2016-09-26,301.9,24.0
2016-09-27,303.1,24.1
2016-09-28,300.7,23.9
2016-09-29,304.54,24.22
2016-09-30,307.54,24.47
2016-10-10,299.5,23.8
2016-10-11,300.7,23.9
2016-10-12,313.9,25.0
2016-10-13,315.58,25.14
2016-10-14,315.82,25.16
2016-10-17,310.3,24.7
2016-10-18,312.7,24.9
2016-10-19,313.9,25.0
2016-10-20,316.54,25.22
2016-10-21,317.74,25.32
2016-10-24,316.06,25.18
2016-10-25,311.62,24.81
2016-10-26,311.86,24.83
2016-10-27,311.98,24.84
2016-10-28,312.82,24.91
2016-10-31,308.38,24.54
2016-11-01,310.54,24.72
2016-11-02,308.02,24.51
2016-11-03,308.5,24.55
2016-11-04,307.3,24.45
2016-11-07,304.18,24.19
2016-11-08,307.9,24.5
2016-11-09,302.02,24.01
2016-11-10,305.14,24.27
2016-11-11,303.22,24.11
2016-11-14,304.3,24.2
2016-11-15,305.98,24.34
2016-11-16,308.74,24.57
2016-11-17,306.34,24.37
2016-11-18,306.34,24.37
2016-11-21,306.34,24.37
2016-11-22,304.3,24.2
2016-11-23,305.86,24.33
2016-11-24,305.86,24.33
2016-11-25,309.34,24.62
2016-11-28,313.66,24.98
2016-11-29,318.22,25.36
2016-11-30,313.9,25.0
2016-12-01,318.7,25.4
2016-12-02,315.94,25.17
2016-12-05,318.94,25.42
2016-12-06,319.42,25.46
2016-12-07,316.06,25.18
2016-12-08,312.7,24.9
2016-12-09,315.7,25.15
2016-12-12,303.46,24.13
2016-12-13,303.7,24.15
2016-12-14,300.94,23.92
2016-12-15,301.54,23.97
2016-12-16,299.38,23.79
2016-12-19,294.46,23.38
2016-12-20,291.46,23.13
2016-12-21,291.82,23.16
2016-12-22,288.82,22.91
2016-12-23,293.02,23.26
2016-12-26,289.54,22.97
2016-12-27,292.3,23.2
2016-12-28,298.06,23.68
2016-12-29,299.38,23.79
2016-12-30,299.62,23.81
2017-01-03,304.78,24.24
2017-01-04,303.82,24.16
2017-01-05,305.5,24.3
2017-01-06,303.1,24.1
2017-01-09,305.02,24.26
2017-01-10,308.86,24.58
2017-01-11,308.74,24.57
2017-01-12,305.5,24.3
2017-01-13,306.7,24.4
2017-01-16,303.82,24.16
2017-01-17,307.54,24.47
2017-01-18,313.9,25.0
2017-01-19,313.78,24.99
2017-01-20,315.34,25.12
2017-01-23,316.66,25.23
2017-01-24,322.3,25.7
2017-01-25,326.62,26.06
2017-01-26,327.46,26.13
2017-02-03,330.58,26.39
2017-02-06,325.9,26.0
2017-02-07,324.1,25.85
2017-02-08,332.86,26.58
2017-02-09,330.58,26.39
2017-02-10,328.42,26.21
2017-02-13,339.58,27.14
2017-02-14,338.86,27.08
2017-02-15,339.22,27.11
2017-02-16,348.82,27.91
2017-02-17,351.94,28.17
2017-02-20,357.7,28.65
2017-02-21,357.7,28.65
2017-02-22,359.26,28.78
2017-02-23,360.58,28.89
2017-02-24,352.78,28.24
2017-02-27,349.06,27.93
2017-02-28,349.66,27.98
2017-03-01,350.38,28.04
2017-03-02,355.9,28.5
2017-03-03,361.3,28.95
2017-03-06,360.46,28.88
2017-03-07,361.9,29.0
2017-03-08,360.94,28.92
2017-03-09,361.18,28.94
2017-03-10,368.62,29.56
2017-03-13,376.06,30.18
2017-03-14,373.66,29.98
2017-03-15,373.3,29.95
2017-03-16,377.86,30.33
2017-03-17,375.82,30.16
2017-03-20,376.06,30.18
2017-03-21,382.06,30.68
2017-03-22,392.5,31.55
2017-03-23,392.38,31.54
2017-03-24,405.34,32.62
2017-03-27,403.3,32.45
2017-03-28,403.42,32.46
2017-03-29,403.9,32.5
2017-03-30,394.54,31.72
2017-03-31,396.7,31.9
2017-04-05,396.7,31.9
2017-04-06,398.86,32.08
2017-04-07,402.58,32.39
2017-04-10,402.82,32.41
2017-04-11,399.34,32.12
2017-04-12,398.5,32.05
2017-04-13,402.46,32.38
2017-04-14,405.22,32.61
2017-04-17,409.3,32.95
2017-04-18,424.54,34.22
2017-04-19,426.94,34.42
2017-04-20,444.34,35.87
2017-04-21,449.5,36.3
2017-04-24,446.26,36.03
2017-04-25,464.5,37.55
2017-04-26,465.1,37.6
2017-04-27,454.3,36.7
2017-04-28,452.74,36.57
2017-05-02,443.38,35.79
2017-05-03,445.78,35.99
2017-05-04,460.9,37.25
2017-05-05,457.9,37.0
2017-05-08,441.1,35.6
2017-05-09,451.66,36.48
2017-05-10,475.3,38.45
2017-05-11,478.18,38.69
2017-05-12,480.7,38.9
2017-05-15,495.82,40.16
2017-05-16,510.16,27.17
2017-05-17,487.84,25.93
2017-05-18,494.14,26.28
2017-05-19,499.54,26.58
2017-05-22,523.66,27.92
2017-05-23,527.44,28.13
2017-05-24,523.84,27.93
2017-05-25,512.68,27.31
2017-05-26,502.42,26.74
2017-05-31,498.1,26.5
2017-06-01,524.2,27.95
2017-06-02,522.58,27.86
2017-06-05,524.92,27.99
2017-06-06,536.26,28.62
2017-06-07,553.0,29.55
2017-06-08,553.18,29.56
2017-06-09,583.06,31.22
2017-06-12,573.7,30.7
2017-06-13,574.06,30.72
2017-06-14,548.5,29.3
2017-06-15,545.98,29.16
2017-06-16,552.82,29.54
2017-06-19,547.42,29.24
2017-06-20,546.52,29.19
2017-06-21,581.8,31.15
2017-06-22,582.88,31.21
2017-06-23,591.7,31.7
2017-06-26,597.64,32.03
2017-06-27,591.34,31.68
2017-06-28,583.6,31.25
2017-06-29,606.1,32.5
2017-06-30,602.5,32.3
2017-07-03,583.42,31.24
2017-07-04,564.88,30.21
2017-07-05,574.6,30.75
2017-07-06,576.4,30.85
2017-07-07,563.44,30.13
2017-07-10,550.48,29.41
2017-07-11,572.08,30.61
2017-07-12,555.88,29.71
2017-07-13,562.9,30.1
2017-07-14,563.44,30.13
2017-07-17,557.14,29.78
2017-07-18,540.76,28.87
2017-07-19,560.56,29.97
2017-07-20,561.1,30.0
2017-07-21,571.72,30.59
2017-07-24,569.38,30.46
2017-07-25,570.46,30.52
2017-07-26,556.42,29.74
2017-07-27,560.74,29.98
2017-07-28,558.76,29.87
2017-07-31,561.1,30.0
2017-08-01,555.7,29.7
2017-08-02,554.26,29.62
2017-08-03,537.52,28.69
2017-08-04,536.44,28.63
2017-08-07,541.84,28.93
2017-08-08,535.18,28.56
2017-08-09,544.54,29.08
2017-08-10,554.62,29.64
2017-08-11,547.24,29.23
2017-08-14,563.8,30.15
2017-08-15,570.82,30.54
2017-08-16,590.44,31.63
2017-08-17,587.2,31.45
2017-08-18,581.98,31.16
2017-08-21,580.0,31.05
2017-08-22,584.5,31.3
2017-08-23,579.64,31.03
2017-08-24,570.1,30.5
2017-08-25,580.0,31.05
2017-08-28,597.28,32.01
2017-08-29,595.3,31.9
2017-08-30,594.76,31.87
2017-08-31,599.8,32.15
2017-09-01,614.02,32.94
2017-09-04,639.76,34.37
2017-09-05,635.26,34.12
2017-09-06,628.06,33.72
2017-09-07,618.34,33.18
2017-09-08,615.64,33.03
2017-09-11,607.9,32.6
2017-09-12,610.42,32.74
2017-09-13,616.0,33.05
2017-09-14,605.2,32.45
2017-09-15,607.72,32.59
2017-09-18,599.62,32.14
2017-09-19,598.72,32.09
2017-09-20,599.62,32.14
2017-09-21,614.2,32.95
2017-09-22,610.96,32.77
2017-09-25,594.94,31.88
2017-09-26,587.74,31.48
2017-09-27,583.6,31.25
2017-09-28,587.38,31.46
2017-09-29,597.1,32.0
2017-10-09,599.44,32.13
2017-10-10,604.48,32.41
2017-10-11,643.18,34.56
2017-10-12,647.5,34.8
2017-10-13,651.1,35.0
2017-10-16,677.02,36.44
2017-10-17,670.9,36.1
2017-10-18,683.68,36.81
2017-10-19,670.18,36.06
2017-10-20,661.9,35.6
2017-10-23,663.7,35.7
2017-10-24,664.78,35.76
2017-10-25,685.48,36.91
2017-10-26,672.34,36.18
2017-10-27,669.1,36.0
2017-10-30,683.5,36.8
2017-10-31,728.14,39.28
2017-11-01,716.8,38.65
2017-11-02,716.26,38.62
2017-11-03,722.2,38.95
2017-11-06,739.3,39.9
2017-11-07,743.08,40.11
2017-11-08,735.7,39.7
2017-11-09,764.5,41.3
2017-11-10,786.64,42.53
2017-11-13,795.1,43.0
2017-11-14,771.7,41.7
2017-11-15,734.62,39.64
2017-11-16,753.7,40.7
2017-11-17,737.5,39.8
2017-11-20,769.0,41.55
2017-11-21,782.14,42.28
2017-11-22,770.98,41.66
2017-11-23,705.1,38.0
2017-11-24,696.1,37.5
2017-11-27,691.6,37.25
2017-11-28,708.16,38.17
2017-11-29,710.86,38.32
2017-11-30,687.28,37.01
2017-12-01,696.1,37.5
2017-12-04,712.12,38.39
2017-12-05,708.34,38.18
2017-12-06,703.3,37.9
2017-12-07,687.82,37.04
2017-12-08,708.7,38.2
2017-12-11,729.76,39.37
2017-12-12,720.4,38.85
2017-12-13,730.48,39.41
2017-12-14,721.66,38.92
2017-12-15,704.2,37.95
2017-12-18,698.44,37.63
2017-12-19,705.64,38.03
2017-12-20,701.5,37.8
2017-12-21,739.3,39.9
2017-12-22,740.56,39.97
2017-12-25,741.82,40.04
2017-12-26,736.78,39.76
2017-12-27,704.56,37.97
2017-12-28,715.9,38.6
2017-12-29,723.1,39.0
2018-01-02,725.44,39.13
2018-01-03,734.62,39.64
2018-01-04,750.1,40.5
2018-01-05,737.14,39.78
2018-01-08,755.5,40.8
2018-01-09,757.3,40.9
2018-01-10,770.26,41.62
2018-01-11,775.3,41.9
2018-01-12,791.86,42.82
2018-01-15,787.72,42.59
2018-01-16,787.72,42.59
2018-01-17,765.58,41.36
2018-01-18,751.9,40.6
2018-01-19,746.5,40.3
2018-01-22,769.0,41.55
2018-01-23,780.7,42.2
2018-01-24,759.1,41.0
2018-01-25,764.32,41.29
2018-01-26,760.54,41.08
2018-01-29,733.9,39.6
2018-01-30,733.9,39.6
2018-01-31,739.3,39.9
2018-02-01,735.34,39.68
2018-02-02,744.52,40.19
2018-02-05,722.92,38.99
2018-02-06,680.08,36.61
2018-02-07,676.3,36.4
2018-02-08,714.64,38.53
2018-02-09,693.58,37.36
2018-02-12,721.66,38.92
2018-02-13,727.06,39.22
2018-02-14,731.2,39.45
2018-02-22,749.02,40.44
2018-02-23,758.74,40.98
2018-02-26,795.1,43.0
2018-02-27,787.0,42.55
2018-02-28,787.36,42.57
2018-03-01,818.32,44.29
2018-03-02,791.5,42.8
2018-03-05,790.42,42.74
2018-03-06,796.9,43.1
2018-03-07,769.9,41.6
2018-03-08,785.38,42.46
2018-03-09,808.24,43.73
2018-03-12,812.2,43.95
2018-03-13,805.72,43.59
2018-03-14,794.2,42.95
2018-03-15,796.72,43.09
2018-03-16,770.98,41.66
2018-03-19,786.1,42.5
2018-03-20,787.9,42.6
2018-03-21,805.18,43.56
2018-03-22,799.78,43.26
2018-03-23,791.32,42.79
2018-03-26,793.12,42.89
2018-03-27,813.64,44.03
2018-03-28,777.64,42.03
2018-03-29,768.1,41.5
2018-03-30,764.5,41.3
2018-04-02,756.04,40.83
2018-04-03,765.4,41.35
2018-04-04,760.9,41.1
2018-04-09,753.52,40.69
2018-04-10,777.82,42.04
2018-04-11,776.38,41.96
2018-04-12,764.14,41.28
2018-04-13,768.82,41.54
2018-04-16,754.6,40.75
2018-04-17,704.92,37.99
2018-04-18,705.46,38.02
2018-04-19,727.6,39.25
2018-04-20,711.04,38.33
2018-04-23,724.54,39.08
2018-04-24,735.34,39.68
2018-04-25,733.0,39.55
2018-04-26,705.1,38.0
2018-04-27,714.1,38.5
2018-05-02,725.26,39.12
2018-05-03,728.5,39.3
2018-05-04,727.24,39.23
2018-05-07,728.32,39.29
2018-05-08,735.88,39.71
2018-05-09,734.26,39.62
2018-05-10,749.2,40.45
2018-05-11,740.74,39.98
2018-05-14,771.34,41.68
2018-05-15,774.76,41.87
2018-05-16,766.3,41.4
2018-05-17,767.92,41.49
2018-05-18,762.7,41.2
2018-05-21,777.1,42.0
2018-05-22,778.54,41.58
2018-05-23,763.24,40.73
2018-05-24,748.48,39.91
2018-05-25,724.9,38.6
2018-05-28,725.98,38.66
2018-05-29,726.52,38.69
2018-05-30,713.74,37.98
2018-05-31,734.8,39.15
2018-06-01,726.88,38.71
2018-06-04,734.26,39.12
2018-06-05,750.82,40.04
2018-06-06,747.94,39.88
2018-06-07,746.68,39.81
2018-06-08,733.0,39.05
2018-06-11,735.7,39.2
2018-06-12,742.72,39.59
2018-06-13,729.4,38.85
2018-06-14,722.2,38.45
2018-06-15,714.46,38.02
2018-06-19,704.74,37.48
2018-06-20,710.86,37.82
2018-06-21,695.92,36.99
2018-06-22,700.6,37.25
2018-06-25,694.84,36.93
2018-06-26,705.1,37.5
2018-06-27,693.4,36.85
2018-06-28,673.24,35.73
2018-06-29,698.44,37.13
2018-07-02,685.3,36.4
2018-07-03,668.2,35.45
2018-07-04,641.92,33.99
2018-07-05,631.84,33.43
2018-07-06,615.1,32.5
2018-07-09,659.02,34.94
2018-07-10,672.52,35.69
2018-07-11,663.7,35.2
2018-07-12,685.3,36.4
2018-07-13,692.32,36.79
2018-07-16,690.7,36.7
2018-07-17,679.36,36.07
2018-07-18,676.3,35.9
2018-07-19,691.96,36.77
2018-07-20,694.84,36.93
2018-07-23,691.42,36.74
2018-07-24,693.4,36.85
2018-07-25,677.38,35.96
2018-07-26,666.4,35.35
2018-07-27,659.02,34.94
2018-07-30,647.5,34.3
2018-07-31,652.54,34.58
2018-08-01,627.34,33.18
2018-08-02,604.48,31.91
2018-08-03,570.64,30.03
2018-08-06,571.36,30.07
2018-08-07,573.16,30.17
2018-08-08,556.24,29.23
2018-08-09,608.8,32.15
2018-08-10,606.1,32.0
2018-08-13,609.7,32.2
2018-08-14,595.48,31.41
2018-08-15,577.12,30.39
2018-08-16,588.46,31.02
2018-08-17,581.62,30.64
2018-08-20,599.08,31.61
2018-08-21,624.1,33.0
2018-08-22,610.24,32.23
2018-08-23,612.4,32.35
2018-08-24,598.9,31.6
2018-08-27,619.6,32.75
2018-08-28,608.8,32.15
2018-08-29,612.58,32.36
2018-08-30,596.2,31.45
2018-08-31,596.2,31.45
2018-09-03,591.7,31.2
2018-09-04,604.84,31.93
2018-09-05,611.14,32.28
2018-09-06,593.5,31.3
2018-09-07,573.7,30.2
2018-09-10,556.78,29.26
2018-09-11,557.68,29.31
2018-09-12,510.52,26.69
2018-09-13,524.2,27.45
2018-09-14,529.78,27.76
2018-09-17,528.52,27.69
2018-09-18,526.54,27.58
2018-09-19,531.76,27.87
2018-09-20,525.64,27.53
2018-09-21,550.84,28.93
2018-09-25,544.9,28.6
2018-09-26,552.1,29.0
2018-09-27,547.78,28.76
2018-09-28,547.42,28.74
2018-10-08,495.76,25.87
2018-10-09,479.02,24.94
2018-10-10,479.92,24.99
2018-10-11,458.68,23.81
2018-10-12,473.62,24.64
2018-10-15,472.18,24.56
2018-10-16,466.96,24.27
2018-10-17,476.5,24.8
2018-10-18,465.7,24.2
2018-10-19,462.1,24.0
2018-10-22,482.98,25.16
2018-10-23,456.34,23.68
2018-10-24,460.66,23.92
2018-10-25,457.6,23.75
2018-10-26,468.58,24.36
2018-10-29,461.92,23.99
2018-10-30,454.9,23.6
2018-10-31,465.7,24.2
2018-11-01,488.38,25.46
2018-11-02,534.28,28.01
2018-11-05,538.24,28.23
2018-11-06,526.9,27.6
2018-11-07,518.62,27.14
2018-11-08,515.02,26.94
2018-11-09,504.4,26.35
2018-11-12,530.14,27.78
2018-11-13,537.7,28.2
2018-11-14,525.1,27.5
2018-11-15,531.58,27.86
2018-11-16,548.5,28.8
2018-11-19,556.96,29.27
2018-11-20,511.06,26.72
2018-11-21,507.46,26.52
2018-11-22,512.14,26.78
2018-11-23,504.58,26.36
2018-11-26,506.02,26.44
2018-11-27,493.06,25.72
2018-11-28,511.06,26.72
2018-11-29,503.86,26.32
2018-11-30,519.16,27.17
2018-12-03,556.6,29.25
2018-12-04,548.68,28.81
2018-12-05,542.2,28.45
2018-12-06,518.8,27.15
2018-12-07,521.68,27.31
2018-12-10,512.14,26.78
2018-12-11,513.76,26.87
2018-12-12,523.84,27.43
2018-12-13,537.7,28.2
2018-12-14,533.56,27.97
2018-12-17,529.42,27.74
2018-12-18,520.06,27.22
2018-12-19,518.8,27.15
2018-12-20,514.84,26.93
2018-12-21,499.0,26.05
2018-12-24,501.52,26.19
2018-12-25,500.26,26.12
2018-12-26,496.48,25.91
2018-12-27,494.5,25.8
2018-12-28,493.78,25.76
2019-01-02,491.8,25.65
2019-01-03,485.86,25.32
2019-01-04,496.48,25.91
2019-01-07,518.98,27.16
2019-01-08,519.7,27.2
2019-01-09,536.44,28.13
2019-01-10,540.04,28.33
2019-01-11,542.2,28.45
2019-01-14,534.46,28.02
2019-01-15,559.84,29.43
2019-01-16,555.34,29.18
2019-01-17,553.36,29.07
2019-01-18,560.38,29.46
2019-01-21,557.5,29.3
2019-01-22,544.9,28.6
2019-01-23,540.58,28.36
2019-01-24,549.58,28.86
2019-01-25,557.5,29.3
2019-01-28,561.28,29.51
2019-01-29,553.36,29.07
2019-01-30,544.18,28.56
2019-01-31,570.64,30.03
2019-02-01,597.64,31.53
2019-02-11,614.02,32.44
2019-02-12,611.32,32.29
2019-02-13,621.76,32.87
2019-02-14,623.2,32.95
2019-02-15,604.84,31.93
2019-02-18,631.84,33.43
2019-02-19,636.7,33.7
2019-02-20,641.56,33.97
2019-02-21,642.1,34.0
2019-02-22,661.9,35.1
2019-02-25,686.02,36.44
2019-02-26,666.58,35.36
2019-02-27,643.9,34.1
2019-02-28,651.1,34.5
2019-03-01,654.52,34.69
2019-03-04,677.2,35.95
2019-03-05,674.14,35.78
2019-03-06,686.02,36.44
2019-03-07,662.8,35.15
2019-03-08,649.3,34.4
2019-03-11,669.1,35.5
2019-03-12,680.08,36.11
2019-03-13,654.7,34.7
2019-03-14,653.44,34.63
2019-03-15,675.4,35.85
2019-03-18,687.28,36.51
2019-03-19,681.34,36.18
2019-03-20,665.14,35.28
2019-03-21,662.62,35.14
2019-03-22,652.9,34.6
2019-03-25,640.3,33.9
2019-03-26,640.66,33.92
2019-03-27,650.56,34.47
2019-03-28,640.3,33.9
2019-03-29,661.36,35.07
2019-04-01,693.4,36.85
2019-04-02,688.72,36.59
2019-04-03,686.38,36.46
2019-04-04,673.96,35.77
2019-04-08,669.46,35.52
2019-04-09,666.22,35.34
2019-04-10,661.0,35.05
2019-04-11,644.98,34.16
2019-04-12,651.1,34.5
2019-04-15,642.46,34.02
2019-04-16,652.9,34.6
2019-04-17,652.72,34.59
2019-04-18,646.78,34.26
2019-04-19,658.3,34.9
2019-04-22,644.8,34.15
2019-04-23,626.44,33.13
2019-04-24,617.26,32.62
2019-04-25,612.22,32.34
2019-04-26,602.5,31.8
2019-04-29,606.64,32.03
2019-04-30,618.34,32.68
2019-05-06,573.88,30.21
2019-05-07,581.26,30.62
2019-05-08,567.76,29.87
2019-05-09,552.64,29.03
2019-05-10,566.5,29.8
2019-05-13,521.14,27.28
2019-05-14,534.46,28.02
2019-05-15,548.14,28.78
2019-05-16,545.44,28.63
2019-05-17,534.46,28.02
2019-05-20,515.92,26.99
2019-05-21,526.9,27.6
2019-05-22,499.36,26.07
2019-05-23,472.18,24.56
2019-05-24,484.96,24.67
2019-05-27,493.6,25.15
2019-05-28,497.74,25.38
2019-05-29,491.26,25.02
2019-05-30,494.32,25.19
2019-05-31,488.02,24.84
2019-06-03,496.3,25.3
2019-06-04,485.14,24.68
2019-06-05,480.46,24.42
2019-06-06,467.5,23.7
2019-06-10,490.18,24.96
2019-06-11,509.8,26.05
2019-06-12,502.06,25.62
2019-06-13,503.32,25.69
2019-06-14,498.1,25.4
2019-06-17,484.96,24.67
2019-06-18,490.36,24.97
2019-06-19,515.2,26.35
2019-06-20,529.42,27.14
2019-06-21,534.1,27.4
2019-06-24,524.02,26.84
2019-06-25,512.5,26.2
2019-06-26,516.64,26.43
2019-06-27,537.34,27.58
2019-06-28,537.34,27.58
2019-07-01,578.02,29.84
2019-07-02,568.48,29.31
2019-07-03,551.56,28.37
2019-07-04,546.52,28.09
2019-07-05,547.6,28.15
2019-07-08,531.94,27.28
2019-07-09,520.96,26.67
2019-07-10,525.46,26.92
2019-07-11,527.08,27.01
2019-07-12,526.36,26.97
2019-07-15,529.6,27.15
2019-07-16,522.76,26.77
2019-07-17,525.1,26.9
2019-07-18,511.96,26.17
2019-07-19,517.54,26.48
2019-07-22,554.8,28.55
2019-07-23,563.98,29.06
2019-07-24,560.92,28.89
2019-07-25,585.4,30.25
2019-07-26,595.3,30.8
2019-07-29,596.38,30.86
2019-07-30,588.46,30.42
2019-07-31,596.56,30.87
2019-08-01,593.68,30.71
2019-08-02,574.06,29.62
2019-08-05,557.68,28.71
2019-08-06,557.5,28.7
2019-08-07,558.04,28.73
2019-08-08,561.1,28.9
2019-08-09,546.52,28.09
2019-08-12,577.12,29.79
2019-08-13,562.18,28.96
2019-08-14,566.5,29.2
2019-08-15,577.84,29.83
2019-08-16,581.08,30.01
2019-08-19,603.94,31.28
2019-08-20,601.78,31.16
2019-08-21,609.7,31.6
2019-08-22,613.3,31.8
2019-08-23,611.14,31.68
2019-08-26,592.6,30.65
2019-08-27,604.84,31.33
2019-08-28,599.8,31.05
2019-08-29,590.26,30.52
2019-08-30,597.46,30.92
2019-09-02,607.9,31.5
2019-09-03,640.12,33.29
2019-09-04,636.16,33.07
2019-09-05,635.98,33.06
2019-09-06,650.92,33.89
2019-09-09,665.68,34.71
2019-09-10,669.28,34.91
2019-09-11,652.9,34.0
2019-09-12,661.9,34.5
2019-09-16,661.9,34.5
2019-09-17,645.7,33.6
2019-09-18,648.58,33.76
2019-09-19,661.0,34.45
2019-09-20,660.28,34.41
2019-09-23,653.62,34.04
2019-09-24,654.52,34.09
2019-09-25,635.98,33.06
2019-09-26,638.5,33.2
2019-09-27,638.32,33.19
2019-09-30,622.3,32.3
2019-10-10,597.1,30.9
2019-10-11,593.14,30.68
2019-10-14,598.36,30.97
2019-10-15,586.48,30.31
2019-10-16,592.96,30.67
2019-10-17,597.64,30.93
2019-10-18,588.82,30.44
2019-10-21,609.88,31.61
2019-10-22,611.5,31.7
2019-10-23,611.14,31.68
2019-10-24,613.84,31.83
2019-10-25,621.58,32.26
2019-10-28,631.3,32.8
2019-10-29,626.62,32.54
2019-10-30,626.44,32.53
2019-10-31,623.2,32.35
2019-11-01,633.1,32.9
2019-11-04,632.2,32.85
2019-11-05,640.3,33.3
2019-11-06,645.16,33.57
2019-11-07,647.14,33.68
2019-11-08,660.1,34.4
2019-11-11,656.5,34.2
2019-11-12,653.44,34.03
2019-11-13,656.68,34.21
2019-11-14,641.56,33.37
2019-11-15,631.3,32.8
2019-11-18,636.7,33.1
2019-11-19,652.72,33.99
2019-11-20,647.32,33.69
2019-11-21,643.18,33.46
2019-11-22,616.72,31.99
2019-11-25,611.68,31.71
2019-11-26,616.9,32.0
2019-11-27,613.12,31.79
2019-11-28,612.4,31.75
2019-11-29,606.28,31.41
2019-12-02,600.34,31.08
2019-12-03,599.44,31.03
2019-12-04,590.26,30.52
2019-12-05,601.24,31.13
2019-12-06,603.94,31.28
2019-12-09,593.32,30.69
2019-12-10,591.52,30.59
2019-12-11,605.2,31.35
2019-12-12,601.24,31.13
2019-12-13,615.1,31.9
2019-12-16,619.24,32.13
2019-12-17,630.76,32.77
2019-12-18,636.7,33.1
2019-12-19,627.16,32.57
2019-12-20,620.68,32.21
2019-12-23,606.28,31.41
2019-12-24,613.3,31.8
2019-12-25,620.68,32.21
2019-12-26,623.38,32.36
2019-12-27,616.9,32.0
2019-12-30,627.34,32.58
2019-12-31,630.22,32.74
2020-01-02,651.28,33.91
2020-01-03,655.96,34.17
2020-01-06,660.28,34.41
2020-01-07,660.1,34.4
2020-01-08,654.34,34.08
2020-01-09,664.6,34.65
2020-01-10,659.38,34.36
2020-01-13,675.04,35.23
2020-01-14,677.38,35.36
2020-01-15,701.5,36.7
2020-01-16,703.3,36.8
2020-01-17,682.96,35.67
2020-01-20,691.06,36.12
2020-01-21,670.72,34.99
2020-01-22,699.88,36.61
2020-01-23,688.9,36.0
2020-02-03,625.36,32.47
2020-02-04,656.14,34.18
2020-02-05,672.7,35.1
2020-02-06,679.9,35.5
2020-02-07,674.5,35.2
2020-02-10,671.44,35.03
2020-02-11,680.98,35.56
2020-02-12,688.9,36.0
2020-02-13,688.18,35.96
2020-02-14,684.22,35.74
2020-02-17,709.6,37.15
2020-02-18,703.84,36.83
2020-02-19,727.96,38.17
2020-02-20,739.12,38.79
2020-02-21,750.1,39.4
2020-02-24,743.8,39.05
2020-02-25,731.2,38.35
2020-02-26,705.1,36.9
2020-02-27,703.3,36.8
2020-02-28,670.9,35.0
2020-03-02,681.7,35.6
2020-03-03,686.2,35.85
2020-03-04,680.44,35.53
2020-03-05,692.14,36.18
2020-03-06,674.86,35.22
2020-03-09,643.54,33.48
2020-03-10,660.1,34.4
2020-03-11,650.38,33.86
2020-03-12,632.74,32.88
2020-03-13,617.62,32.04
2020-03-16,582.7,30.1
2020-03-17,563.26,29.02
2020-03-18,562.9,29.0
2020-03-19,563.44,29.03
2020-03-20,564.34,29.08
2020-03-23,530.14,27.18
2020-03-24,542.02,27.84
2020-03-25,560.2,28.85
2020-03-26,550.66,28.32
2020-03-27,552.1,28.4
2020-03-30,535.54,27.48
2020-03-31,543.1,27.9
2020-04-01,562.54,28.98
2020-04-02,589.0,30.45
2020-04-03,594.94,30.78
2020-04-07,601.24,31.13
2020-04-08,591.52,30.59
2020-04-09,582.52,30.09
2020-04-10,570.1,29.4
2020-04-13,565.78,29.16
2020-04-14,584.86,30.22
2020-04-15,581.44,30.03
2020-04-16,582.7,30.1
2020-04-17,585.22,30.24
2020-04-20,596.56,30.87
2020-04-21,580.72,29.99
2020-04-22,580.54,29.98
2020-04-23,579.1,29.9
2020-04-24,576.04,29.73
2020-04-27,600.34,31.08
2020-04-28,598.9,31.0
2020-04-29,601.96,31.17
2020-04-30,617.98,32.06
2020-05-06,620.5,32.2
2020-05-07,609.34,31.58
2020-05-08,614.02,31.84
2020-05-11,617.26,32.02
2020-05-12,619.78,32.16
2020-05-13,617.8,32.05
2020-05-14,602.68,31.21
2020-05-15,596.74,30.88
2020-05-18,579.1,29.9
2020-05-19,587.2,30.35
2020-05-20,581.44,30.03
2020-05-21,573.88,29.61
2020-05-22,580.18,29.96
2020-05-25,544.54,27.98
2020-05-26,551.74,28.38
2020-05-27,550.66,28.32
2020-05-28,552.28,28.41
2020-05-29,547.96,27.47
2020-06-01,570.1,28.7
2020-06-02,568.66,28.62
2020-06-03,567.58,28.56
2020-06-04,569.02,28.64
2020-06-05,571.36,28.77
2020-06-08,582.16,29.37
2020-06-09,580.0,29.25
2020-06-10,580.54,29.28
2020-06-11,570.64,28.73
2020-06-12,572.26,28.82
2020-06-15,563.08,28.31
2020-06-16,568.3,28.6
2020-06-17,584.5,29.5
2020-06-18,593.5,30.0
2020-06-19,596.74,30.18
2020-06-22,589.54,29.78
2020-06-23,593.68,30.01
2020-06-24,598.36,30.27
2020-06-29,583.06,29.42
2020-06-30,599.8,30.35
2020-07-01,631.66,32.12
2020-07-02,648.94,33.08
2020-07-03,654.34,33.38
2020-07-06,689.98,35.36
2020-07-07,690.7,35.4
2020-07-08,691.6,35.45
2020-07-09,743.98,38.36
2020-07-10,718.78,36.96
2020-07-13,730.84,37.63
2020-07-14,711.4,36.55
2020-07-15,702.04,36.03
2020-07-16,679.72,34.79
2020-07-17,685.48,35.11
2020-07-20,684.04,35.03
2020-07-21,677.92,34.69
2020-07-22,702.76,36.07
2020-07-23,690.7,35.4
2020-07-24,658.84,33.63
2020-07-27,719.32,36.99
2020-07-28,714.46,36.72
2020-07-29,733.9,37.8
2020-07-30,724.72,37.29
2020-07-31,719.32,36.99
2020-08-03,747.04,38.53
2020-08-04,754.24,38.93
2020-08-05,755.68,39.01
2020-08-06,744.16,38.37
2020-08-07,750.46,38.72
2020-08-10,736.78,37.96
2020-08-11,761.8,39.35
2020-08-12,773.5,40.0
2020-08-13,767.02,39.64
2020-08-14,770.62,39.84
2020-08-17,774.22,40.04
2020-08-18,756.76,39.07
2020-08-19,740.02,38.14
2020-08-20,734.08,37.81
2020-08-21,731.2,37.65
2020-08-24,748.3,38.6
2020-08-25,744.34,38.38
2020-08-26,731.92,37.69
2020-08-27,719.32,36.99
2020-08-28,736.78,37.96
2020-08-31,727.06,37.42
2020-09-01,734.26,37.82
2020-09-02,745.06,38.42
2020-09-03,745.06,38.42
2020-09-04,734.8,37.85
2020-09-07,708.52,36.39
2020-09-08,706.9,36.3
2020-09-09,703.3,36.1
2020-09-10,699.7,35.9
2020-09-11,704.74,36.18
2020-09-14,710.5,36.5
2020-09-15,731.02,37.64
2020-09-16,727.96,37.47
2020-09-17,707.8,36.35
2020-09-18,713.02,36.64
2020-09-21,706.18,36.26
2020-09-22,702.4,36.05
2020-09-23,712.3,36.6
2020-09-24,715.72,36.79
2020-09-25,702.76,36.07
2020-09-28,709.24,36.43
2020-09-29,723.28,37.21
2020-09-30,739.48,38.11
2020-10-09,740.2,38.15
2020-10-12,748.66,38.62
2020-10-13,756.76,39.07
2020-10-14,755.5,39.0
2020-10-15,762.7,39.4
2020-10-16,746.14,38.48
2020-10-19,760.36,39.27
2020-10-20,760.54,39.28
2020-10-21,760.18,39.26
2020-10-22,758.02,39.14
2020-10-23,758.2,39.15
2020-10-26,823.72,42.79
2020-10-27,849.1,44.2
2020-10-28,849.28,44.21
2020-10-29,861.52,44.89
2020-10-30,861.7,44.9
2020-11-02,874.66,45.62
2020-11-03,874.66,45.62
2020-11-04,891.94,46.58
2020-11-05,919.66,48.12
2020-11-06,937.48,49.11
2020-11-09,924.7,48.4
2020-11-10,931.36,48.77
2020-11-11,905.08,47.31
2020-11-12,917.5,48.0
2020-11-13,904.9,47.3
2020-11-16,921.1,48.2
2020-11-17,894.82,46.74
2020-11-18,878.8,45.85
2020-11-19,919.3,48.1
2020-11-20,910.84,47.63
2020-11-23,895.18,46.76
2020-11-24,883.84,46.13
2020-11-25,874.48,45.61
2020-11-26,882.04,46.03
2020-11-27,899.5,47.0
2020-11-30,875.56,45.67
2020-12-01,872.14,45.48
2020-12-02,860.44,44.83
2020-12-03,872.5,45.5
2020-12-04,879.16,45.87
2020-12-07,859.9,44.8
2020-12-08,850.54,44.28
2020-12-09,840.28,43.71
2020-12-10,863.5,45.0
2020-12-11,853.96,44.47
2020-12-14,878.8,45.85
2020-12-15,894.28,46.71
2020-12-16,881.5,46.0
2020-12-17,861.16,44.87
2020-12-18,879.34,45.88
2020-12-21,866.92,45.19
2020-12-22,860.26,44.82
2020-12-23,877.18,45.76
2020-12-24,901.66,47.12
2020-12-25,904.0,47.25
2020-12-28,899.5,47.0
2020-12-29,892.48,46.61
2020-12-30,898.6,46.95
2020-12-31,926.68,48.51
2021-01-04,949.9,49.8
2021-01-05,1039.54,54.78
2021-01-06,1051.06,55.42
2021-01-07,1102.72,58.29
2021-01-08,1085.62,57.34
2021-01-11,1115.5,59.0
2021-01-12,1156.0,61.25
2021-01-13,1131.88,59.91
2021-01-14,1083.82,57.24
2021-01-15,1113.7,58.9
2021-01-18,1129.54,59.78
2021-01-19,1144.12,60.59
2021-01-20,1140.7,60.4
2021-01-21,1191.1,63.2
2021-01-22,1254.82,66.74
2021-01-25,1271.2,67.65
2021-01-26,1225.3,65.1
2021-01-27,1296.94,69.08
2021-01-28,1204.6,63.95
2021-01-29,1187.5,63.0
2021-02-01,1199.38,63.66
2021-02-02,1214.14,64.48
2021-02-03,1131.7,59.9
2021-02-04,1147.54,60.78
2021-02-05,1127.02,59.64
2021-02-08,1131.34,59.88
2021-02-09,1178.5,62.5
2021-02-10,1241.5,66.0
2021-02-18,1157.08,61.31
2021-02-19,1163.74,61.68
2021-02-22,1109.02,58.64
2021-02-23,1103.98,58.36
2021-02-24,1062.58,56.06
2021-02-25,1079.14,56.98
2021-02-26,1053.58,55.56
2021-03-01,1101.64,58.23
2021-03-02,1122.88,59.41
2021-03-03,1127.74,59.68
2021-03-04,1096.6,57.95
2021-03-05,1101.1,58.2
2021-03-08,1063.3,56.1
2021-03-09,1016.14,53.48
2021-03-10,1031.62,54.34
2021-03-11,1072.66,56.62
2021-03-12,1057.9,55.8
2021-03-15,1025.32,53.99
2021-03-16,1012.9,53.3
2021-03-17,1016.5,53.5
2021-03-18,1033.78,54.46
2021-03-19,1016.5,53.5
2021-03-22,1007.86,53.02
2021-03-23,994.9,52.3
2021-03-24,975.64,51.23
2021-03-25,960.52,50.39
2021-03-26,1014.7,53.4
2021-03-29,1017.4,53.55
2021-03-30,1048.36,55.27
2021-03-31,1059.7,55.9
2021-04-01,1067.08,56.31
2021-04-02,1070.5,56.5
2021-04-06,1067.8,56.35
2021-04-07,1058.08,55.81
2021-04-08,1088.68,57.51
2021-04-09,1052.68,55.51
2021-04-12,1019.38,53.66
2021-04-13,1025.5,54.0
2021-04-14,1037.56,54.67
2021-04-15,1067.98,56.36
2021-04-16,1080.04,57.03
2021-04-19,1155.28,61.21
2021-04-20,1176.7,62.4
2021-04-21,1169.5,62.0
2021-04-22,1185.34,62.88
2021-04-23,1191.64,63.23
2021-04-26,1205.5,64.0
2021-04-27,1178.86,62.52
2021-04-28,1203.34,63.88
2021-04-29,1198.3,63.6
2021-04-30,1183.54,62.78
2021-05-06,1167.7,61.9
2021-05-07,1121.26,59.32
2021-05-10,1144.3,60.6
2021-05-11,1143.4,60.55
2021-05-12,1160.5,61.5
2021-05-13,1135.12,60.09
2021-05-14,1145.92,60.69
2021-05-17,1179.4,62.55
2021-05-18,1176.7,62.4
2021-05-19,1164.1,61.7
2021-05-20,1183.36,62.77
2021-05-21,1205.5,64.0
2021-05-24,1223.5,65.0
2021-05-25,1229.08,65.31
2021-05-26,1226.74,65.18
2021-05-27,1211.98,64.36
2021-05-28,1219.9,64.0
2021-05-31,1230.34,64.58
2021-06-01,1210.54,63.48
2021-06-02,1177.06,61.62
2021-06-03,1155.1,60.4
2021-06-04,1168.06,61.12
2021-06-07,1154.92,60.39
2021-06-08,1141.78,59.66
2021-06-09,1147.72,59.99
2021-06-10,1177.06,61.62
2021-06-11,1183.9,62.0
2021-06-15,1160.86,60.72
2021-06-16,1124.14,58.68
2021-06-17,1132.42,59.14
2021-06-18,1147.0,59.95
2021-06-21,1142.86,59.72
2021-06-22,1146.82,59.94
2021-06-23,1146.1,59.9
2021-06-24,1209.1,63.4
2021-06-25,1211.08,63.51
2021-06-28,1204.42,63.14
2021-06-29,1192.36,62.47
2021-06-30,1228.9,64.5
2021-07-01,1240.42,65.14
2021-07-02,1187.86,62.22
2021-07-05,1168.96,61.17
2021-07-06,1159.06,60.62
2021-07-07,1179.76,61.77
2021-07-08,1166.98,61.06
2021-07-09,1154.38,60.36
2021-07-12,1194.7,62.6
2021-07-13,1195.24,62.63
2021-07-14,1187.32,62.19
2021-07-15,1208.02,63.34
2021-07-16,1201.9,63.0
2021-07-19,1208.74,63.38
2021-07-20,1218.64,63.93
2021-07-21,1282.54,67.48
2021-07-22,1283.44,67.53
2021-07-23,1281.1,67.4
2021-07-26,1239.7,65.1
2021-07-27,1160.68,60.71
2021-07-28,1165.9,61.0
2021-07-29,1199.92,62.89
2021-07-30,1165.9,61.0
2021-08-02,1170.04,61.23
2021-08-03,1155.82,60.44
2021-08-04,1177.06,61.62
2021-08-05,1155.82,60.44
2021-08-06,1132.24,59.13
2021-08-09,1139.26,59.52
2021-08-10,1144.3,59.8
2021-08-11,1147.54,59.98
2021-08-12,1122.7,58.6
2021-08-13,1087.6,56.65
2021-08-16,1089.04,56.73
2021-08-17,1056.28,54.91
2021-08-18,1057.72,54.99
2021-08-19,1056.28,54.91
2021-08-20,1032.16,53.57
2021-08-23,1058.26,55.02
2021-08-24,1057.9,55.0
2021-08-25,1070.68,55.71
2021-08-26,1040.26,54.02
2021-08-27,1016.5,52.7
2021-08-30,998.5,51.7
2021-08-31,993.1,51.4
2021-09-01,1025.68,53.21
2021-09-02,993.28,51.41
2021-09-03,993.1,51.4
2021-09-06,1029.64,53.43
2021-09-07,1020.46,52.92
2021-09-08,1021.0,52.95
2021-09-09,1003.18,51.96
2021-09-10,1034.86,53.72
2021-09-13,1064.92,55.39
2021-09-14,1046.38,54.36
2021-09-15,1051.78,54.66
2021-09-16,1043.86,54.22
2021-09-17,1059.52,55.09
2021-09-22,1023.7,53.1
2021-09-23,1000.3,51.8
2021-09-24,1012.54,52.48
2021-09-27,1039.36,53.97
2021-09-28,1050.7,54.6
2021-09-29,1057.9,55.0
2021-09-30,1057.9,55.0
2021-10-08,1084.54,56.48
2021-10-11,1096.6,57.15
2021-10-12,1081.84,56.33
2021-10-13,1074.46,55.92
2021-10-14,1081.12,56.29
2021-10-15,1074.1,55.9
2021-10-18,1050.88,54.61
2021-10-19,1065.82,55.44
2021-10-20,1048.36,54.47
2021-10-21,1062.4,55.25
2021-10-22,1065.82,55.44
2021-10-25,1044.04,54.23
2021-10-26,1032.7,53.6
2021-10-27,1018.3,52.8
2021-10-28,1005.16,52.07
2021-10-29,1008.58,52.26
2021-11-01,1022.26,53.02
2021-11-02,992.56,51.37
2021-11-03,985.0,50.95
2021-11-04,980.86,50.72
2021-11-05,994.54,51.48
2021-11-08,986.8,51.05
2021-11-09,1007.5,52.2
2021-11-10,1004.8,52.05
2021-11-11,1009.3,52.3
2021-11-12,1015.06,52.62
2021-11-15,1011.1,52.4
2021-11-16,997.6,51.65
2021-11-17,988.6,51.15
2021-11-18,971.14,50.18
2021-11-19,976.72,50.49
2021-11-22,977.44,50.53
2021-11-23,940.9,48.5
2021-11-24,961.6,49.65
2021-11-25,945.04,48.73
2021-11-26,928.3,47.8
2021-11-29,924.16,47.57
2021-11-30,943.42,48.64
2021-12-01,935.86,48.22
2021-12-02,921.64,47.43
2021-12-03,939.1,48.4
2021-12-06,955.12,49.29
2021-12-07,973.3,50.3
2021-12-08,998.14,51.68
2021-12-09,1044.76,54.27
2021-12-10,1030.9,53.5
2021-12-13,1029.64,53.43
2021-12-14,1039.54,53.98
2021-12-15,1003.9,52.0
2021-12-16,1008.04,52.23
2021-12-17,1006.6,52.15
2021-12-20,992.56,51.37
2021-12-21,996.52,51.59
2021-12-22,984.28,50.91
2021-12-23,980.32,50.69
2021-12-24,977.8,50.55
2021-12-27,979.42,50.64
2021-12-28,1012.72,52.49
2021-12-29,1003.36,51.97
2021-12-30,992.92,51.39
2021-12-31,1009.66,52.32
2022-01-04,1011.28,52.41
2022-01-05,991.84,51.33
2022-01-06,967.36,49.97
2022-01-07,965.56,49.87
2022-01-10,972.94,50.28
2022-01-11,962.5,49.7
2022-01-12,954.4,49.25
2022-01-13,934.06,48.12
2022-01-14,937.3,48.3
2022-01-17,949.9,49.0
2022-01-18,981.04,50.73
2022-01-19,970.78,50.16
2022-01-20,963.4,49.75
2022-01-21,958.72,49.49
2022-01-24,949.72,48.99
2022-01-25,936.4,48.25
2022-01-26,954.04,49.23
2022-01-27,936.04,48.23
2022-01-28,922.18,47.46
2022-02-07,894.28,45.91
2022-02-08,900.22,46.24
2022-02-09,913.54,46.98
2022-02-10,913.72,46.99
2022-02-11,895.9,46.0
2022-02-14,892.3,45.8
2022-02-15,899.68,46.21
2022-02-16,895.72,45.99
2022-02-17,897.52,46.09
2022-02-18,904.9,46.5
2022-02-21,925.96,47.67
2022-02-22,910.84,46.83
2022-02-23,948.1,48.9
2022-02-24,931.72,47.99
2022-02-25,936.4,48.25
2022-02-28,935.5,48.2
2022-03-01,923.26,47.52
2022-03-02,917.5,47.2
2022-03-03,910.48,46.81
2022-03-04,891.76,45.77
2022-03-07,858.1,43.9
2022-03-08,852.7,43.6
2022-03-09,842.08,43.01
2022-03-10,859.9,44.0
2022-03-11,882.94,45.28
2022-03-14,841.54,42.98
2022-03-15,810.22,41.24
2022-03-16,823.0,41.95
2022-03-17,857.74,43.88
2022-03-18,848.56,43.37
2022-03-21,831.1,42.4
2022-03-22,831.46,42.42
2022-03-23,844.6,43.15
2022-03-24,823.36,41.97
2022-03-25,806.98,41.06
2022-03-28,787.9,40.0
2022-03-29,787.9,40.0
2022-03-30,809.5,41.2
2022-03-31,805.9,41.0
2022-04-01,809.68,41.21
2022-04-06,804.82,40.94
2022-04-07,791.5,40.2
2022-04-08,777.1,39.4
2022-04-11,740.38,37.36
2022-04-12,757.3,38.3
2022-04-13,763.96,38.67
2022-04-14,780.34,39.58
2022-04-15,786.64,39.93
2022-04-18,819.22,41.74
2022-04-19,815.26,41.52
2022-04-20,815.8,41.55
2022-04-21,802.48,40.81
2022-04-22,802.3,40.8
2022-04-25,778.9,39.5
2022-04-26,779.08,39.51
2022-04-27,814.9,41.5
2022-04-28,803.56,40.87
2022-04-29,832.72,42.49
2022-05-05,756.22,38.24
2022-05-06,694.3,34.8
2022-05-09,695.74,34.88
2022-05-10,688.0,34.45
2022-05-11,705.64,35.43
2022-05-12,682.78,34.16
2022-05-13,645.34,32.08
2022-05-16,655.78,32.66
2022-05-17,647.32,32.19
2022-05-18,667.3,33.3
2022-05-19,663.34,33.08
2022-05-20,669.1,33.4
2022-05-23,671.26,33.52
2022-05-24,646.78,32.16
2022-05-25,651.28,32.41
2022-05-26,659.92,31.99
2022-05-27,669.64,32.53
2022-05-30,677.92,32.99
2022-05-31,685.3,33.4
2022-06-01,686.2,33.45
2022-06-02,677.92,32.99
2022-06-06,711.58,34.86
2022-06-07,712.12,34.89
2022-06-08,726.52,35.69
2022-06-09,707.26,34.62
2022-06-10,708.88,34.71
2022-06-13,700.42,34.24
2022-06-14,700.6,34.25
2022-06-15,724.72,35.59
2022-06-16,715.72,35.09
2022-06-17,706.0,34.55
2022-06-20,718.06,35.22
2022-06-21,737.14,36.28
2022-06-22,715.18,35.06
2022-06-23,719.86,35.32
2022-06-24,726.52,35.69
2022-06-27,729.94,35.88
2022-06-28,743.44,36.63
2022-06-29,735.7,36.2
2022-06-30,735.7,36.2
2022-07-01,728.5,35.8
2022-07-04,724.72,35.59
2022-07-05,737.32,36.29
2022-07-06,713.2,34.95
2022-07-07,695.56,33.97
2022-07-08,698.26,34.12
2022-07-11,676.48,32.91
2022-07-12,669.1,32.5
2022-07-13,674.68,32.81
2022-07-14,673.42,32.74
2022-07-15,654.52,31.69
2022-07-18,658.48,31.91
2022-07-19,657.76,31.87
2022-07-20,658.48,31.91
2022-07-21,653.08,31.61
2022-07-22,649.84,31.43
2022-07-25,665.86,32.32
2022-07-26,665.68,32.31
2022-07-27,672.34,32.68
2022-07-28,673.24,32.73
2022-07-29,659.02,31.94
2022-08-01,656.32,31.79
2022-08-02,633.28,30.51
2022-08-03,639.76,30.87
2022-08-04,646.24,31.23
2022-08-05,669.1,32.5
2022-08-08,669.64,32.53
2022-08-09,671.98,32.66
2022-08-10,674.32,32.79
2022-08-11,684.04,33.33
2022-08-12,685.48,33.41
2022-08-15,656.5,31.8
2022-08-16,649.66,31.42
2022-08-17,653.8,31.65
2022-08-18,647.5,31.3
2022-08-19,641.56,30.97
2022-08-22,641.92,30.99
2022-08-23,638.86,30.82
2022-08-24,628.24,30.23
2022-08-25,614.02,29.44
2022-08-26,622.84,29.93
2022-08-29,623.2,29.95
2022-08-30,620.86,29.82
2022-08-31,621.76,29.87
2022-09-01,618.7,29.7
2022-09-02,615.1,29.5
2022-09-05,595.12,28.39
2022-09-06,603.76,28.87
2022-09-07,598.0,28.55
2022-09-08,599.8,28.65
2022-09-09,605.74,28.98
2022-09-13,617.26,29.62
2022-09-14,610.6,29.25
2022-09-15,605.92,28.99
2022-09-16,620.5,29.8
2022-09-19,617.8,29.65
2022-09-20,628.24,30.23
2022-09-21,628.42,30.24
2022-09-22,616.72,29.59
2022-09-23,607.0,29.05
2022-09-26,603.94,28.88
2022-09-27,614.2,29.45
2022-09-28,625.9,30.1
2022-09-29,631.48,30.41
2022-09-30,631.66,30.42
2022-10-10,607.9,29.1
2022-10-11,611.5,29.3
2022-10-12,612.76,29.37
2022-10-13,615.1,29.5
2022-10-14,629.14,30.28
2022-10-17,647.32,31.29
2022-10-18,643.0,31.05
2022-10-19,626.98,30.16
2022-10-20,632.2,30.45
2022-10-21,627.34,30.18
2022-10-24,616.9,29.6
2022-10-25,606.46,29.02
2022-10-26,612.58,29.36
2022-10-27,621.76,29.87
2022-10-28,595.3,28.4
2022-10-31,595.66,28.42
2022-11-01,603.4,28.85
2022-11-02,611.5,29.3
2022-11-03,611.68,29.31
2022-11-04,624.46,30.02
2022-11-07,621.04,29.83
2022-11-08,616.36,29.57
2022-11-09,605.56,28.97
2022-11-10,600.34,28.68
2022-11-11,620.68,29.81
2022-11-14,634.72,30.59
2022-11-15,656.14,31.78
2022-11-16,649.66,31.42
2022-11-17,652.36,31.57
2022-11-18,668.02,32.44
2022-11-21,669.82,32.54
2022-11-22,658.12,31.89
2022-11-23,647.68,31.31
2022-11-24,645.7,31.2
2022-11-25,640.3,30.9
2022-11-28,630.76,30.37
2022-11-29,653.62,31.64
2022-11-30,651.28,31.51
2022-12-01,661.0,32.05
2022-12-02,659.2,31.95
2022-12-05,685.84,33.43
2022-12-06,698.26,34.12
2022-12-07,692.5,33.8
2022-12-08,690.7,33.7
2022-12-09,705.82,34.54
2022-12-12,703.12,34.39
2022-12-13,707.26,34.62
2022-12-14,713.92,34.99
2022-12-15,712.48,34.91
2022-12-16,702.22,34.34
2022-12-19,699.7,34.2
2022-12-20,686.2,33.45
2022-12-21,689.98,33.66
2022-12-22,696.1,34.0
2022-12-23,707.44,34.63
2022-12-26,712.66,34.92
2022-12-27,705.28,34.51
2022-12-28,696.1,34.0
2022-12-29,700.6,34.25
2022-12-30,708.34,34.68
2023-01-03,701.32,34.29
2023-01-04,694.66,33.92
2023-01-05,702.4,34.35
2023-01-06,691.6,33.75
2023-01-09,679.36,33.07
2023-01-10,684.22,33.34
2023-01-11,676.12,32.89
2023-01-12,671.98,32.66
2023-01-13,689.62,33.64
2023-01-16,708.16,34.67
2023-01-17,709.6,34.75
2023-01-18,716.98,35.16
2023-01-19,746.32,36.79
2023-01-20,745.24,36.73
2023-01-30,751.0,37.05
2023-01-31,729.4,35.85
2023-02-01,736.6,36.25
2023-02-02,739.12,36.39
2023-02-03,744.7,36.7
2023-02-06,741.46,36.52
2023-02-07,754.78,37.26
2023-02-08,748.3,36.9
2023-02-09,763.24,37.73
2023-02-10,744.7,36.7
2023-02-13,742.9,36.6
2023-02-14,735.34,36.18
2023-02-15,735.34,36.18
2023-02-16,757.12,37.39
2023-02-17,741.28,36.51
2023-02-20,780.7,38.7
2023-02-21,781.78,38.76
2023-02-22,771.16,38.17
2023-02-23,763.42,37.74
2023-02-24,762.34,37.68
2023-02-27,754.06,37.22
2023-02-28,774.94,38.38
2023-03-01,800.68,39.81
2023-03-02,793.3,39.4
2023-03-03,792.76,39.37
2023-03-06,802.3,39.9
2023-03-07,784.66,38.92
2023-03-08,786.1,39.0
2023-03-09,773.86,38.32
2023-03-10,764.68,37.81
2023-03-13,789.88,39.21
2023-03-14,784.3,38.9
2023-03-15,787.54,39.08
2023-03-16,768.28,38.01
2023-03-17,810.4,40.35
2023-03-20,826.78,41.26
2023-03-21,822.1,41.0
2023-03-22,854.5,42.8
2023-03-23,890.5,44.8
2023-03-24,886.9,44.6
2023-03-27,869.08,43.61
2023-03-28,848.2,42.45
2023-03-29,854.5,42.8
2023-03-30,832.9,41.6
2023-03-31,851.98,42.66
2023-04-03,847.84,42.43
2023-04-04,892.48,44.91
2023-04-06,873.58,43.86
2023-04-07,904.54,45.58
2023-04-10,895.0,45.05
2023-04-11,882.94,44.38
2023-04-12,918.76,46.37
2023-04-13,897.7,45.2
2023-04-14,886.18,44.56
2023-04-17,875.2,43.95
2023-04-18,867.82,43.54
2023-04-19,860.98,43.16
2023-04-20,833.26,41.62
2023-04-21,799.06,39.72
2023-04-24,790.6,39.25
2023-04-25,758.2,37.45
2023-04-26,751.9,37.1
2023-04-27,766.3,37.9
2023-04-28,763.6,37.75
2023-05-04,753.7,37.2
2023-05-05,733.18,36.06
2023-05-08,730.66,35.92
2023-05-09,731.2,35.95
2023-05-10,739.3,36.4
2023-05-11,736.96,36.27
2023-05-12,722.2,35.45
2023-05-15,720.58,35.36
2023-05-16,722.2,35.45
2023-05-17,714.1,35.0
2023-05-18,723.64,35.53
2023-05-19,737.86,35.62
2023-05-22,742.54,35.88
2023-05-23,756.94,36.68
2023-05-24,744.7,36.0
2023-05-25,725.8,34.95
2023-05-26,734.62,35.44
2023-05-29,708.7,34.0
2023-05-30,729.58,35.16
2023-05-31,724.18,34.86
2023-06-01,742.9,35.9
2023-06-02,743.08,35.91
2023-06-05,744.7,36.0
2023-06-06,724.9,34.9
2023-06-07,721.66,34.72
2023-06-08,718.6,34.55
2023-06-09,679.18,32.36
2023-06-12,668.2,31.75
2023-06-13,701.14,33.58
2023-06-14,697.36,33.37
2023-06-15,698.62,33.44
2023-06-16,729.22,35.14
2023-06-19,747.4,36.15
2023-06-20,750.82,36.34
2023-06-21,729.58,35.16
2023-06-26,705.82,33.84
2023-06-27,710.5,34.1
2023-06-28,704.02,33.74
2023-06-29,697.36,33.37
2023-06-30,692.68,33.11
2023-07-03,697.9,33.4
2023-07-04,719.32,34.59
2023-07-05,713.56,34.27
2023-07-06,706.54,33.88
2023-07-07,696.1,33.3
2023-07-10,709.6,34.05
2023-07-11,712.3,34.2
2023-07-12,713.92,34.29
2023-07-13,724.54,34.88
2023-07-14,720.4,34.65
2023-07-17,712.48,34.21
2023-07-18,709.96,34.07
2023-07-19,713.92,34.29
2023-07-20,705.46,33.82
2023-07-21,698.26,33.42
2023-07-24,689.8,32.95
2023-07-25,717.52,34.49
2023-07-26,710.68,34.11
2023-07-27,721.12,34.69
2023-07-28,736.06,35.52
2023-07-31,750.46,36.32
2023-08-01,744.7,36.0
2023-08-02,738.58,35.66
2023-08-03,736.24,35.53
2023-08-04,754.6,36.55
2023-08-07,755.14,36.58
2023-08-08,750.64,36.33
2023-08-09,744.34,35.98
2023-08-10,748.3,36.2
2023-08-11,731.38,35.26
2023-08-14,725.98,34.96
2023-08-15,723.46,34.82
2023-08-16,704.02,33.74
2023-08-17,715.9,34.4
2023-08-18,706.9,33.9
2023-08-21,715.36,34.37
2023-08-22,730.12,35.19
2023-08-23,711.94,34.18
2023-08-24,712.12,34.19
2023-08-25,695.74,33.28
2023-08-28,709.42,34.04
2023-08-29,733.18,35.36
2023-08-30,734.8,35.45
2023-08-31,731.74,35.28
2023-09-01,736.6,35.55
2023-09-04,741.28,35.81
2023-09-05,736.24,35.53
2023-09-06,729.76,35.17
2023-09-07,714.1,34.3
2023-09-08,708.34,33.98
2023-09-11,708.7,34.0
2023-09-12,704.56,33.77
2023-09-13,694.84,33.23
2023-09-14,695.02,33.24
2023-09-15,682.6,32.55
2023-09-18,681.52,32.49
2023-09-19,670.0,31.85
2023-09-20,672.88,32.01
2023-09-21,671.26,31.92
2023-09-22,694.3,33.2
2023-09-25,691.6,33.05
2023-09-26,699.52,33.49
2023-09-27,698.8,33.45
2023-09-28,705.1,33.8
2023-10-09,708.88,34.01
2023-10-10,705.28,33.81
2023-10-11,711.94,34.18
2023-10-12,719.5,34.6
2023-10-13,716.08,34.41
2023-10-16,704.56,33.77
2023-10-17,707.62,33.94
2023-10-18,703.12,33.69
2023-10-19,695.02,33.24
2023-10-20,685.12,32.69
2023-10-23,705.1,33.8
2023-10-24,706.36,33.87
2023-10-25,731.56,35.27
2023-10-26,732.82,35.34
2023-10-27,742.9,35.9
2023-10-30,754.78,36.56
2023-10-31,752.8,36.45
2023-11-01,747.76,36.17
2023-11-02,742.36,35.87
2023-11-03,741.28,35.81
2023-11-06,761.44,36.93
2023-11-07,760.18,36.86
2023-11-08,766.66,37.22
2023-11-09,763.96,37.07
2023-11-10,765.94,37.18
2023-11-13,767.02,37.24
2023-11-14,753.52,36.49
2023-11-15,756.4,36.65
2023-11-16,744.7,36.0
2023-11-17,739.48,35.71
2023-11-20,740.92,35.79
2023-11-21,742.36,35.87
2023-11-22,736.6,35.55
2023-11-23,742.0,35.85
2023-11-24,741.28,35.81
2023-11-27,731.74,35.28
2023-11-28,731.74,35.28
2023-11-29,727.06,35.02
2023-11-30,722.92,34.79
2023-12-01,735.7,35.5
2023-12-04,724.9,34.9
2023-12-05,705.1,33.8
2023-12-06,701.5,33.6
2023-12-07,692.32,33.09
2023-12-08,684.4,32.65
2023-12-11,711.94,34.18
2023-12-12,709.06,34.02
2023-12-13,699.7,33.5
2023-12-14,696.46,33.32
2023-12-15,696.28,33.31
2023-12-18,693.22,33.14
2023-12-19,696.46,33.32
2023-12-20,687.1,32.8
2023-12-21,688.54,32.88
2023-12-22,685.3,32.7
2023-12-25,689.62,32.94
2023-12-26,687.1,32.8
2023-12-27,689.62,32.94
2023-12-28,706.0,33.85
2023-12-29,721.66,34.72
2024-01-02,704.56,33.77
2024-01-03,691.78,33.06
2024-01-04,683.14,32.58
2024-01-05,680.44,32.43
2024-01-08,666.94,31.68
2024-01-09,657.4,31.15
2024-01-10,643.0,30.35
2024-01-11,652.18,30.86
2024-01-12,644.44,30.43
2024-01-15,645.7,30.5
2024-01-16,648.76,30.67
2024-01-17,654.34,30.98
2024-01-18,666.04,31.63
2024-01-19,666.94,31.68
2024-01-22,652.72,30.89
2024-01-23,650.02,30.74
2024-01-24,661.54,31.38
2024-01-25,673.78,32.06
2024-01-26,667.3,31.7
2024-01-29,663.7,31.5
2024-01-30,669.46,31.82
2024-01-31,671.26,31.92
2024-02-01,670.54,31.88
2024-02-02,656.14,31.08
2024-02-05,656.5,31.1
2024-02-06,682.6,32.55
2024-02-07,689.44,32.93
2024-02-08,702.4,33.65
2024-02-19,705.1,33.8
2024-02-20,707.08,33.91
2024-02-21,708.34,33.98
2024-02-22,714.46,34.32
2024-02-23,719.32,34.59
2024-02-26,713.92,34.29
2024-02-27,725.8,34.95
2024-02-28,717.7,34.5
2024-02-29,725.8,34.95
2024-03-01,738.94,35.68
2024-03-04,726.7,35.0
2024-03-05,736.06,35.52
2024-03-06,716.26,34.42
2024-03-07,707.8,33.95
2024-03-08,707.44,33.93
2024-03-11,712.3,34.2
2024-03-12,715.0,34.35
2024-03-13,708.88,34.01
2024-03-14,699.16,33.47
2024-03-15,695.38,33.26
2024-03-18,699.88,33.51
2024-03-19,696.46,33.32
2024-03-20,699.16,33.47
2024-03-21,697.18,33.36
2024-03-22,685.84,32.73
2024-03-25,684.4,32.65
2024-03-26,679.0,32.35
2024-03-27,680.8,32.45
2024-03-28,682.6,32.55
2024-03-29,675.58,32.16
2024-04-01,688.0,32.85
2024-04-02,676.12,32.19
2024-04-03,668.74,31.78
2024-04-08,665.5,31.6
2024-04-09,669.82,31.84
2024-04-10,657.94,31.18
2024-04-11,659.02,31.24
2024-04-12,653.26,30.92
2024-04-15,658.12,31.19
2024-04-16,664.78,31.56
2024-04-17,674.68,32.11
2024-04-18,672.16,31.97
2024-04-19,674.5,32.1
2024-04-22,688.0,32.85
2024-04-23,683.5,32.6
2024-04-24,681.88,32.51
2024-04-25,684.22,32.64
2024-04-26,688.36,32.87
2024-04-29,695.38,33.26
2024-04-30,692.68,33.11
2024-05-06,704.38,33.76
2024-05-07,702.04,33.63
2024-05-08,686.02,32.74
2024-05-09,691.6,33.05
2024-05-10,693.76,33.17
2024-05-13,694.66,33.22
2024-05-14,700.24,33.53
2024-05-15,694.48,33.21
2024-05-16,692.32,33.09
2024-05-17,703.12,33.69
2024-05-20,706.54,33.88
2024-05-21,705.46,32.92
2024-05-22,707.44,33.03
2024-05-23,697.54,32.48
2024-05-24,697.54,32.48
2024-05-27,699.34,32.58
2024-05-28,699.52,32.59
2024-05-29,701.5,32.7
2024-05-30,700.78,32.66
2024-05-31,699.88,32.61
2024-06-03,700.78,32.66
2024-06-04,706.0,32.95
2024-06-05,714.46,33.42
2024-06-06,709.06,33.12
2024-06-07,709.06,33.12
2024-06-11,715.9,33.5
2024-06-12,704.74,32.88
2024-06-13,697.54,32.48
2024-06-14,705.64,32.93
2024-06-17,692.5,32.2
2024-06-18,697.18,32.46
2024-06-19,693.04,32.23
2024-06-20,682.6,31.65
2024-06-21,686.2,31.85
2024-06-24,678.46,31.42
2024-06-25,669.46,30.92
2024-06-26,671.62,31.04
2024-06-27,665.68,30.71
2024-06-28,669.28,30.91
2024-07-01,667.48,30.81
2024-07-02,655.06,30.12
2024-07-03,655.96,30.17
2024-07-04,648.4,29.75
2024-07-05,649.84,29.83
2024-07-08,640.84,29.33
2024-07-09,642.28,29.41
2024-07-10,642.46,29.42
2024-07-11,654.7,30.1
2024-07-12,653.44,30.03
2024-07-15,653.44,30.03
2024-07-16,657.4,30.25
2024-07-17,657.94,30.28
2024-07-18,653.26,30.02
2024-07-19,658.3,30.3
2024-07-22,659.56,30.37
2024-07-23,645.34,29.58
2024-07-24,640.66,29.32
2024-07-25,640.3,29.3
2024-07-26,644.8,29.55
2024-07-29,636.88,29.11
2024-07-30,628.96,28.67
2024-07-31,636.16,29.07
2024-08-01,630.76,28.77
2024-08-02,623.74,28.38
2024-08-05,608.44,27.53
2024-08-06,612.04,27.73
2024-08-07,608.26,27.52
2024-08-08,609.52,27.59
2024-08-09,602.5,27.2
2024-08-12,601.24,27.13
2024-08-13,601.6,27.15
2024-08-14,603.4,27.25
2024-08-15,607.0,27.45
2024-08-16,608.62,27.54
2024-08-19,593.68,26.71
2024-08-20,588.82,26.44
2024-08-21,590.44,26.53
2024-08-22,584.86,26.22
2024-08-23,590.8,26.55
2024-08-26,587.74,26.38
2024-08-27,583.42,26.14
2024-08-28,584.5,26.2
2024-08-29,583.96,26.17
2024-08-30,593.86,26.72
2024-09-02,583.96,26.17
2024-09-03,588.1,26.4
2024-09-04,590.62,26.54
2024-09-05,589.54,26.48
2024-09-06,583.6,26.15
2024-09-09,568.84,25.33
2024-09-10,578.2,25.85
2024-09-11,576.04,25.73
2024-09-12,567.76,25.27
2024-09-13,564.34,25.08
2024-09-18,565.24,25.13
2024-09-19,565.96,25.17
2024-09-20,569.02,25.34
2024-09-23,569.2,25.35
2024-09-24,583.96,26.17
2024-09-25,597.28,26.91
2024-09-26,620.86,28.22
2024-09-27,647.32,29.69
2024-09-30,694.12,32.29
2024-10-08,721.84,33.83
2024-10-09,679.9,31.5
2024-10-10,677.56,31.37
2024-10-11,646.24,29.63
2024-10-14,660.46,30.42
2024-10-15,640.48,29.31
2024-10-16,621.94,28.28
2024-10-17,616.72,27.99
2024-10-18,632.56,28.87
2024-10-21,666.04,30.73
2024-10-22,668.02,30.84
2024-10-23,669.1,30.9
2024-10-24,664.78,30.66
2024-10-25,670.0,30.95
2024-10-28,663.88,30.61
2024-10-29,662.62,30.54
2024-10-30,653.08,30.01
2024-10-31,654.88,30.11
2024-11-01,655.06,30.12
2024-11-04,670.9,31.0
2024-11-05,678.46,31.42
2024-11-06,675.4,31.25
2024-11-07,685.84,31.83
2024-11-08,681.7,31.6
2024-11-11,704.74,32.88
2024-11-12,691.96,32.17
2024-11-13,696.46,32.42
2024-11-14,682.24,31.63
2024-11-15,678.1,31.4
2024-11-18,665.86,30.72
2024-11-19,672.52,31.09
2024-11-20,672.7,31.1
2024-11-21,668.92,30.89
2024-11-22,653.26,30.02
2024-11-25,645.52,29.59
2024-11-26,645.52,29.59
2024-11-27,653.26,30.02
2024-11-28,649.3,29.8
2024-11-29,654.34,30.08
2024-12-02,657.04,30.23
2024-12-03,652.72,29.99
2024-12-04,646.96,29.67
2024-12-05,647.86,29.72
2024-12-06,664.42,30.64
2024-12-09,675.76,31.27
2024-12-10,688.36,31.97
2024-12-11,680.08,31.51
2024-12-12,681.34,31.58
2024-12-13,667.48,30.81
2024-12-16,660.1,30.4
2024-12-17,661.9,30.5
2024-12-18,670.9,31.0
2024-12-19,671.62,31.04
2024-12-20,668.74,30.88
2024-12-23,665.86,30.72
2024-12-24,666.22,30.74
2024-12-25,675.4,31.25
2024-12-26,679.9,31.5
2024-12-27,671.98,31.06
2024-12-30,671.26,31.02
2024-12-31,665.5,30.7
2025-01-02,645.7,29.6
2025-01-03,631.84,28.83
2025-01-06,622.66,28.32
2025-01-07,624.28,28.41
2025-01-08,618.52,28.09
2025-01-09,619.24,28.13
2025-01-10,613.3,27.8
2025-01-13,610.96,27.67
2025-01-14,623.38,28.36
2025-01-15,618.7,28.1
2025-01-16,619.24,28.13
2025-01-17,620.5,28.2
2025-01-20,621.94,28.28
2025-01-21,623.92,28.39
2025-01-22,625.18,28.46
2025-01-23,628.24,28.63
2025-01-24,635.26,29.02
2025-01-27,635.44,29.03
2025-02-05,652.9,30.0
2025-02-06,659.56,30.37
2025-02-07,668.74,30.88
2025-02-10,671.8,31.05
2025-02-11,674.86,31.22
2025-02-12,669.28,30.91
2025-02-13,661.72,30.49
2025-02-14,680.62,31.54
2025-02-17,681.34,31.58
2025-02-18,690.7,32.1
2025-02-19,693.4,32.25
2025-02-20,690.52,32.09
2025-02-21,701.32,32.69
2025-02-24,686.2,31.85
2025-02-25,672.7,31.1
2025-02-26,674.68,31.21
2025-02-27,670.0,30.95
2025-02-28,655.42,30.14
2025-03-03,662.26,30.52
2025-03-04,668.2,30.85
2025-03-05,673.78,31.16
2025-03-06,717.7,33.6
2025-03-07,716.98,33.56
2025-03-10,718.24,33.63
2025-03-11,709.24,33.13
2025-03-12,711.94,33.28
2025-03-13,709.78,33.16
2025-03-14,713.2,33.35
2025-03-17,713.2,33.35
2025-03-18,713.56,33.37
2025-03-19,712.3,33.3
2025-03-20,686.92,31.89
2025-03-21,676.84,31.33
2025-03-24,678.28,31.41
2025-03-25,675.22,31.24
2025-03-26,670.9,31.0
2025-03-27,672.34,31.08
2025-03-28,670.36,30.97
2025-03-31,665.5,30.7
2025-04-01,661.18,30.46
2025-04-02,658.84,30.33
2025-04-03,651.28,29.91
2025-04-07,614.92,27.89
2025-04-08,618.52,28.09
2025-04-09,619.96,28.17
2025-04-10,631.84,28.83
2025-04-11,625.9,28.5
2025-04-14,629.5,28.7
2025-04-15,627.34,28.58
2025-04-16,623.38,28.36
2025-04-17,620.68,28.21
2025-04-18,623.56,28.37
2025-04-21,632.74,28.88
2025-04-22,625.72,28.49
2025-04-23,625.54,28.48
2025-04-24,622.84,28.33
2025-04-25,620.14,28.18
2025-04-28,617.98,28.06
2025-04-29,619.42,28.14
2025-04-30,620.68,28.21
2025-05-06,631.84,28.83
2025-05-07,632.02,28.84
2025-05-08,633.46,28.92
2025-05-09,628.6,28.65
2025-05-12,633.82,28.94
2025-05-13,631.66,28.82
2025-05-14,635.08,29.01
2025-05-15,631.12,28.79
2025-05-16,631.3,28.8
2025-05-19,630.76,28.77
2025-05-20,632.676,28.18
2025-05-21,638.076,28.48
2025-05-22,635.016,28.31
2025-05-23,632.676,28.18
2025-05-26,633.756,28.24
2025-05-27,631.416,28.11
2025-05-28,629.616,28.01
2025-05-29,634.476,28.28
2025-05-30,631.776,28.13
2025-06-03,630.156,28.04
2025-06-04,633.936,28.25
2025-06-05,638.076,28.48
2025-06-06,639.336,28.55
2025-06-09,637.536,28.45
2025-06-10,631.776,28.13
2025-06-11,631.596,28.12
2025-06-12,629.256,27.99
2025-06-13,625.116,27.76
2025-06-16,622.056,27.59
2025-06-17,622.596,27.62
2025-06-18,623.136,27.65
2025-06-19,619.536,27.45
2025-06-20,616.116,27.26
2025-06-23,617.196,27.32
2025-06-24,622.416,27.61
2025-06-25,626.016,27.81
2025-06-26,622.056,27.59
2025-06-27,622.956,27.64
2025-06-30,624.576,27.73
2025-07-01,620.976,27.53
2025-07-02,620.616,27.51
2025-07-03,624.216,27.71
2025-07-04,622.416,27.61
2025-07-07,619.176,27.43
2025-07-08,622.596,27.62
2025-07-09,623.676,27.68
2025-07-10,625.476,27.78
2025-07-11,627.636,27.9
2025-07-14,625.116,27.76
2025-07-15,628.176,27.93
2025-07-16,624.396,27.72
2025-07-17,628.356,27.94
2025-07-18,629.616,28.01
2025-07-21,631.956,28.14
2025-07-22,636.636,28.4
2025-07-23,634.296,28.27
2025-07-24,640.956,28.64
2025-07-25,641.316,28.66
2025-07-28,640.056,28.59
2025-07-29,639.516,28.56
2025-07-30,638.256,28.49
2025-07-31,631.236,28.1
2025-08-01,649.416,29.11
2025-08-04,639.696,28.57
2025-08-05,653.376,29.33
2025-08-06,652.476,29.28
2025-08-07,650.136,29.15
2025-08-08,643.296,28.77
2025-08-11,644.736,28.85
2025-08-12,651.936,29.25
2025-08-13,656.796,29.52
2025-08-14,650.856,29.19
2025-08-15,657.516,29.56
2025-08-18,665.796,30.02
2025-08-19,662.916,29.86
2025-08-20,668.856,30.19
2025-08-21,671.376,30.33
2025-08-22,685.056,31.09
2025-08-25,686.676,31.18
2025-08-26,688.476,31.28
2025-08-27,680.736,30.85
2025-08-28,686.676,31.18
2025-08-29,686.496,31.17
2025-09-01,686.136,31.15
2025-09-02,676.956,30.64
2025-09-03,663.636,29.9
2025-09-04,652.836,29.3
2025-09-05,658.596,29.62
2025-09-08,671.376,30.33
2025-09-09,668.676,30.18
2025-09-10,669.036,30.2
2025-09-11,681.456,30.89
2025-09-12,678.936,30.75
2025-09-15,674.256,30.49
2025-09-16,681.096,30.87
2025-09-17,678.936,30.75
2025-09-18,681.996,30.92
2025-09-19,678.216,30.71
2025-09-22,672.816,30.41
2025-09-23,670.656,30.29
2025-09-24,682.896,30.97
2025-09-25,687.756,31.24
2025-09-26,677.316,30.66
2025-09-29,687.396,31.22
2025-09-30,692.796,31.52
2025-10-09,740.496,34.17
2025-10-10,743.016,33.91
2025-10-13,733.116,33.36
2025-10-14,731.136,33.25
2025-10-15,733.296,33.37
2025-10-16,733.836,33.4
2025-10-17,727.716,33.06
2025-10-20,715.116,32.36
2025-10-21,719.076,32.58
2025-10-22,735.096,33.47
2025-10-23,734.376,33.43
2025-10-24,731.856,33.29
2025-10-27,742.836,33.9
2025-10-28,726.276,32.98
2025-10-29,732.936,33.35
2025-10-30,730.596,33.22
2025-10-31,724.296,32.87
2025-11-03,719.436,32.6
2025-11-04,704.856,31.79
2025-11-05,699.636,31.5
2025-11-06,705.036,31.8
2025-11-07,697.296,31.37
2025-11-10,705.216,31.81
2025-11-11,703.596,31.72
2025-11-12,698.376,31.43
2025-11-13,703.056,31.69
2025-11-14,696.216,31.31
2025-11-17,680.916,30.46
2025-11-18,685.776,30.73
2025-11-19,680.196,30.42
2025-11-20,676.776,30.23
2025-11-21,669.396,29.82
2025-11-24,670.116,29.86
2025-11-25,672.456,29.99
2025-11-26,670.836,29.9
2025-11-27,667.776,29.73
2025-11-28,672.996,30.02
2025-12-01,683.076,30.58
2025-12-02,681.996,30.52
2025-12-03,678.756,30.34
2025-12-04,678.936,30.35
2025-12-05,673.896,30.07
2025-12-08,680.376,30.43
2025-12-09,672.456,29.99
2025-12-10,672.636,30.0
2025-12-11,661.836,29.4
2025-12-12,665.976,29.63
2025-12-15,654.996,29.02
2025-12-16,649.056,28.69
2025-12-17,655.896,29.07
2025-12-18,654.996,29.02
2025-12-19,658.056,29.19
2025-12-22,657.336,29.15
2025-12-23,657.156,29.14
2025-12-24,660.576,29.33
2025-12-25,665.976,29.63
2025-12-26,669.396,29.82
2025-12-29,665.436,29.6
2025-12-30,669.936,29.85
2025-12-31,669.756,29.84
2026-01-05,672.636,30.0
2026-01-06,679.656,30.39
2026-01-07,673.896,30.07
2026-01-08,672.816,30.01
2026-01-09,677.316,30.26
2026-01-12,702.156,31.64
2026-01-13,688.296,30.87
2026-01-14,698.376,31.43
2026-01-15,695.856,31.29
2026-01-16,690.636,31.0
2026-01-19,690.816,31.01
2026-01-20,693.156,31.14
2026-01-21,719.436,32.6
2026-01-22,710.256,32.09
2026-01-23,707.736,31.95
2026-01-26,714.216,32.31
2026-01-27,706.836,31.9
2026-01-28,709.176,32.03
2026-01-29,712.236,32.2
2026-01-30,696.576,31.33
2026-02-02,701.616,31.61
2026-02-03,706.116,31.86
2026-02-04,707.376,31.93
2026-02-05,717.636,32.5
2026-02-06,720.156,32.64
2026-02-09,718.356,32.54
2026-02-10,724.116,32.86
2026-02-11,715.836,32.4
2026-02-12,717.456,32.49
2026-02-13,715.476,32.38
2026-02-24,714.756,32.34
2026-02-25,707.376,31.93
2026-02-26,700.716,31.56
2026-02-27,698.556,31.44
2026-03-02,693.516,31.16
2026-03-03,678.216,30.31
2026-03-04,677.316,30.26
2026-03-05,686.316,30.76
2026-03-06,691.896,31.07
2026-03-09,693.516,31.16
2026-03-10,696.396,31.32
2026-03-11,702.336,31.65
2026-03-12,707.196,31.92
2026-03-13,707.556,31.94
2026-03-16,704.316,31.76
2026-03-17,701.796,31.62
2026-03-18,711.696,32.17
2026-03-19,695.136,31.25
2026-03-20,696.036,31.3
2026-03-23,672.816,30.01
2026-03-24,677.676,30.28
2026-03-25,686.676,30.78
2026-03-26,679.296,30.37
2026-03-27,678.936,30.35
2026-03-30,682.176,30.53
2026-03-31,680.196,30.42
2026-04-01,685.596,30.72
2026-04-02,679.836,30.4
2026-04-03,677.496,30.27
2026-04-07,676.236,30.2
2026-04-08,688.476,30.88
2026-04-09,686.316,30.76
2026-04-10,703.416,31.71
2026-04-13,720.336,32.65
2026-04-14,735.276,33.48
2026-04-15,730.236,33.2
2026-04-16,736.356,33.54
2026-04-17,728.976,33.13
2026-04-20,753.816,34.51
2026-04-21,739.776,33.73
2026-04-22,737.976,33.63
2026-04-23,735.456,33.49
2026-04-24,737.436,33.6
2026-04-27,744.096,33.97
2026-04-28,756.336,34.65
2026-04-29,759.216,34.81
2026-04-30,785.856,36.29
2026-05-06,781.356,36.04
2026-05-07,779.916,35.96
2026-05-08,772.536,35.55
2026-05-11,769.116,35.36
2026-05-12,754.716,34.56
2026-05-13,753.456,34.49
2026-05-14,734.736,33.45
2026-05-15,728.796,33.12
2026-05-18,726.636,33.0
2026-05-19,733.476,33.38
2026-05-20,732.036,32.55
2026-05-21,715.476,31.63
2026-05-22,719.076,31.83
2026-05-25,726.996,32.27
2026-05-26,722.136,32.0
2026-05-27,715.836,31.65
2026-05-28,699.816,30.76
2026-05-29,696.216,30.56
2026-06-01,687.216,30.06
2026-06-02,699.636,30.75
2026-06-03,699.996,30.77
2026-06-04,697.476,30.63
2026-06-05,709.176,31.28
2026-06-08,691.536,30.3
2026-06-09,694.956,30.49
2026-06-10,692.976,30.38
2026-06-11,685.776,29.98
2026-06-12,690.456,30.24
2026-06-15,698.916,30.71
2026-06-16,725.736,32.2
2026-06-17,728.616,32.36
2026-06-18,727.536,32.3
2026-06-22,737.076,32.83
2026-06-23,711.516,31.41
2026-06-24,758.676,34.03
2026-06-25,766.056,34.44
2026-06-26,745.896,33.32
2026-06-29,739.956,32.99
2026-06-30,761.736,34.2
2026-07-01,758.676,34.03
2026-07-02,751.116,33.61
2026-07-03,758.136,34.0
2026-07-06,755.076,33.83
2026-07-07,755.616,33.86
2026-07-08,764.436,34.35
2026-07-09,783.156,35.39
2026-07-10,766.236,34.45
2026-07-13,743.556,33.19
2026-07-14,750.576,33.58
2026-07-15,759.936,34.1
2026-07-16,760.296,34.12
2026-07-17,742.836,33.15
2026-07-20,763.176,34.28
2026-07-21,778.116,35.11
2026-07-22,787.476,35.63
2026-07-23,789.996,35.77
2026-07-24,784.956,35.49
2026-07-27,811.956,36.99
2026-07-28,796.656,36.14
2026-07-29,789.456,35.74
2026-07-30,787.296,35.62
2026-07-31,823.836,37.65
2026-08-03,829.236,37.95
2026-08-04,841.476,38.63
2026-08-05,838.056,38.44
2026-08-06,820.236,37.45
2026-08-07,816.456,37.24
2026-08-10,820.056,37.44
2026-08-11,800.796,36.37
2026-08-12,802.596,36.47
2026-08-13,788.016,35.66
2026-08-14,773.976,34.88
2026-08-17,777.756,35.09
2026-08-18,779.376,35.18
2026-08-19,766.056,33.89
2026-08-20,769.296,34.07
2026-08-21,775.236,34.4
2026-08-24,770.736,34.15
2026-08-25,781.536,34.75
2026-08-26,782.076,34.78
2026-08-27,791.256,35.29
2026-08-28,787.836,35.1
2026-08-31,800.256,35.79
2026-09-01,802.596,35.92
2026-09-02,789.276,35.18
2026-09-03,785.676,34.98
2026-09-04,783.696,34.87
2026-09-07,783.696,34.87
2026-09-08,761.736,33.65
2026-09-09,763.536,33.75
2026-09-10,759.216,33.51
2026-09-11,754.536,33.25
2026-09-14,752.916,33.16
2026-09-15,745.896,32.77
2026-09-16,743.016,32.61
2026-09-17,740.136,32.45
2026-09-18,748.956,32.94
2026-09-21,742.476,32.58
2026-09-22,753.276,33.18
2026-09-23,752.016,33.11
2026-09-24,743.376,32.63
2026-09-28,734.916,32.16
2026-09-29,734.016,32.11
2026-09-30,740.316,32.46
2026-10-08,750.036,33.0
2026-10-09,749.496,32.97
