period,netIncome,revenue,notice_date,update_date,shares,basic_eps
2015-12-31,277131000000,697647000000,2016-03-31,2017-03-31,356406257089,0.77
2016-12-31,278249000000,675891000000,2017-03-31,2018-03-28,356406257089,0.77
2017-12-31,286049000000,726502000000,2018-03-28,2019-03-29,356406257089,0.79
2018-12-31,297676000000,773789000000,2019-03-29,2020-03-28,356406257089,0.82
2019-12-31,312224000000,855428000000,2020-03-28,2021-03-27,356406257089,0.86
2020-12-31,315906000000,882665000000,2021-03-27,2022-03-31,356406257089,0.86
2021-12-31,348338000000,942762000000,2022-03-31,2023-03-31,356406257089,0.95
2022-12-31,361132000000,875734000000,2023-03-31,2024-03-28,356406257089,0.97
2023-12-31,363993000000,843070000000,2024-03-28,2025-03-29,356406257089,0.98
2024-12-31,365863000000,821803000000,2025-03-29,2026-03-28,356406257089,0.98
2025-12-31,368562000000,838270000000,2026-03-28,2026-03-28,356406257089,1.0
