ticker,price_rows,price_first,price_last,income_rows,income_first,income_last,share_events,share_first,share_last,price_missing_values,nonpositive_prices,income_missing_values,nonpositive_revenue,negative_net_income,revised_income_rows,income_missing_shares
000333.SZ,2563,2016-01-04,2026-10-09,11,2015-12-31,2025-12-31,672,2000-04-07,2026-10-09,0,0,0,0,0,10,0
600690.SH,2591,2016-02-01,2026-10-09,11,2015-12-31,2025-12-31,83,1993-10-12,2026-09-01,0,0,0,0,0,10,0
000063.SZ,2542,2016-01-04,2026-10-09,11,2015-12-31,2025-12-31,123,1997-10-06,2025-12-12,0,0,0,0,2,10,0
000100.SZ,2447,2016-01-04,2026-10-09,11,2015-12-31,2025-12-31,128,2004-01-07,2026-08-31,0,0,0,0,0,10,0
000725.SZ,2613,2016-01-04,2026-10-09,11,2015-12-31,2025-12-31,86,1997-06-10,2026-07-23,0,0,0,0,0,10,0
002415.SZ,2611,2016-01-04,2026-10-09,11,2015-12-31,2025-12-31,82,2010-05-07,2026-06-30,0,0,0,0,0,10,0
600104.SH,2613,2016-01-04,2026-10-09,11,2015-12-31,2025-12-31,26,1997-11-07,2025-08-29,0,0,0,0,0,10,0
000625.SZ,2593,2016-01-04,2026-10-09,11,2015-12-31,2025-12-31,69,1996-10-16,2026-06-30,0,0,0,0,1,10,0
601633.SH,2606,2016-01-04,2026-10-09,11,2015-12-31,2025-12-31,154,2011-09-02,2026-09-28,0,0,0,0,0,10,0
601766.SH,2603,2016-01-04,2026-10-09,11,2015-12-31,2025-12-31,16,2008-07-28,2020-01-17,0,0,0,0,0,10,0
601111.SH,2612,2016-01-04,2026-10-09,11,2015-12-31,2025-12-31,25,2006-07-31,2026-06-30,0,0,0,0,6,10,0
601318.SH,2613,2016-01-04,2026-10-09,11,2015-12-31,2025-12-31,18,2007-02-02,2025-09-03,0,0,0,0,0,10,0
601398.SH,2613,2016-01-04,2026-10-09,11,2015-12-31,2025-12-31,46,2006-09-27,2015-02-12,0,0,0,0,0,10,0
600028.SH,2613,2016-01-04,2026-10-09,11,2015-12-31,2025-12-31,48,2000-02-25,2026-09-18,0,0,0,0,0,10,0
601857.SH,2613,2016-01-04,2026-10-09,11,2015-12-31,2025-12-31,7,2007-10-22,2013-11-08,0,0,0,0,0,10,0
600276.SH,2612,2016-01-04,2026-10-09,11,2015-12-31,2025-12-31,65,2000-09-07,2025-06-24,0,0,0,0,0,10,0
002230.SZ,2565,2016-01-04,2026-10-09,11,2015-12-31,2025-12-31,165,2008-04-17,2026-07-28,0,0,0,0,0,10,0
002475.SZ,2612,2016-01-04,2026-10-09,11,2015-12-31,2025-12-31,96,2010-08-24,2026-09-30,0,0,0,0,0,10,0
002371.SZ,2603,2016-01-11,2026-10-09,11,2015-12-31,2025-12-31,96,2001-09-28,2026-06-30,0,0,0,0,0,10,0
600309.SH,2488,2016-01-04,2026-10-09,11,2015-12-31,2025-12-31,20,2000-12-15,2025-07-14,0,0,0,0,0,10,0
