ticker,name,sector,currency,business
002371.SZ,NAURA Technology,Information Technology,CNY,Semiconductor manufacturing equipment
600309.SH,Wanhua Chemical,Materials,CNY,Chemicals and advanced materials
000333.SZ,Midea Group,Consumer Discretionary,CNY,Home appliances and industrial automation
600690.SH,Haier Smart Home,Consumer Discretionary,CNY,Home appliances and smart-home products
000063.SZ,ZTE,Information Technology,CNY,Telecommunications equipment and mobile devices
000100.SZ,TCL Technology,Information Technology,CNY,Display panels and semiconductor materials
000725.SZ,BOE Technology,Information Technology,CNY,Electronic displays
002415.SZ,Hikvision,Information Technology,CNY,Video and security equipment
600104.SH,SAIC Motor,Consumer Discretionary,CNY,"Cars and commercial vehicles, including MG"
000625.SZ,Changan Automobile,Consumer Discretionary,CNY,Cars and commercial vehicles
601633.SH,Great Wall Motor,Consumer Discretionary,CNY,"Cars and pickup trucks, including Haval"
601766.SH,CRRC,Industrials,CNY,Trains and railway equipment
601111.SH,Air China,Industrials,CNY,Passenger and cargo air transport
601318.SH,Ping An Insurance,Financials,CNY,"Insurance, banking and financial services"
601398.SH,ICBC,Financials,CNY,Banking and financial services
600028.SH,Sinopec,Energy,CNY,"Oil refining, petrochemicals and fuel sales"
601857.SH,PetroChina,Energy,CNY,"Oil and gas production, refining and sales"
600276.SH,Hengrui Pharmaceuticals,Health Care,CNY,Medicines and drug development
002230.SZ,iFLYTEK,Information Technology,CNY,Speech recognition and artificial intelligence
002475.SZ,Luxshare Precision,Information Technology,CNY,Electronic components and device assembly
