Month,Mkt-RF,RF,HML,RMW,WML,Value,Profitability,Momentum,Market
1991-07-31,0.009899999999999999,0.0049,0.0365,-0.0146,0.0009,0.0063500000000000015,-0.0189,-0.022350000000000002,0.014799999999999999
1991-08-31,0.0009,0.0046,0.050499999999999996,0.0342,-0.0015,-0.007000000000000001,-0.008349999999999998,-0.017599999999999998,0.0055
1991-09-30,-0.035,0.0046,-0.0132,-0.0077,-0.0001,-0.034949999999999995,-0.05455,-0.01985,-0.030400000000000003
1991-10-31,0.04769999999999999,0.0042,0.0095,-0.0103,0.0078000000000000005,0.02995,0.029650000000000003,0.05205,0.051899999999999995
1991-11-30,-0.0049,0.0039000000000000003,0.024399999999999998,0.0559,-0.0079,0.0036499999999999996,0.0636,-0.00715,-0.0009999999999999996
1991-12-31,0.0852,0.0038,0.0438,0.0528,0.0103,0.08285,0.09705,0.0503,0.089
1992-01-31,0.0866,0.0034000000000000002,0.0271,-0.08929999999999999,0.0332,0.08479999999999999,0.02065,0.08130000000000001,0.09
1992-02-29,0.0447,0.0028000000000000004,0.0364,-0.0584,0.026000000000000002,0.0593,-0.010350000000000005,0.0655,0.0475
1992-03-31,-0.0265,0.0034000000000000002,-0.0263,0.0535,0.0095,-0.01995,0.016249999999999997,0.0034999999999999996,-0.0231
1992-04-30,-0.0096,0.0032,0.0161,0.0062,-0.0029,0.024,0.00435,0.018400000000000003,-0.0063999999999999994
1992-05-31,-0.0060999999999999995,0.0028000000000000004,0.022099999999999998,-0.0277,0.0388,0.013949999999999999,-0.043949999999999996,0.0195,-0.003299999999999999
1992-06-30,-0.0771,0.0032,-0.0565,0.083,0.0455,-0.06775,0.0191,-0.03085,-0.07390000000000001
1992-07-31,-0.0049,0.0031,-0.02,0.0393,0.054299999999999994,-0.014799999999999999,0.0295,0.017,-0.0018
1992-08-31,-0.0364,0.0026,-0.023,0.035699999999999996,0.0567,-0.0629,-0.02085,-0.005849999999999999,-0.033800000000000004
1992-09-30,-0.012199999999999999,0.0026,-0.0011,0.0134,-0.0184,-0.0341,-0.011150000000000002,-0.038400000000000004,-0.0096
1992-10-31,0.044000000000000004,0.0023,-0.0075,-0.026699999999999998,-0.0132,0.05,0.030600000000000002,0.049049999999999996,0.04630000000000001
1992-11-30,-0.0072,0.0023,-0.0060999999999999995,0.0016,-0.0345,0.0009000000000000006,0.0049,-0.026050000000000004,-0.0049
1992-12-31,0.0197,0.0028000000000000004,-0.028399999999999998,0.0083,0.0086,0.0033,0.01845,0.025849999999999998,0.0225
1993-01-31,-0.0086,0.0023,0.0152,-0.012199999999999999,0.011000000000000001,-0.009400000000000002,-0.0183,-0.00115,-0.0063
1993-02-28,0.031200000000000002,0.0022,0.0552,-0.023399999999999997,0.034300000000000004,0.06245,0.045149999999999996,0.0601,0.0334
1993-03-31,0.032,0.0025,-0.015,-0.0146,-0.0315,0.029400000000000003,0.021300000000000003,0.01525,0.0345
1993-04-30,0.0409,0.0024,0.0559,-0.0611,0.0258,0.09145,0.0252,0.0604,0.0433
1993-05-31,0.041100000000000005,0.0022,0.0408,-0.047400000000000005,0.0187,0.0874,0.0426,0.06799999999999999,0.043300000000000005
1993-06-30,0.0024,0.0025,-0.0229,0.0002,-0.0364,-0.04285,-0.03295,-0.0255,0.0049
1993-07-31,0.0345,0.0024,-0.0197,0.0152,0.0066,0.02555,0.05205,0.04395,0.0369
1993-08-31,0.08259999999999999,0.0025,0.059699999999999996,-0.0273,0.020499999999999997,0.1127,0.0701,0.09259999999999999,0.0851
1993-09-30,0.0461,0.0026,0.0301,-0.0231,0.057800000000000004,0.06795,0.05614999999999999,0.0964,0.0487
1993-10-31,0.0942,0.0022,-0.0258,0.0152,0.0908,0.09975,0.12090000000000001,0.16155000000000003,0.0964
1993-11-30,0.0602,0.0025,0.062400000000000004,-0.0519,0.0512,0.09340000000000001,0.0514,0.08075,0.06269999999999999
1993-12-31,0.18239999999999998,0.0023,0.0414,-0.038900000000000004,0.0128,0.22995000000000002,0.16610000000000003,0.1897,0.18469999999999998
1994-01-31,-0.013500000000000002,0.0025,0.0209,-0.022000000000000002,-0.0951,-0.004649999999999998,-0.06045,-0.06775,-0.011000000000000001
1994-02-28,-0.0121,0.0021,0.0038,-0.006999999999999999,0.029500000000000002,0.0299,0.010949999999999998,0.02335,-0.01
1994-03-31,-0.1162,0.0027,-0.014199999999999999,0.0195,-0.0273,-0.11424999999999999,-0.10919999999999999,-0.1178,-0.1135
1994-04-30,-0.0052,0.0027,-0.0072,0.0359,0.015700000000000002,-0.016,0.009749999999999998,0.005850000000000001,-0.0024999999999999996
1994-05-31,0.015600000000000001,0.0032,0.0025,-0.0058,-0.0308,0.011600000000000003,-0.01225,-0.014499999999999999,0.0188
1994-06-30,-0.033,0.0031,0.0079,-0.009000000000000001,-0.0023,-0.0343,-0.018850000000000002,-0.0259,-0.029900000000000003
1994-07-31,0.062400000000000004,0.0028000000000000004,0.0012,-0.0076,0.0087,0.05975,0.0429,0.06439999999999999,0.06520000000000001
1994-08-31,0.11810000000000001,0.0037,-0.023700000000000002,-0.038,0.064,0.1311,0.13505,0.16715,0.1218
1994-09-30,0.022099999999999998,0.0037,0.005600000000000001,-0.0111,0.021099999999999997,0.04925,0.0355,0.0519,0.025799999999999997
1994-10-31,-0.0322,0.0038,0.0144,0.0138,0.0031,-0.014849999999999999,-0.0153,-0.0274,-0.028399999999999998
1994-11-30,-0.047,0.0037,0.0102,-0.0111,0.015600000000000001,-0.03545,-0.0457,-0.034699999999999995,-0.0433
1994-12-31,-0.0951,0.0044,-0.0027,0.058899999999999994,0.0012,-0.0682,-0.0591,-0.07515,-0.0907
1995-01-31,-0.12789999999999999,0.0042,0.009300000000000001,0.0227,0.060899999999999996,-0.11925,-0.12965,-0.0939,-0.12369999999999999
1995-02-28,0.0014000000000000002,0.004,-0.0478,0.029500000000000002,-0.0342,-0.00455,0.0387,-0.0003999999999999993,0.0054
1995-03-31,-0.0059,0.0046,-0.0173,0.018500000000000003,0.0361,-0.02085,0.004,0.0037500000000000003,-0.0013
1995-04-30,0.0215,0.0045000000000000005,0.0275,-0.011399999999999999,-0.0005,0.03375,0.00875,0.01315,0.026
1995-05-31,0.0527,0.0054,0.0129,0.0128,0.0189,0.050600000000000006,0.0532,0.04365,0.0581
1995-06-30,0.0006,0.004699999999999999,0.0222,0.0066,0.0313,0.0144,0.0119,0.017849999999999998,0.005299999999999999
1995-07-31,0.025699999999999997,0.0045000000000000005,-0.0018,0.005,0.0019,0.03005,0.0354,0.03,0.030199999999999998
1995-08-31,-0.0286,0.004699999999999999,-0.008,0.0109,0.0040999999999999995,-0.030899999999999997,-0.018850000000000002,-0.01565,-0.0239
1995-09-30,-0.0088,0.0043,0.025099999999999997,-0.0088,-0.0008,0.009600000000000001,-0.00825,-0.0033499999999999997,-0.0045000000000000005
1995-10-31,-0.039599999999999996,0.004699999999999999,-0.0154,0.0089,0.0557,-0.02715,-0.028749999999999998,-0.0018999999999999998,-0.0349
1995-11-30,-0.0154,0.0042,-0.0213,0.0138,0.0467,-0.016,-0.006,0.01695,-0.011200000000000002
1995-12-31,0.029500000000000002,0.0049,-0.0207,0.0203,0.0129,0.0336,0.04435,0.04555000000000001,0.0344
1996-01-31,0.08449999999999999,0.0043,-0.0163,0.0055000000000000005,-0.0226,0.07685,0.09764999999999999,0.0888,0.08879999999999999
1996-02-29,-0.0271,0.0039000000000000003,-0.0060999999999999995,0.0217,0.0149,-0.0163,-0.0032499999999999994,0.00255,-0.0232
1996-03-31,0.008199999999999999,0.0039000000000000003,-0.0302,0.0223,0.015700000000000002,0.00835,0.0322,0.03075,0.0121
1996-04-30,0.0208,0.0046,-0.0217,0.0032,-0.0194,0.02275,0.0353,0.0257,0.0254
1996-05-31,-0.0177,0.0042,0.0078000000000000005,-0.0013,-0.0113,-0.039999999999999994,-0.031,-0.028149999999999998,-0.013500000000000002
1996-06-30,0.0072,0.004,-0.0060999999999999995,0.0096,0.0335,0.0079,0.0292,0.03315,0.0112
1996-07-31,-0.058600000000000006,0.0045000000000000005,-0.0062,0.0012,0.0229,-0.04485,-0.04105,-0.0346,-0.05410000000000001
1996-08-31,0.0262,0.0040999999999999995,-0.043899999999999995,0.0155,0.0431,0.02025,0.040249999999999994,0.0482,0.0303
1996-09-30,0.010700000000000001,0.0044,-0.0189,-0.0026,0.0236,0.01205,0.01915,0.036250000000000004,0.015100000000000002
1996-10-31,-0.022000000000000002,0.0042,0.0027,0.0194,0.0254,-0.0048,-0.0009499999999999995,0.006149999999999999,-0.017800000000000003
1996-11-30,0.0109,0.0040999999999999995,0.028399999999999998,-0.0096,-0.0031,0.0255,0.0017999999999999995,0.002000000000000001,0.015
1996-12-31,0.002,0.0046,0.015700000000000002,0.0075,0.0024,0.006299999999999999,0.0024000000000000002,0.0002999999999999999,0.0066
1997-01-31,0.0662,0.0045000000000000005,0.0451,-0.009000000000000001,0.0166,0.09925,0.06570000000000001,0.08395000000000001,0.0707
1997-02-28,0.0478,0.0039000000000000003,0.0005,-0.030299999999999997,-0.006500000000000001,0.0538,0.04075,0.0539,0.0517
1997-03-31,-0.0258,0.0043,-0.0159,0.0192,0.0166,-0.020849999999999997,-0.00020000000000000052,-0.00455,-0.0215
1997-04-30,-0.024300000000000002,0.0043,0.059000000000000004,-0.008199999999999999,0.0208,-0.004399999999999999,-0.03425,-0.02415,-0.020000000000000004
1997-05-31,0.0269,0.0049,0.0025,-0.004699999999999999,0.030699999999999998,0.02425,0.015099999999999999,0.029700000000000004,0.0318
1997-06-30,0.0437,0.0037,0.030299999999999997,-0.0182,0.0381,0.06375,0.037,0.05845,0.047400000000000005
1997-07-31,0.0036,0.0043,0.042,0.0132,0.0034999999999999996,0.033350000000000005,0.0129,0.013399999999999999,0.0079
1997-08-31,-0.1162,0.0040999999999999995,0.0599,-0.0279,-0.0013,-0.0834,-0.11015,-0.10375000000000001,-0.1121
1997-09-30,0.013000000000000001,0.0044,0.0379,0.0072,0.0116,0.031049999999999998,0.005750000000000001,0.01415,0.017400000000000002
1997-10-31,-0.163,0.0042,0.0109,0.0111,-0.0013,-0.143,-0.14475,-0.14435,-0.1588
1997-11-30,-0.0579,0.0039000000000000003,0.059800000000000006,0.0074,0.0801,-0.05195,-0.0685,-0.03415,-0.054
1997-12-31,-0.0044,0.0048,0.0281,0.003,0.0158,-0.0098,-0.006749999999999999,-0.0183,0.0003999999999999993
1998-01-31,-0.066,0.0043,-0.0418,-0.0011,0.0223,-0.0805,-0.06125,-0.04875,-0.061700000000000005
1998-02-28,0.1017,0.0039000000000000003,-0.029900000000000003,0.0263,-0.0121,0.08524999999999999,0.10949999999999999,0.1043,0.1056
1998-03-31,0.037000000000000005,0.0039000000000000003,0.0455,-0.015,-0.018600000000000002,0.06720000000000001,0.0407,0.0339,0.040900000000000006
1998-04-30,0.0034000000000000002,0.0043,-0.0046,-0.0191,0.0015,0.01215,0.00605,0.002999999999999999,0.0077
1998-05-31,-0.1081,0.004,-0.0342,0.0084,0.0258,-0.09905,-0.07945,-0.072,-0.1041
1998-06-30,-0.1061,0.0040999999999999995,0.0146,0.0054,0.013000000000000001,-0.08615,-0.09255,-0.10064999999999999,-0.10200000000000001
1998-07-31,0.018500000000000003,0.004,0.0074,-0.011399999999999999,0.0046,0.013349999999999999,0.006850000000000001,0.020300000000000002,0.022500000000000003
1998-08-31,-0.24960000000000002,0.0043,0.0287,-0.0086,0.0004,-0.1979,-0.2215,-0.2084,-0.24530000000000002
1998-09-30,0.0359,0.0046,0.0196,0.009300000000000001,-0.0365,0.03345,0.0331,0.0115,0.0405
1998-10-31,0.0776,0.0032,-0.0103,0.021099999999999997,-0.0466,0.04925,0.0719,0.0388,0.0808
1998-11-30,0.061200000000000004,0.0031,0.0022,0.0068000000000000005,-0.1082,0.07164999999999999,0.0736,0.024149999999999998,0.06430000000000001
1998-12-31,-0.021099999999999997,0.0038,-0.0048,-0.0018,0.0236,-0.0097,-0.015200000000000002,0.0032499999999999985,-0.017299999999999996
1999-01-31,-0.019,0.0034999999999999996,-0.0167,0.0103,-0.0104,-0.037700000000000004,-0.023799999999999998,-0.027749999999999997,-0.0155
1999-02-28,-0.0013,0.0034999999999999996,0.0018,-0.0009,0.0034000000000000002,0.00335,-0.00255,-0.0037,0.0021999999999999997
1999-03-31,0.08689999999999999,0.0043,0.034,0.0161,-0.0407,0.10345,0.09920000000000001,0.065,0.09119999999999999
1999-04-30,0.1032,0.0037,0.052000000000000005,-0.0444,-0.018600000000000002,0.15515,0.0926,0.11825000000000001,0.1069
1999-05-31,0.0084,0.0034000000000000002,-0.0161,0.0166,0.020499999999999997,0.023899999999999998,0.042,0.0312,0.0118
1999-06-30,0.10210000000000001,0.004,-0.0018,0.013600000000000001,0.0279,0.11445000000000001,0.119,0.13835,0.10610000000000001
1999-07-31,-0.0177,0.0038,-0.0001,0.0048,0.030600000000000002,-0.008050000000000002,-0.004200000000000001,0.028099999999999993,-0.013900000000000001
1999-08-31,0.0241,0.0039000000000000003,0.0203,0.0064,0.0775,0.0505,0.04345,0.08224999999999999,0.028
1999-09-30,-0.034,0.0039000000000000003,0.0103,-0.0155,0.0031,-0.0288,-0.02305,-0.0213,-0.030100000000000002
1999-10-31,0.0294,0.0039000000000000003,0.0012,-0.026000000000000002,0.0859,0.0304,0.0196,0.0818,0.033299999999999996
1999-11-30,0.0832,0.0036,-0.032,0.025,0.0432,0.06945000000000001,0.09545000000000001,0.10139999999999999,0.0868
1999-12-31,0.11380000000000001,0.0044,-0.060599999999999994,0.011399999999999999,0.0115,0.054,0.09085,0.0843,0.11820000000000001
2000-01-31,0.0042,0.0040999999999999995,0.029300000000000003,-0.0301,-0.0294,0.04435,0.00955,0.015,0.008299999999999998
2000-02-29,0.025099999999999997,0.0043,-0.11539999999999999,0.0803,0.0555,-0.023799999999999998,0.06835000000000001,0.05285,0.029399999999999996
2000-03-31,0.0018,0.004699999999999999,-0.0084,0.0206,-0.0235,0.0030499999999999998,0.0167,-0.01625,0.006499999999999999
2000-04-30,-0.1133,0.0046,0.0368,0.0014000000000000002,-0.0691,-0.0978,-0.1159,-0.15175,-0.10869999999999999
2000-05-31,-0.031,0.005,0.016,0.0059,0.0039000000000000003,-0.0211,-0.02075,-0.019799999999999998,-0.026
2000-06-30,0.0182,0.004,-0.032,0.0287,0.037200000000000004,-0.0092,0.0188,0.02915,0.0222
2000-07-31,-0.0513,0.0048,0.062,-0.005699999999999999,-0.040999999999999995,-0.0040999999999999995,-0.04505,-0.060200000000000004,-0.0465
2000-08-31,-0.0048,0.005,-0.016,0.0292,0.0363,-0.02095,0.00515,0.0078,0.00020000000000000052
2000-09-30,-0.0975,0.0051,0.0466,-0.0003,-0.0127,-0.05155,-0.08785000000000001,-0.09525,-0.09240000000000001
2000-10-31,-0.092,0.005600000000000001,0.0273,0.0215,-0.0054,-0.08245,-0.08375,-0.0941,-0.0864
2000-11-30,-0.0895,0.0051,0.0146,0.006,0.013300000000000001,-0.07185,-0.07525,-0.08075,-0.0844
2000-12-31,0.008,0.005,0.0426,0.0072,-0.0070999999999999995,0.030500000000000003,0.0031000000000000003,-0.0026499999999999996,0.013000000000000001
2001-01-31,0.11470000000000001,0.0054,-0.0036,0.0058,-0.08,0.08165,0.10685,0.07885,0.12010000000000001
2001-02-28,-0.069,0.0038,0.0346,-0.017,0.043,-0.01785,-0.0496,-0.02795,-0.06520000000000001
2001-03-31,-0.0859,0.0042,0.0217,-0.0004,0.0329,-0.056650000000000006,-0.06695,-0.0623,-0.08170000000000001
2001-04-30,0.0354,0.0039000000000000003,0.0017000000000000001,0.0375,0.0048,0.023200000000000002,0.040850000000000004,0.03455,0.0393
2001-05-31,0.0074,0.0032,0.0317,0.0347,0.0263,0.024850000000000004,0.0218,0.0252,0.0106
2001-06-30,-0.0207,0.0028000000000000004,0.018600000000000002,0.011000000000000001,0.030299999999999997,-0.00215,-0.00615,0.0089,-0.0179
2001-07-31,-0.0694,0.003,-0.0014000000000000002,0.0131,0.0040999999999999995,-0.0666,-0.05605,-0.06465,-0.0664
2001-08-31,-0.0184,0.0031,0.0546,-0.0091,0.0060999999999999995,0.016,-0.01375,-0.011699999999999999,-0.0153
2001-09-30,-0.14679999999999999,0.0028000000000000004,0.0263,0.0141,0.0682,-0.1339,-0.1336,-0.1151,-0.144
2001-10-31,0.0508,0.0022,-0.0259,0.012199999999999999,-0.025699999999999997,0.03895,0.05355,0.042050000000000004,0.053
2001-11-30,0.0966,0.0017000000000000001,-0.006999999999999999,-0.0021,-0.0825,0.08765,0.08610000000000001,0.05175,0.0983
2001-12-31,0.0809,0.0015,-0.0017000000000000001,0.0116,-0.0017000000000000001,0.06395,0.07645,0.05995,0.0824
2002-01-31,0.0294,0.0014000000000000002,0.039599999999999996,-0.0059,0.0229,0.06445000000000001,0.0365,0.0599,0.0308
2002-02-28,0.0118,0.0013,0.0189,0.0083,0.0449,0.0109,0.0092,0.0269,0.0131
2002-03-31,0.06480000000000001,0.0013,0.02,-0.0086,-0.008,0.0843,0.06939999999999999,0.0695,0.0661
2002-04-30,0.0013,0.0015,0.0525,-0.0319,0.0022,0.03705,-0.0042,0.006250000000000002,0.0028
2002-05-31,-0.0227,0.0014000000000000002,0.013600000000000001,-0.0036,-0.0017000000000000001,-0.009899999999999999,-0.02035,-0.00395,-0.0213
2002-06-30,-0.07490000000000001,0.0013,0.0298,0.015600000000000001,0.031200000000000002,-0.059500000000000004,-0.06689999999999999,-0.054,-0.07360000000000001
2002-07-31,-0.0623,0.0015,0.0151,-0.0101,0.0169,-0.0448,-0.053500000000000006,-0.0408,-0.0608
2002-08-31,0.009899999999999999,0.0014000000000000002,-0.0124,0.023799999999999998,0.0049,-0.004050000000000001,0.016350000000000003,0.006199999999999999,0.0113
2002-09-30,-0.11130000000000001,0.0014000000000000002,0.0291,0.0362,0.0436,-0.10269999999999999,-0.1003,-0.0911,-0.10990000000000001
2002-10-31,0.0594,0.0014000000000000002,0.0083,-0.0033,0.011200000000000002,0.061,0.0537,0.0639,0.0608
2002-11-30,0.06,0.0012,0.024900000000000002,0.0088,-0.0033,0.07225000000000001,0.0655,0.058249999999999996,0.0612
2002-12-31,-0.0286,0.0011,0.0525,-0.0113,0.032799999999999996,0.00265,-0.0359,-0.014049999999999998,-0.0275
2003-01-31,0.0,0.001,0.037200000000000004,-0.0317,0.0155,0.03985,-0.0008000000000000012,0.02555,0.001
2003-02-28,-0.029900000000000003,0.0009,0.0078000000000000005,0.011399999999999999,0.0187,-0.02665,-0.01895,-0.0152,-0.029
2003-03-31,-0.0331,0.001,0.0146,0.011899999999999999,0.0255,-0.02975,-0.0335,-0.026250000000000002,-0.0321
2003-04-30,0.0922,0.001,0.0076,0.004699999999999999,-0.0215,0.0914,0.0876,0.07055,0.0932
2003-05-31,0.0708,0.0009,0.0116,-0.016200000000000003,-0.0265,0.0887,0.0703,0.0621,0.0717
2003-06-30,0.0588,0.001,0.0127,-0.0098,0.0019,0.0655,0.061549999999999994,0.06545,0.0598
2003-07-31,0.050300000000000004,0.0007000000000000001,0.0111,0.0231,0.0102,0.05159999999999999,0.06165,0.0553,0.051000000000000004
2003-08-31,0.065,0.0007000000000000001,0.0187,0.013600000000000001,0.02,0.06285,0.0635,0.0685,0.06570000000000001
2003-09-30,0.0161,0.0008,0.0313,-0.0027,0.009899999999999999,0.04025,0.024650000000000002,0.029449999999999997,0.0169
2003-10-31,0.0741,0.0007000000000000001,0.0435,-0.006,0.0404,0.09475,0.06345,0.08795,0.0748
2003-11-30,0.0115,0.0007000000000000001,0.0169,-0.0134,0.0069,0.02425,0.01015,0.024900000000000002,0.012199999999999999
2003-12-31,0.07339999999999999,0.0008,0.038900000000000004,-0.004699999999999999,0.0106,0.09440000000000001,0.06855,0.0806,0.07419999999999999
2004-01-31,0.0356,0.0007000000000000001,0.0088,0.0034000000000000002,0.0034999999999999996,0.0345,0.04295,0.03585,0.0363
2004-02-29,0.045700000000000005,0.0006,0.0333,-0.0048,0.0101,0.06420000000000001,0.046549999999999994,0.047299999999999995,0.04630000000000001
2004-03-31,0.0159,0.0009,0.0026,0.0067,0.0217,0.0148,0.016,0.0275,0.016800000000000002
2004-04-30,-0.0694,0.0008,-0.004699999999999999,0.0089,-0.0209,-0.0631,-0.052149999999999995,-0.0658,-0.06860000000000001
2004-05-31,-0.020099999999999996,0.0006,-0.0027,-0.0001,-0.0046,-0.03215,-0.032350000000000004,-0.035949999999999996,-0.019499999999999997
2004-06-30,0.0049,0.0008,0.021,0.002,0.0058,0.008300000000000002,-0.00285,-0.0017000000000000001,0.0057
2004-07-31,-0.019299999999999998,0.001,0.051,-0.0058,0.022000000000000002,0.0039,-0.020450000000000003,-0.0116,-0.018299999999999997
2004-08-31,0.0403,0.0011,-0.0018,0.005,-0.0043,0.03395,0.044800000000000006,0.03965,0.0414
2004-09-30,0.0584,0.0011,0.034,-0.0038,0.0333,0.07405,0.05605,0.07505,0.0595
2004-10-31,0.027999999999999997,0.0011,0.0105,-0.0017000000000000001,0.0176,0.032549999999999996,0.028999999999999998,0.03705,0.029099999999999997
2004-11-30,0.0842,0.0015,0.019299999999999998,0.0031,0.0363,0.10635,0.09065000000000001,0.10685,0.0857
2004-12-31,0.0542,0.0016,0.0091,-0.0053,0.0231,0.05955,0.057449999999999994,0.0735,0.055799999999999995
2005-01-31,0.0067,0.0016,-0.0152,-0.0073,0.0088,0.014,0.018500000000000003,0.0201,0.0083
2005-02-28,0.08449999999999999,0.0016,0.031400000000000004,-0.002,0.012,0.10195,0.0811,0.0928,0.0861
2005-03-31,-0.060700000000000004,0.0021,-0.008100000000000001,0.0086,-0.0032,-0.05405,-0.049749999999999996,-0.050449999999999995,-0.058600000000000006
2005-04-30,-0.0279,0.0021,0.0131,0.0058,0.0297,-0.0192,-0.02385,-0.010349999999999998,-0.0258
2005-05-31,0.031200000000000002,0.0024,-0.0149,0.0023,0.0019,0.01915,0.031549999999999995,0.03425,0.033600000000000005
2005-06-30,0.0347,0.0023,0.016,-0.006999999999999999,0.018000000000000002,0.0469,0.03605,0.0504,0.037000000000000005
2005-07-31,0.0645,0.0024,0.0083,0.0064,0.026000000000000002,0.0673,0.0661,0.08035,0.0669
2005-08-31,0.0070999999999999995,0.003,0.02,-0.0148,0.038900000000000004,0.0104,-0.0036,0.019549999999999998,0.0101
2005-09-30,0.08410000000000001,0.0029,0.0181,-0.0215,0.0101,0.0814,0.06395,0.0789,0.08700000000000001
2005-10-31,-0.060899999999999996,0.0027,-0.0022,-0.012,0.0021,-0.04630000000000001,-0.057550000000000004,-0.051699999999999996,-0.058199999999999995
2005-11-30,0.07519999999999999,0.0031,0.011000000000000001,-0.022000000000000002,0.016399999999999998,0.08625,0.07345,0.0918,0.0783
2005-12-31,0.0594,0.0032,0.0013,0.0060999999999999995,-0.0131,0.059550000000000006,0.06605,0.05315,0.0626
2006-01-31,0.0993,0.0034999999999999996,0.005,-0.0171,-0.0037,0.09864999999999999,0.09165,0.09505,0.1028
2006-02-28,0.0016,0.0034000000000000002,0.0231,-0.0204,-0.015600000000000001,0.024349999999999997,0.007050000000000001,-0.00235,0.005
2006-03-31,0.0074,0.0037,0.0004,0.013600000000000001,0.0126,0.014050000000000002,0.022000000000000002,0.0212,0.0111
2006-04-30,0.0721,0.0036,0.0287,-0.0192,0.0176,0.08615,0.0648,0.08650000000000001,0.0757
2006-05-31,-0.10310000000000001,0.0043,-0.009000000000000001,0.0132,-0.0121,-0.0969,-0.0887,-0.10035,-0.09880000000000001
2006-06-30,-0.0144,0.004,-0.0006,-0.0087,0.0014000000000000002,-0.037,-0.0348,-0.0368,-0.0104
2006-07-31,0.0087,0.004,0.0048,0.0132,0.009399999999999999,0.01055,0.0158,0.01175,0.0127
2006-08-31,0.026000000000000002,0.0042,-0.013600000000000001,-0.0089,0.0023,0.0232,0.03095,0.0399,0.0302
2006-09-30,0.006500000000000001,0.0040999999999999995,0.0033,0.0046,-0.009399999999999999,0.02505,0.0131,0.015700000000000002,0.0106
2006-10-31,0.0425,0.0040999999999999995,0.0213,0.0079,0.0126,0.060450000000000004,0.05335,0.05935,0.0466
2006-11-30,0.0722,0.0042,0.0248,-0.0288,0.0173,0.0965,0.0668,0.08985000000000001,0.0764
2006-12-31,0.042300000000000004,0.004,0.022799999999999997,-0.0049,0.0091,0.054150000000000004,0.0397,0.04335,0.04630000000000001
2007-01-31,-0.011699999999999999,0.0044,-0.024300000000000002,0.0037,0.0159,0.00865,0.0062,0.01595,-0.007299999999999998
2007-02-28,-0.0015,0.0038,0.0209,-0.0092,0.024700000000000003,0.03025,0.0109,0.031,0.0023
2007-03-31,0.038900000000000004,0.0043,0.018000000000000002,-0.0013,0.024900000000000002,0.0595,0.045399999999999996,0.06175,0.0432
2007-04-30,0.045899999999999996,0.0044,0.0256,0.0040999999999999995,0.03,0.07400000000000001,0.0575,0.0765,0.0503
2007-05-31,0.051699999999999996,0.0040999999999999995,0.0132,0.0076,0.0296,0.08015,0.0721,0.0813,0.055799999999999995
2007-06-30,0.042800000000000005,0.004,0.0069,-0.0054,-0.0005,0.04395,0.0482,0.04875,0.04680000000000001
2007-07-31,0.0556,0.004,0.018000000000000002,-0.021,0.0315,0.0697,0.05155,0.07505,0.0596
2007-08-31,-0.0339,0.0042,0.0008,0.0053,0.0059,-0.04705,-0.0443,-0.0491,-0.0297
2007-09-30,0.08929999999999999,0.0032,0.0126,0.0304,0.0125,0.0749,0.0839,0.0817,0.09249999999999999
2007-10-31,0.0956,0.0032,-0.004699999999999999,-0.0016,0.029900000000000003,0.06,0.0704,0.078,0.0988
2007-11-30,-0.0707,0.0034000000000000002,0.0169,0.005600000000000001,-0.022099999999999998,-0.06575,-0.06805,-0.0784,-0.0673
2007-12-31,0.009899999999999999,0.0027,0.016,0.015,-0.0163,0.0225,0.030350000000000002,0.00715,0.0126
2008-01-31,-0.12390000000000001,0.0021,0.0208,-0.0129,-0.009399999999999999,-0.11285,-0.12425,-0.12275,-0.1218
2008-02-29,0.0684,0.0013,0.0113,-0.0137,0.0362,0.0706,0.05360000000000001,0.08375,0.0697
2008-03-31,-0.049100000000000005,0.0017000000000000001,0.002,0.0129,-0.02,-0.0439,-0.04644999999999999,-0.06259999999999999,-0.047400000000000005
2008-04-30,0.0699,0.0018,0.0018,0.0199,0.016,0.04995,0.05995,0.07305,0.0717
2008-05-31,0.0182,0.0018,0.011399999999999999,-0.0055000000000000005,0.0163,0.013850000000000001,0.004999999999999999,0.02525,0.02
2008-06-30,-0.096,0.0017000000000000001,-0.0045000000000000005,0.0022,0.026699999999999998,-0.09584999999999999,-0.09245,-0.08545,-0.0943
2008-07-31,-0.0421,0.0015,-0.008199999999999999,0.006999999999999999,-0.026699999999999998,-0.0425,-0.031299999999999994,-0.04945,-0.0406
2008-08-31,-0.0817,0.0013,-0.012199999999999999,0.0159,-0.0045000000000000005,-0.09154999999999999,-0.07475000000000001,-0.08505,-0.0804
2008-09-30,-0.1807,0.0015,0.017,0.0168,0.0277,-0.18285,-0.18245,-0.1815,-0.1792
2008-10-31,-0.2731,0.0008,-0.0067,0.03,0.0395,-0.2844,-0.2568,-0.26559999999999995,-0.2723
2008-11-30,-0.0784,0.0003,0.0152,-0.0182,0.0067,-0.07535,-0.09140000000000001,-0.0822,-0.0781
2008-12-31,0.0741,0.0,0.0025,-0.0239,-0.0779,0.07465,0.06655,0.05,0.0741
2009-01-31,-0.0641,0.0,-0.008,0.0083,-0.0248,-0.0632,-0.0534,-0.0639,-0.0641
2009-02-28,-0.0507,0.0001,-0.0102,0.0033,0.026699999999999998,-0.0482,-0.0493,-0.031249999999999997,-0.0506
2009-03-31,0.13720000000000002,0.0002,0.0131,-0.005699999999999999,-0.0392,0.12325,0.1217,0.1152,0.13740000000000002
2009-04-30,0.1698,0.0001,0.0034000000000000002,-0.0152,-0.1439,0.18505,0.1714,0.12315000000000001,0.1699
2009-05-31,0.17980000000000002,0.0,0.0292,-0.037000000000000005,-0.1484,0.19820000000000002,0.16515000000000002,0.1265,0.17980000000000002
2009-06-30,-0.0141,0.0001,0.0040999999999999995,-0.0038,0.001,-0.019950000000000002,-0.01375,-0.01185,-0.014
2009-07-31,0.1109,0.0001,0.0356,-0.0059,-0.0026,0.13195,0.10794999999999999,0.11795,0.111
2009-08-31,0.0002,0.0001,0.021,0.0106,-0.018500000000000003,0.021900000000000003,0.0201,0.003,0.00030000000000000003
2009-09-30,0.094,0.0001,0.0296,-0.015,-0.004,0.1006,0.08145,0.09165000000000001,0.0941
2009-10-31,-0.0025,0.0,0.0042,0.0088,-0.006,0.0039000000000000007,0.00595,0.0008500000000000001,-0.0025
2009-11-30,0.04190000000000001,0.0,-0.0009,0.003,0.0206,0.03995,0.04385,0.05475,0.04190000000000001
2009-12-31,0.0463,0.0001,0.023399999999999997,0.0053,0.023799999999999998,0.0629,0.057999999999999996,0.07089999999999999,0.046400000000000004
2010-01-31,-0.0455,0.0,-0.0016,-0.0001,-0.0276,-0.03135,-0.0354,-0.04795,-0.0455
2010-02-28,0.0066,0.0,-0.0053,0.0087,0.0216,0.010249999999999999,0.015700000000000002,0.024050000000000002,0.0066
2010-03-31,0.08109999999999999,0.0001,0.0329,0.0006,0.0168,0.09025,0.08005000000000001,0.0834,0.0812
2010-04-30,0.0151,0.0001,0.0066,0.016,0.0218,0.02775,0.03125,0.0383,0.0152
2010-05-31,-0.0888,0.0001,-0.0203,0.009399999999999999,-0.009000000000000001,-0.1026,-0.0903,-0.10200000000000001,-0.0887
2010-06-30,-0.0023,0.0001,-0.013999999999999999,0.0013,0.0021,-0.00145,0.0027500000000000003,0.00010000000000000026,-0.0022
2010-07-31,0.0814,0.0001,0.0079,-0.0038,0.0147,0.07944999999999999,0.0738,0.0869,0.0815
2010-08-31,-0.014499999999999999,0.0001,-0.0039000000000000003,0.0115,0.023,-0.00975,-0.0027,0.0010500000000000002,-0.0144
2010-09-30,0.1121,0.0001,0.0017000000000000001,0.0015,0.024300000000000002,0.1101,0.11305,0.1284,0.11220000000000001
2010-10-31,0.0298,0.0001,0.0012,0.012199999999999999,0.0159,0.0376,0.0444,0.045649999999999996,0.0299
2010-11-30,-0.022799999999999997,0.0001,-0.0059,0.018799999999999997,0.0192,-0.029649999999999996,-0.013099999999999999,-0.018750000000000003,-0.022699999999999998
2010-12-31,0.0724,0.0001,0.0262,-0.0192,-0.0115,0.07935,0.0575,0.0659,0.07250000000000001
2011-01-31,-0.023799999999999998,0.0001,0.0204,0.0077,0.0084,-0.013600000000000001,-0.0184,-0.02305,-0.0237
2011-02-28,-0.017,0.0001,-0.0034999999999999996,0.0015,0.0051,-0.0231,-0.024599999999999997,-0.01885,-0.016900000000000002
2011-03-31,0.055,0.0001,0.0063,0.006,0.0337,0.049049999999999996,0.0456,0.069,0.0551
2011-04-30,0.0373,0.0,-0.0007000000000000001,0.0187,0.043,0.04115,0.049300000000000004,0.0638,0.0373
2011-05-31,-0.025699999999999997,0.0,-0.0104,0.0207,0.014199999999999999,-0.0337,-0.0196,-0.02695,-0.025699999999999997
2011-06-30,-0.014499999999999999,0.0,-0.0005,0.0077,0.0096,-0.016149999999999998,-0.015,-0.015300000000000001,-0.014499999999999999
2011-07-31,0.0034999999999999996,0.0,0.0031,-0.001,0.0217,0.0093,0.0093,0.0202,0.0034999999999999996
2011-08-31,-0.0908,0.0001,-0.0178,0.0183,0.02,-0.1008,-0.08395,-0.0879,-0.0907
2011-09-30,-0.1482,0.0,-0.022099999999999998,0.026600000000000002,0.001,-0.1659,-0.13795000000000002,-0.1602,-0.1482
2011-10-31,0.1215,0.0,-0.0021,-0.01,-0.029500000000000002,0.1116,0.10244999999999999,0.10214999999999999,0.1215
2011-11-30,-0.0636,0.0,0.0026,0.0202,0.038,-0.06105000000000001,-0.05424999999999999,-0.04725,-0.0636
2011-12-31,-0.0128,0.0,0.0036,-0.0076,0.0126,-0.010199999999999999,-0.01885,-0.0086,-0.0128
2012-01-31,0.1115,0.0,0.023799999999999998,-0.006999999999999999,-0.0767,0.11549999999999999,0.09685,0.07375000000000001,0.1115
2012-02-29,0.0633,0.0,-0.0011,0.0049,-0.023,0.07220000000000001,0.07775000000000001,0.06415,0.0633
2012-03-31,-0.0292,0.0,-0.016,0.0218,0.0524,-0.03905,-0.015899999999999997,-0.0021999999999999997,-0.0292
2012-04-30,-0.0161,0.0,-0.0029,0.024,0.0432,-0.02195,-0.00515,-0.0035000000000000005,-0.0161
2012-05-31,-0.10369999999999999,0.0001,-0.0177,-0.0002,0.0322,-0.10435,-0.10155,-0.08979999999999999,-0.10359999999999998
2012-06-30,0.036699999999999997,0.0,0.0049,0.0048,0.013300000000000001,0.04095,0.03995,0.03705,0.036699999999999997
2012-07-31,0.0132,0.0,0.0015,0.0063,0.0317,0.00255,0.004050000000000001,0.019200000000000002,0.0132
2012-08-31,0.0055000000000000005,0.0001,-0.006999999999999999,-0.0072,0.0126,0.015550000000000001,0.00925,0.02615,0.005600000000000001
2012-09-30,0.057800000000000004,0.0001,0.0161,-0.006500000000000001,-0.0063,0.06309999999999999,0.0509,0.057999999999999996,0.05790000000000001
2012-10-31,-0.0068000000000000005,0.0001,0.0029,0.0161,0.032,-0.007,0.0056500000000000005,0.009349999999999999,-0.0067
2012-11-30,0.0108,0.0001,-0.0005,0.0060999999999999995,0.0362,0.005,0.0089,0.02405,0.0109
2012-12-31,0.0509,0.0001,0.0271,-0.0026,-0.014199999999999999,0.06115,0.04965,0.04375,0.051000000000000004
2013-01-31,0.0175,0.0,0.016,-0.0182,0.009399999999999999,0.03095,0.01445,0.02955,0.0175
2013-02-28,-0.0083,0.0,-0.0118,0.004699999999999999,0.0482,-0.00835,0.0007000000000000001,0.0216,-0.0083
2013-03-31,-0.0121,0.0,-0.0053,0.009300000000000001,0.025099999999999997,-0.0072,-0.006200000000000001,0.0029999999999999996,-0.0121
2013-04-30,0.0109,0.0,-0.0034000000000000002,0.0054,0.037599999999999995,0.0139,0.016,0.0337,0.0109
2013-05-31,-0.0189,0.0,0.002,-0.0086,0.013999999999999999,-0.01085,-0.01555,-0.0067,-0.0189
2013-06-30,-0.0644,0.0,-0.0305,0.015300000000000001,0.0003,-0.0826,-0.05835,-0.07145,-0.0644
2013-07-31,0.0158,0.0,-0.0058,0.0021,0.0028000000000000004,0.0159,0.021400000000000002,0.02035,0.0158
2013-08-31,-0.024900000000000002,0.0,0.0148,-0.0067,-0.0204,-0.0194,-0.027999999999999997,-0.0406,-0.024900000000000002
2013-09-30,0.068,0.0,0.006999999999999999,-0.015300000000000001,-0.001,0.0713,0.05895,0.0678,0.068
2013-10-31,0.0425,0.0,0.0023,-0.0005,0.015600000000000001,0.0395,0.0349,0.042749999999999996,0.0425
2013-11-30,-0.0146,0.0,-0.0062,0.0118,0.0134,-0.020800000000000003,-0.0072,-0.0069500000000000004,-0.0146
2013-12-31,-0.0048,0.0,0.0016,0.0018,0.018500000000000003,0.0033,0.0024000000000000002,0.014549999999999999,-0.0048
2014-01-31,-0.059000000000000004,0.0,-0.0089,0.0026,0.0329,-0.0471,-0.04635,-0.023149999999999997,-0.059000000000000004
2014-02-28,0.0359,0.0,-0.0235,0.0019,0.034,0.03005,0.04135,0.0648,0.0359
2014-03-31,0.0255,0.0,0.0166,0.0025,-0.0359,0.033699999999999994,0.026500000000000003,0.0012499999999999994,0.0255
2014-04-30,0.005600000000000001,0.0,0.0154,0.0118,-0.027200000000000002,0.01285,0.010450000000000001,-0.009550000000000001,0.005600000000000001
2014-05-31,0.0388,0.0,0.0103,-0.0004,0.0149,0.04825,0.043300000000000005,0.049699999999999994,0.0388
2014-06-30,0.030600000000000002,0.0,0.006999999999999999,-0.0045000000000000005,0.031400000000000004,0.031849999999999996,0.026150000000000003,0.042749999999999996,0.030600000000000002
2014-07-31,0.0168,0.0,0.0222,0.0021,-0.0060999999999999995,0.01865,0.0095,0.004449999999999999,0.0168
2014-08-31,0.0217,0.0,-0.0026,-0.0001,0.006500000000000001,0.0169,0.0229,0.02395,0.0217
2014-09-30,-0.062400000000000004,0.0,-0.0233,0.0233,0.0104,-0.0619,-0.04085,-0.045950000000000005,-0.062400000000000004
2014-10-31,0.004699999999999999,0.0,-0.0172,0.0182,0.0192,-0.012750000000000001,0.00375,0.0028999999999999994,0.004699999999999999
2014-11-30,-0.0113,0.0,-0.005699999999999999,0.0098,0.009300000000000001,-0.02185,-0.0122,-0.0143,-0.0113
2014-12-31,-0.039599999999999996,0.0,-0.0037,0.0149,-0.0018,-0.03835,-0.0269,-0.04515,-0.039599999999999996
2015-01-31,0.0078000000000000005,0.0,-0.0181,0.0176,0.0397,-0.00535,0.01455,0.02565,0.0078000000000000005
2015-02-28,0.0256,0.0,0.015600000000000001,-0.0051,-0.0124,0.03245,0.022699999999999998,0.0207,0.0256
2015-03-31,-0.0106,0.0,-0.010700000000000001,0.0058,0.0279,-0.013699999999999999,-0.0013,0.00145,-0.0106
2015-04-30,0.0729,0.0,0.0434,-0.0297,-0.0233,0.1078,0.06989999999999999,0.0759,0.0729
2015-05-31,-0.0286,0.0,-0.0187,-0.0048,0.032799999999999996,-0.019749999999999997,-0.014,0.00315,-0.0286
2015-06-30,-0.023399999999999997,0.0,-0.0265,0.0044,0.0161,-0.0354,-0.026299999999999997,-0.023499999999999997,-0.023399999999999997
2015-07-31,-0.0672,0.0,-0.015600000000000001,0.0223,0.0169,-0.07944999999999999,-0.057999999999999996,-0.06820000000000001,-0.0672
2015-08-31,-0.0877,0.0,-0.0085,0.0095,0.011699999999999999,-0.09670000000000001,-0.0839,-0.0887,-0.0877
2015-09-30,-0.020499999999999997,0.0,-0.002,-0.006999999999999999,0.009000000000000001,-0.01395,-0.0173,-0.004149999999999999,-0.020499999999999997
2015-10-31,0.0711,0.0,-0.004699999999999999,0.0032,-0.0354,0.06470000000000001,0.0709,0.0599,0.0711
2015-11-30,-0.0281,0.0,-0.0218,0.0004,0.0277,-0.029450000000000004,-0.01925,-0.0086,-0.0281
2015-12-31,-0.0163,0.0001,0.0058,0.0138,0.0076,-0.0085,-0.0034999999999999996,-0.0103,-0.0162
2016-01-31,-0.06269999999999999,0.0001,-0.009399999999999999,0.0014000000000000002,0.017,-0.07535,-0.07214999999999999,-0.0706,-0.06259999999999999
2016-02-29,-0.0060999999999999995,0.0002,0.0163,-0.006500000000000001,-0.0326,0.00435,-0.0075,-0.021150000000000002,-0.0059
2016-03-31,0.1206,0.0002,0.029900000000000003,-0.017,-0.0512,0.12875,0.1076,0.09559999999999999,0.1208
2016-04-30,0.0125,0.0001,0.021099999999999997,-0.0134,-0.015300000000000001,0.032,0.0136,0.0132,0.0126
2016-05-31,-0.0351,0.0001,-0.0298,0.0154,0.0545,-0.052199999999999996,-0.029449999999999997,-0.01015,-0.034999999999999996
2016-06-30,0.041100000000000005,0.0002,0.0175,0.0029,-0.0079,0.045649999999999996,0.041749999999999995,0.02785,0.0413
2016-07-31,0.04650000000000001,0.0002,0.034,-0.001,-0.0176,0.0618,0.04625,0.041550000000000004,0.046700000000000005
2016-08-31,0.0241,0.0002,0.015,0.008199999999999999,0.0151,0.0254,0.02265,0.026199999999999998,0.0243
2016-09-30,0.012199999999999999,0.0002,-0.0052,0.0087,0.0139,0.012499999999999999,0.01815,0.02545,0.0124
2016-10-31,-0.0018,0.0002,0.035,-0.0173,-0.0060999999999999995,0.0121,-0.0103,-0.00775,-0.0015999999999999999
2016-11-30,-0.0449,0.0001,0.0274,-0.0029,-0.0046,-0.0303,-0.047549999999999995,-0.04485,-0.0448
2016-12-31,0.004,0.0003,0.011399999999999999,0.0005,-0.0045000000000000005,0.011300000000000001,0.006449999999999999,0.0028499999999999992,0.0043
2017-01-31,0.052000000000000005,0.0004,0.0322,-0.0098,0.028900000000000002,0.06355,0.04625,0.0702,0.0524
2017-02-28,0.034300000000000004,0.0004,0.0273,-0.004699999999999999,-0.0025,0.049049999999999996,0.03315,0.033049999999999996,0.0347
2017-03-31,0.0278,0.0003,-0.0048,0.0217,0.015600000000000001,0.02285,0.0421,0.035699999999999996,0.0281
2017-04-30,0.0172,0.0005,-0.0128,0.0095,0.0104,0.0055,0.020900000000000002,0.0162,0.0177
2017-05-31,0.024,0.0006,-0.0169,0.022000000000000002,0.0189,0.0076,0.025099999999999997,0.022949999999999998,0.0246
2017-06-30,0.0070999999999999995,0.0006,-0.0018,0.0121,0.0327,0.0023,0.012199999999999999,0.0224,0.007699999999999999
2017-07-31,0.0524,0.0007000000000000001,0.0054,-0.0017000000000000001,0.042800000000000005,0.0487,0.04005,0.06435,0.0531
2017-08-31,0.0196,0.0009,0.0026,-0.0009,0.0154,0.0191,0.0123,0.023649999999999997,0.0205
2017-09-30,-0.0033,0.0009,-0.0034999999999999996,0.0087,0.011399999999999999,-0.001899999999999999,0.008450000000000001,0.00865,-0.0024000000000000002
2017-10-31,0.032,0.0009,0.004,0.0044,0.0195,0.035250000000000004,0.030950000000000002,0.041550000000000004,0.0329
2017-11-30,0.0042,0.0008,-0.0189,0.0006,0.0184,-0.0010999999999999998,0.0098,0.01815,0.005
2017-12-31,0.0353,0.0009,-0.0016,0.0034000000000000002,0.0024,0.03975,0.0356,0.035250000000000004,0.036199999999999996
2018-01-31,0.0764,0.0011,0.0016,-0.009300000000000001,0.0126,0.08015,0.05890000000000001,0.07300000000000001,0.0775
2018-02-28,-0.044500000000000005,0.0011,-0.0139,0.0022,0.0102,-0.0442,-0.0363,-0.033299999999999996,-0.04340000000000001
2018-03-31,-0.015700000000000002,0.0012,-0.0232,0.012,0.009000000000000001,-0.0219,-0.00475,-0.0092,-0.014500000000000002
2018-04-30,-0.006500000000000001,0.0014000000000000002,0.013999999999999999,-0.0078000000000000005,-0.0044,0.00845,-0.009049999999999999,-0.0105,-0.0051
2018-05-31,-0.030699999999999998,0.0014000000000000002,-0.023799999999999998,0.0092,0.03,-0.0309,-0.016800000000000002,-0.0062,-0.0293
2018-06-30,-0.0446,0.0014000000000000002,0.0012,0.0040999999999999995,-0.0083,-0.0591,-0.04965,-0.0563,-0.0432
2018-07-31,0.018000000000000002,0.0016,0.030299999999999997,-0.0034000000000000002,-0.0105,0.02435,0.0077,0.00405,0.019600000000000003
2018-08-31,-0.0271,0.0016,0.014499999999999999,-0.0072,0.008100000000000001,-0.0249,-0.032049999999999995,-0.027950000000000003,-0.0255
2018-09-30,-0.013300000000000001,0.0015,0.0203,-0.0121,0.0075,-0.0077,-0.0274,-0.0179,-0.011800000000000001
2018-10-31,-0.08869999999999999,0.0019,0.0542,-0.013000000000000001,-0.0165,-0.06645,-0.10329999999999999,-0.0998,-0.08679999999999999
2018-11-30,0.0426,0.0018,-0.0092,0.0091,-0.0073,0.03525,0.04795,0.03485,0.0444
2018-12-31,-0.022400000000000003,0.0019,0.0199,-0.0076,0.0015,-0.00715,-0.0197,-0.0135,-0.020500000000000004
2019-01-31,0.0727,0.0021,0.0005,0.0063,-0.022799999999999997,0.06484999999999999,0.06760000000000001,0.05585,0.0748
2019-02-28,0.0014000000000000002,0.0018,-0.0127,0.0075,-0.0075,0.00275,0.01025,0.0006500000000000002,0.0032
2019-03-31,0.008,0.0019,-0.0005,0.0078000000000000005,0.0178,0.007449999999999999,0.01635,0.024399999999999998,0.0099
2019-04-30,0.0151,0.0021,-0.0183,0.0031,-0.013500000000000002,0.0058,0.01695,0.007200000000000001,0.0172
2019-05-31,-0.0635,0.0021,0.0354,-0.013500000000000002,0.0394,-0.0399,-0.05890000000000001,-0.031849999999999996,-0.0614
2019-06-30,0.054000000000000006,0.0018,0.0015,0.0124,0.0126,0.04975,0.054400000000000004,0.04719999999999999,0.05580000000000001
2019-07-31,-0.0183,0.0019,-0.0167,0.0105,0.0060999999999999995,-0.029300000000000003,-0.012,-0.017,-0.0164
2019-08-31,-0.0461,0.0016,-0.0215,-0.0074,0.0353,-0.0541,-0.048600000000000004,-0.02445,-0.044500000000000005
2019-09-30,0.0196,0.0018,0.013999999999999999,0.021400000000000002,-0.0085,0.024849999999999997,0.032,0.01545,0.0214
2019-10-31,0.0378,0.0015,-0.0073,-0.0016,0.014199999999999999,0.0323,0.036199999999999996,0.04335,0.0393
2019-11-30,-0.004,0.0012,0.009000000000000001,-0.005699999999999999,-0.001,-0.00375,-0.012,-0.01405,-0.0028000000000000004
2019-12-31,0.0691,0.0014000000000000002,0.0045000000000000005,0.026699999999999998,0.003,0.06465,0.08349999999999999,0.0702,0.0705
2020-01-31,-0.0463,0.0013,-0.0297,0.0027,0.0342,-0.0562,-0.03265,-0.024149999999999998,-0.045
2020-02-29,-0.0562,0.0012,-0.0305,0.0143,0.0398,-0.06845000000000001,-0.04925,-0.04455,-0.055
2020-03-31,-0.1709,0.0012,-0.0689,0.0194,0.0625,-0.2096,-0.1743,-0.17345,-0.1697
2020-04-30,0.1008,0.0,0.0045000000000000005,-0.0115,0.0076,0.1091,0.10694999999999999,0.12150000000000001,0.1008
2020-05-31,0.0165,0.0001,-0.0316,-0.0301,0.0166,0.0067,0.007250000000000001,0.0344,0.0166
2020-06-30,0.073,0.0001,-0.0123,-0.0134,0.024900000000000002,0.0682,0.07625,0.09445,0.0731
2020-07-31,0.0828,0.0001,-0.0173,0.0129,0.0599,0.0655,0.08259999999999999,0.1189,0.0829
2020-08-31,0.0255,0.0001,-0.0055000000000000005,-0.019,0.0058,0.03195,0.02135,0.03965,0.025599999999999998
2020-09-30,-0.0172,0.0001,0.0025,0.008100000000000001,0.0158,-0.0196,-0.014249999999999999,-0.01375,-0.0171
2020-10-31,0.0166,0.0001,-0.0046,-0.0005,0.0128,0.0039,0.005649999999999999,0.011800000000000001,0.0167
2020-11-30,0.1013,0.0001,0.060599999999999994,-0.024399999999999998,-0.0842,0.13015,0.09955,0.07395,0.1014
2020-12-31,0.07429999999999999,0.0001,0.013000000000000001,-0.006500000000000001,0.0091,0.0676,0.0718,0.065,0.0744
2021-01-31,0.021099999999999997,0.0,-0.0438,0.0203,0.0703,-0.00225,0.03,0.053099999999999994,0.021099999999999997
2021-02-28,0.0206,0.0,0.0431,-0.0168,-0.0174,0.06085,0.030450000000000005,0.0323,0.0206
2021-03-31,-0.006500000000000001,0.0,0.0433,0.009399999999999999,-0.031400000000000004,0.0267,0.0102,-0.006749999999999999,-0.006500000000000001
2021-04-30,0.0297,0.0,0.0292,-0.0132,0.0286,0.055099999999999996,0.03715,0.054900000000000004,0.0297
2021-05-31,0.0242,0.0,0.028999999999999998,0.0031,-0.0018,0.04175,0.02855,0.0259,0.0242
2021-06-30,0.0060999999999999995,0.0,0.002,-0.0096,0.038,0.021699999999999997,0.012049999999999998,0.044,0.0060999999999999995
2021-07-31,-0.0545,0.0,0.037200000000000004,0.019299999999999998,0.0388,-0.026600000000000002,-0.03955,-0.020100000000000003,-0.0545
2021-08-31,0.0232,0.0,0.018500000000000003,0.0086,0.011899999999999999,0.032850000000000004,0.0218,0.016300000000000002,0.0232
2021-09-30,-0.031,0.0,0.0338,-0.0025,-0.006999999999999999,5e-05,-0.027549999999999998,-0.0339,-0.031
2021-10-31,0.0059,0.0,0.0007000000000000001,-0.0078000000000000005,0.0108,-0.004399999999999999,-0.006999999999999999,0.012,0.0059
2021-11-30,-0.035699999999999996,0.0,-0.0121,0.0229,0.0196,-0.037349999999999994,-0.019549999999999998,-0.02445,-0.035699999999999996
2021-12-31,0.0239,0.0001,0.0395,0.0222,0.0191,0.05034999999999999,0.03905,0.032299999999999995,0.024
2022-01-31,-0.0217,0.0,0.0547,0.0008,-0.0184,0.0022499999999999985,-0.030850000000000002,-0.04285,-0.0217
2022-02-28,-0.029300000000000003,0.0,0.0192,0.015600000000000001,0.0437,-0.024349999999999997,-0.025349999999999998,-0.00855,-0.029300000000000003
2022-03-31,-0.015700000000000002,0.0,0.0291,-0.0113,0.037000000000000005,0.00045000000000000004,-0.0244,0.003299999999999999,-0.015700000000000002
2022-04-30,-0.0526,0.0,0.035,0.0038,0.0129,-0.0315,-0.04735,-0.0402,-0.0526
2022-05-31,0.0026,0.0003,-0.0087,-0.0013,-0.0008,-0.007050000000000001,-0.0010499999999999997,-0.00315,0.0029
2022-06-30,-0.0677,0.0006,-0.009899999999999999,-0.0149,-0.025,-0.0723,-0.0728,-0.07065,-0.06709999999999999
2022-07-31,0.0024,0.0008,0.0147,0.0008,0.0545,0.014849999999999999,0.006200000000000001,0.024550000000000002,0.0031999999999999997
2022-08-31,0.0075,0.0019,0.0087,-0.0236,0.0087,0.019250000000000003,0.0004000000000000002,0.0214,0.0094
2022-09-30,-0.1076,0.0019,0.038900000000000004,0.0016,0.0481,-0.08415,-0.10655,-0.0805,-0.1057
2022-10-31,-0.0199,0.0023,0.0359,-0.0060999999999999995,0.0195,-0.00010000000000000026,-0.02385,-0.00755,-0.0176
2022-11-30,0.1255,0.0029,-0.0347,0.0276,-0.0915,0.09975,0.13585,0.07869999999999999,0.12840000000000001
2022-12-31,-0.0147,0.0033,-0.0032,-0.0033,-0.0227,-0.005900000000000001,-0.0038,-0.012799999999999999,-0.0114
2023-01-31,0.06269999999999999,0.0034999999999999996,-0.034300000000000004,0.027200000000000002,-0.0373,0.04455,0.076,0.04895,0.0662
2023-02-28,-0.0567,0.0034000000000000002,0.0097,0.0073,0.0253,-0.039749999999999994,-0.0416,-0.03535,-0.0533
2023-03-31,0.0227,0.0036,-0.0126,0.0088,0.0143,0.00565,0.0186,0.0158,0.0263
2023-04-30,-0.0073,0.0034999999999999996,0.050499999999999996,-0.0151,0.0246,0.03125,-0.00575,0.0131,-0.0038000000000000004
2023-05-31,-0.014499999999999999,0.0036,0.0087,-0.0006,0.0059,-0.00715,-0.00805,-0.0094,-0.0109
2023-06-30,0.037200000000000004,0.004,0.015700000000000002,-0.0060999999999999995,0.0089,0.0495,0.0423,0.0492,0.0412
2023-07-31,0.0533,0.0045000000000000005,0.0151,-0.0104,0.0018,0.0553,0.04605,0.06285,0.057800000000000004
2023-08-31,-0.0533,0.0045000000000000005,0.009899999999999999,-0.0001,0.0259,-0.0366,-0.039850000000000003,-0.0293,-0.048799999999999996
2023-09-30,-0.0263,0.0043,0.032799999999999996,0.0086,0.0033,-0.005050000000000001,-0.01665,-0.0232,-0.022
2023-10-31,-0.044199999999999996,0.004699999999999999,0.0009,0.0096,0.005,-0.03815,-0.0339,-0.03975,-0.03949999999999999
2023-11-30,0.0732,0.0044,0.0015,0.0,0.0239,0.0751,0.0756,0.0927,0.0776
2023-12-31,0.0348,0.0043,0.030899999999999997,0.0027,-0.008100000000000001,0.048299999999999996,0.0332,0.030350000000000002,0.039099999999999996
2024-01-31,-0.0455,0.004699999999999999,0.0588,0.006,0.047400000000000005,-0.0033999999999999994,-0.03425,-0.0165,-0.0408
2024-02-29,0.0359,0.0042,-0.0091,0.0039000000000000003,0.026000000000000002,0.031,0.039650000000000005,0.0537,0.040100000000000004
2024-03-31,0.0121,0.0043,-0.0067,0.0181,0.0044,-0.0031500000000000018,0.012050000000000002,-0.0052499999999999995,0.016399999999999998
2024-04-30,0.0012,0.004699999999999999,0.0337,-0.0025,0.0083,0.03035,0.0138,0.02155,0.005899999999999999
2024-05-31,0.005699999999999999,0.0044,0.0085,0.009000000000000001,0.0144,0.01245,0.0111,0.0156,0.0101
2024-06-30,0.0252,0.0040999999999999995,0.0106,0.0235,0.0262,0.02695,0.03295,0.02655,0.0293
2024-07-31,0.0004,0.0045000000000000005,0.0286,-0.015300000000000001,-0.0069,0.014599999999999998,-0.0027500000000000003,0.0011000000000000003,0.004900000000000001
2024-08-31,0.0088,0.0048,0.0007000000000000001,0.0097,0.0003,0.0123,0.0204,0.0135,0.013600000000000001
2024-09-30,0.0542,0.004,-0.02,-0.0109,-0.0461,0.05635,0.058449999999999995,0.037500000000000006,0.0582
2024-10-31,-0.0403,0.0039000000000000003,-0.010700000000000001,0.0064,0.0339,-0.03555,-0.029700000000000004,-0.02105,-0.0364
2024-11-30,-0.0339,0.004,0.0151,0.0045000000000000005,-0.0023,-0.017599999999999998,-0.021400000000000002,-0.0271,-0.0299
2024-12-31,-0.0076,0.0037,-0.0086,0.028399999999999998,0.0318,-0.01165,0.007449999999999999,0.0073,-0.0039
2025-01-31,0.006500000000000001,0.0037,-0.008199999999999999,0.004699999999999999,-0.0141,-0.00925,-0.0026999999999999993,-0.0104,0.0102
2025-02-28,-0.0066,0.0033,-0.0181,-0.0259,-0.0067,-0.0104,-0.024399999999999998,-0.0121,-0.0033
2025-03-31,0.0019,0.0034000000000000002,0.0374,0.011000000000000001,-0.0059,0.016050000000000002,0.003450000000000001,-0.0017500000000000016,0.0053
2025-04-30,0.010700000000000001,0.0034999999999999996,0.0006,-0.013000000000000001,-0.0116,0.013099999999999999,0.009649999999999999,0.00775,0.0142
2025-05-31,0.0455,0.0038,-0.0018,0.0055000000000000005,0.013000000000000001,0.056,0.05925,0.06215,0.0493
2025-06-30,0.054299999999999994,0.0034000000000000002,-0.0015,-0.0018,0.013600000000000001,0.056350000000000004,0.05355,0.06355,0.057699999999999994
2025-07-31,0.0121,0.0034999999999999996,-0.0060999999999999995,-0.0038,-0.001,0.01565,0.015449999999999998,0.021500000000000002,0.0156
2025-08-31,0.018000000000000002,0.0038,-0.0225,-0.0005,0.0235,0.014699999999999998,0.0332,0.0416,0.021800000000000003
2025-09-30,0.0519,0.0033,-0.017,0.0189,0.0152,0.0229,0.047200000000000006,0.0461,0.0552
2025-10-31,0.0313,0.0037,0.016399999999999998,0.0281,0.009899999999999999,0.01895,0.02495,0.0127,0.035
2025-11-30,-0.0241,0.003,0.022799999999999997,-0.0021,-0.0045000000000000005,-0.00555,-0.02285,-0.0268,-0.0211
2025-12-31,0.022000000000000002,0.0034000000000000002,0.0106,0.0131,0.0383,0.01695,0.020900000000000002,0.038000000000000006,0.025400000000000002
2026-01-31,0.07429999999999999,0.003,-0.0031,0.0075,0.0802,0.0508,0.06175,0.1031,0.0773
2026-02-28,0.049100000000000005,0.0028000000000000004,0.0154,0.0172,0.0553,0.04375,0.0401,0.06334999999999999,0.0519
2026-03-31,-0.12359999999999999,0.0029,-0.0067,-0.0059,-0.050300000000000004,-0.1094,-0.10885,-0.13275,-0.12069999999999999
2026-04-30,0.1363,0.0029,-0.0433,0.0273,0.1284,0.09075,0.1318,0.19094999999999998,0.1392
2026-05-31,0.07440000000000001,0.0031,0.0177,0.047,0.0958,0.0188,0.047850000000000004,0.07775000000000001,0.07750000000000001
2026-06-30,-0.019799999999999998,0.0029,0.0137,0.0207,0.0036,-0.022600000000000002,-0.0101,-0.0347,-0.0169
2026-07-31,-0.042199999999999994,0.0033,0.067,-0.0054,-0.1684,0.008799999999999999,-0.0358,-0.1303,-0.0389
2026-08-31,0.0437,0.0029,-0.0327,-0.0245,0.0802,0.054599999999999996,0.051949999999999996,0.1069,0.0466
