Month,Signal month,Training feature end,Training outcome end,Rule high volatility,Linear regime high-volatility probability,Linear regime converged,Flexible regime high-volatility probability,Flexible regime converged
2002-09-30,2002-07-31,2002-05-31,2002-07-31,0,0.508436724548699,True,2.3723907169314396e-26,True
2002-10-31,2002-08-31,2002-06-30,2002-08-31,0,0.5036483195455199,True,1.3094532105028188e-23,True
2002-11-30,2002-09-30,2002-07-31,2002-09-30,0,0.5082148898309811,True,2.1493875772967484e-36,True
2002-12-31,2002-10-31,2002-08-31,2002-10-31,1,0.5141052286959482,True,1.8207006255592355e-38,True
2003-01-31,2002-11-30,2002-09-30,2002-11-30,1,0.5142062333358062,True,7.82412985588618e-28,True
2003-02-28,2002-12-31,2002-10-31,2002-12-31,1,0.5039746943532746,True,3.895037920247733e-26,True
2003-03-31,2003-01-31,2002-11-30,2003-01-31,1,0.48560967351048956,True,2.0099590992895995e-22,True
2003-04-30,2003-02-28,2002-12-31,2003-02-28,1,0.5070563838171778,True,1.0376758141609594e-23,True
2003-05-31,2003-03-31,2003-01-31,2003-03-31,0,0.4963677448131034,True,3.3973431139928884e-21,True
2003-06-30,2003-04-30,2003-02-28,2003-04-30,0,0.5054796189772429,True,1.8970552761279551e-31,True
2003-07-31,2003-05-31,2003-03-31,2003-05-31,1,0.491337930745944,True,1.7537415124774212e-38,True
2003-08-31,2003-06-30,2003-04-30,2003-06-30,1,0.49088655672441767,True,7.719662695811113e-33,True
2003-09-30,2003-07-31,2003-05-31,2003-07-31,0,0.4847947976753872,True,3.8222653016832876e-31,True
2003-10-31,2003-08-31,2003-06-30,2003-08-31,0,0.4945130855282188,True,4.243768765633819e-41,True
2003-11-30,2003-09-30,2003-07-31,2003-09-30,0,0.4967288772750221,True,3.856282231601409e-17,True
2003-12-31,2003-10-31,2003-08-31,2003-10-31,0,0.48321548708495277,True,1.199559235339906e-19,True
2004-01-31,2003-11-30,2003-09-30,2003-11-30,0,0.48947709556713603,True,7.038677295571982e-25,True
2004-02-29,2003-12-31,2003-10-31,2003-12-31,0,0.48093436664491757,True,3.7275244524276914e-26,True
2004-03-31,2004-01-31,2003-11-30,2004-01-31,0,0.4765851419891315,True,4.366324535942761e-44,True
2004-04-30,2004-02-29,2003-12-31,2004-02-29,0,0.4843037135349091,True,3.8563068307414963e-53,True
2004-05-31,2004-03-31,2004-01-31,2004-03-31,0,0.47596644048236936,True,4.2257075936223505e-45,True
2004-06-30,2004-04-30,2004-02-29,2004-04-30,0,0.49446251273669184,True,1.2215695334999221e-42,True
2004-07-31,2004-05-31,2004-03-31,2004-05-31,0,0.49325779297402916,True,0.3222357017860785,True
2004-08-31,2004-06-30,2004-04-30,2004-06-30,0,0.4944467795815224,True,0.24296684588620246,True
2004-09-30,2004-07-31,2004-05-31,2004-07-31,0,0.4867242854688555,True,0.17010857851088487,True
2004-10-31,2004-08-31,2004-06-30,2004-08-31,0,0.4918562575273629,True,6.923028630548434e-06,True
2004-11-30,2004-09-30,2004-07-31,2004-09-30,0,0.5090368475668892,True,3.292561070015284e-05,True
2004-12-31,2004-10-31,2004-08-31,2004-10-31,0,0.5005275255407177,True,0.0666388493336519,True
2005-01-31,2004-11-30,2004-09-30,2004-11-30,0,0.49589782521840897,True,0.06977197165949311,True
2005-02-28,2004-12-31,2004-10-31,2004-12-31,0,0.4854887559410013,True,0.07109421966635711,True
2005-03-31,2005-01-31,2004-11-30,2005-01-31,0,0.4680311315971402,True,0.21992246195156184,True
2005-04-30,2005-02-28,2004-12-31,2005-02-28,0,0.47397296873657796,True,0.015114828201665082,True
2005-05-31,2005-03-31,2005-01-31,2005-03-31,1,0.48188336037851864,True,0.9663673515679662,True
2005-06-30,2005-04-30,2005-02-28,2005-04-30,1,0.4827336252738841,True,0.9998746046536767,True
2005-07-31,2005-05-31,2005-03-31,2005-05-31,1,0.4779402124778824,True,0.9999926506074824,True
2005-08-31,2005-06-30,2005-04-30,2005-06-30,0,0.4778154378243086,True,0.9999933872860256,True
2005-09-30,2005-07-31,2005-05-31,2005-07-31,1,0.513128865029899,True,0.9999999999993419,True
2005-10-31,2005-08-31,2005-06-30,2005-08-31,0,0.509476179048177,True,0.999995795210992,True
2005-11-30,2005-09-30,2005-07-31,2005-09-30,0,0.496479153660226,True,0.9998349491646001,True
2005-12-31,2005-10-31,2005-08-31,2005-10-31,0,0.49157991310196697,True,0.9999999999986535,True
2006-01-31,2005-11-30,2005-09-30,2005-11-30,1,0.5073375794235729,True,0.9999999998842259,True
2006-02-28,2005-12-31,2005-10-31,2005-12-31,1,0.5030589747345098,True,0.9999995725485505,True
2006-03-31,2006-01-31,2005-11-30,2006-01-31,1,0.5019090881949174,True,0.9999999999331397,True
2006-04-30,2006-02-28,2005-12-31,2006-02-28,1,0.4998742996063392,True,0.9999994784160365,True
2006-05-31,2006-03-31,2006-01-31,2006-03-31,1,0.48238128240986694,True,0.9999999529719339,True
2006-06-30,2006-04-30,2006-02-28,2006-04-30,0,0.47420792516357396,True,6.038481722683294e-06,True
2006-07-31,2006-05-31,2006-03-31,2006-05-31,1,0.4990050594105379,True,7.828079368006744e-19,True
2006-08-31,2006-06-30,2006-04-30,2006-06-30,1,0.4970260356660931,True,0.9999999986950816,True
2006-09-30,2006-07-31,2006-05-31,2006-07-31,1,0.48435207466592434,True,0.0017084188892819787,True
2006-10-31,2006-08-31,2006-06-30,2006-08-31,1,0.48665998980965314,True,0.9994889116497877,True
2006-11-30,2006-09-30,2006-07-31,2006-09-30,1,0.4850537501735975,True,0.9995341438953222,True
2006-12-31,2006-10-31,2006-08-31,2006-10-31,0,0.4780470932518516,True,2.866534151292469e-12,True
2007-01-31,2006-11-30,2006-09-30,2006-11-30,0,0.4684496167619989,True,9.449428451491932e-13,True
2007-02-28,2006-12-31,2006-10-31,2006-12-31,0,0.4630822349976425,True,1.5393044653136875e-24,True
2007-03-31,2007-01-31,2006-11-30,2007-01-31,0,0.4732031450874494,True,2.0208341061031798e-39,True
2007-04-30,2007-02-28,2006-12-31,2007-02-28,0,0.47022089046606425,True,2.2958417906709454e-05,True
2007-05-31,2007-03-31,2007-01-31,2007-03-31,0,0.4636399922779233,True,1.9934054878911286e-06,True
2007-06-30,2007-04-30,2007-02-28,2007-04-30,0,0.46139985525760085,True,4.098983403375702e-39,True
2007-07-31,2007-05-31,2007-03-31,2007-05-31,0,0.46193389198309676,True,1.0,True
2007-08-31,2007-06-30,2007-04-30,2007-06-30,0,0.45995848071571804,True,2.0708634863971535e-35,True
2007-09-30,2007-07-31,2007-05-31,2007-07-31,0,0.45055755813719967,True,7.398386661304252e-44,True
2007-10-31,2007-08-31,2007-06-30,2007-08-31,0,0.4635311126659375,True,9.109129670574467e-29,True
2007-11-30,2007-09-30,2007-07-31,2007-09-30,0,0.46948746197072455,True,1.2176598491892104e-44,True
2007-12-31,2007-10-31,2007-08-31,2007-10-31,0,0.4749314889961748,True,2.3274805118708217e-53,True
2008-01-31,2007-11-30,2007-09-30,2007-11-30,1,0.48663529984985815,True,8.457170775574813e-29,True
2008-02-29,2007-12-31,2007-10-31,2007-12-31,1,0.4900968736972053,True,0.3564978207823325,True
2008-03-31,2008-01-31,2007-11-30,2008-01-31,1,0.5110961140933553,True,0.9995383146084529,True
2008-04-30,2008-02-29,2007-12-31,2008-02-29,1,0.5031146294636453,True,0.9259329530118112,True
2008-05-31,2008-03-31,2008-01-31,2008-03-31,1,0.5109332750253046,True,1.0,True
2008-06-30,2008-04-30,2008-02-29,2008-04-30,1,0.5126796416702277,True,0.9999999999979963,True
2008-07-31,2008-05-31,2008-03-31,2008-05-31,1,0.5091079254733633,True,0.9999991741352181,True
2008-08-31,2008-06-30,2008-04-30,2008-06-30,1,0.5011027469167393,True,0.6437789574504998,True
2008-09-30,2008-07-31,2008-05-31,2008-07-31,1,0.48880294377274325,True,3.159857290170979e-34,True
2008-10-31,2008-08-31,2008-06-30,2008-08-31,1,0.4769564910052805,True,6.639933319474185e-39,True
2008-11-30,2008-09-30,2008-07-31,2008-09-30,1,0.5033278197217469,True,1.1715598926358038e-18,True
2008-12-31,2008-10-31,2008-08-31,2008-10-31,1,0.5205892071972861,True,4.45336477373344e-09,True
2009-01-31,2008-11-30,2008-09-30,2008-11-30,1,0.49418996709471275,True,0.9999934451413245,True
2009-02-28,2008-12-31,2008-10-31,2008-12-31,1,0.5158252755771612,True,2.5848870309328724e-35,True
2009-03-31,2009-01-31,2008-11-30,2009-01-31,1,0.5088201842287574,True,1.0,True
2009-04-30,2009-02-28,2008-12-31,2009-02-28,1,0.5083163623361291,True,1.0,True
2009-05-31,2009-03-31,2009-01-31,2009-03-31,1,0.4880870285874472,True,1.0,True
2009-06-30,2009-04-30,2009-02-28,2009-04-30,1,0.4557579368323448,True,0.00021187876173662265,True
2009-07-31,2009-05-31,2009-03-31,2009-05-31,1,0.46351678286696296,True,1.0,True
2009-08-31,2009-06-30,2009-04-30,2009-06-30,1,0.5016868829736966,True,4.7484328715887997e-141,True
2009-09-30,2009-07-31,2009-05-31,2009-07-31,1,0.5084372274478287,True,0.9999998678401133,True
2009-10-31,2009-08-31,2009-06-30,2009-08-31,1,0.5388101669356467,True,0.9714127973112053,True
2009-11-30,2009-09-30,2009-07-31,2009-09-30,1,0.5310192152260087,True,0.9998847135202483,True
2009-12-31,2009-10-31,2009-08-31,2009-10-31,1,0.51041254491173,True,1.6745756800238905e-42,True
2010-01-31,2009-11-30,2009-09-30,2009-11-30,0,0.4788466454294743,True,0.0013639150214338038,True
2010-02-28,2009-12-31,2009-10-31,2009-12-31,0,0.5191996292390341,True,2.0825299698846752e-06,True
2010-03-31,2010-01-31,2009-11-30,2010-01-31,0,0.48521027607945927,True,0.0011514260102181099,True
2010-04-30,2010-02-28,2009-12-31,2010-02-28,0,0.48159843316780354,True,0.000793261359905061,True
2010-05-31,2010-03-31,2010-01-31,2010-03-31,0,0.48019434147060774,True,0.00011145534072084849,True
2010-06-30,2010-04-30,2010-02-28,2010-04-30,0,0.47891453202088574,True,0.0013639036146063366,True
2010-07-31,2010-05-31,2010-03-31,2010-05-31,1,0.4939312686455808,True,0.10421253097986545,True
2010-08-31,2010-06-30,2010-04-30,2010-06-30,1,0.5037378206611794,True,0.06742371224816719,True
2010-09-30,2010-07-31,2010-05-31,2010-07-31,1,0.5021848729997835,True,0.1431563824357821,True
2010-10-31,2010-08-31,2010-06-30,2010-08-31,1,0.4908620014874697,True,0.03486639268968633,True
2010-11-30,2010-09-30,2010-07-31,2010-09-30,1,0.4837041231559672,True,6.321651909461165e-05,True
2010-12-31,2010-10-31,2010-08-31,2010-10-31,1,0.4870968254904065,True,4.572697315878658e-06,True
2011-01-31,2010-11-30,2010-09-30,2010-11-30,1,0.4804139888558696,True,7.437262473083072e-05,True
2011-02-28,2010-12-31,2010-10-31,2010-12-31,0,0.4705577002850454,True,1.0355275867388747e-05,True
2011-03-31,2011-01-31,2010-11-30,2011-01-31,1,0.47089429012694833,True,1.3927121576335292e-06,True
2011-04-30,2011-02-28,2010-12-31,2011-02-28,1,0.48790870929612984,True,1.8829936529512038e-05,True
2011-05-31,2011-03-31,2011-01-31,2011-03-31,0,0.45923914757717144,True,1.605388159939744e-10,True
2011-06-30,2011-04-30,2011-02-28,2011-04-30,0,0.46053253554871754,True,0.00011687608299831723,True
2011-07-31,2011-05-31,2011-03-31,2011-05-31,0,0.4614233689291462,True,0.0024892488872363975,True
2011-08-31,2011-06-30,2011-04-30,2011-06-30,0,0.4453600506232117,True,1.1967614513701742e-30,True
2011-09-30,2011-07-31,2011-05-31,2011-07-31,0,0.45929705772422436,True,0.00015940207882932637,True
2011-10-31,2011-08-31,2011-06-30,2011-08-31,0,0.485246767567799,True,0.001139540949104559,True
2011-11-30,2011-09-30,2011-07-31,2011-09-30,1,0.4871524895475922,True,4.8496026944694415e-11,True
2011-12-31,2011-10-31,2011-08-31,2011-10-31,1,0.49360037818004443,True,0.6764254180666546,True
2012-01-31,2011-11-30,2011-09-30,2011-11-30,1,0.4950771716038864,True,0.0031831909744314364,True
2012-02-29,2011-12-31,2011-10-31,2011-12-31,1,0.5090757504478214,True,0.2695157687929275,True
2012-03-31,2012-01-31,2011-11-30,2012-01-31,1,0.5065117427716369,True,0.9995430722598088,True
2012-04-30,2012-02-29,2011-12-31,2012-02-29,1,0.4963293574948116,True,0.007668474137769628,True
2012-05-31,2012-03-31,2012-01-31,2012-03-31,1,0.4741025540559315,True,0.8808459063416365,True
2012-06-30,2012-04-30,2012-02-29,2012-04-30,1,0.4753226591689291,True,0.14243748318744684,True
2012-07-31,2012-05-31,2012-03-31,2012-05-31,1,0.4933158599747152,True,0.5686545315901419,True
2012-08-31,2012-06-30,2012-04-30,2012-06-30,1,0.49150524914190874,True,0.6278267050199094,True
2012-09-30,2012-07-31,2012-05-31,2012-07-31,1,0.472148957620333,True,0.029811839868689384,True
2012-10-31,2012-08-31,2012-06-30,2012-08-31,0,0.4453184299196513,True,0.008993385037136722,True
2012-11-30,2012-09-30,2012-07-31,2012-09-30,1,0.4542071602403385,True,0.011419101777328668,True
2012-12-31,2012-10-31,2012-08-31,2012-10-31,1,0.46527416772517494,True,0.012437301478723439,True
2013-01-31,2012-11-30,2012-09-30,2012-11-30,0,0.4958190168645639,True,0.0001119271989880851,True
2013-02-28,2012-12-31,2012-10-31,2012-12-31,0,0.4445131818790156,True,8.889119847576524e-05,True
2013-03-31,2013-01-31,2012-11-30,2013-01-31,0,0.49083707035202134,True,2.446855132227286e-05,True
2013-04-30,2013-02-28,2012-12-31,2013-02-28,0,0.4677679765334835,True,5.341483118635406e-05,True
2013-05-31,2013-03-31,2013-01-31,2013-03-31,0,0.45925839046522016,True,8.542813144086225e-05,True
2013-06-30,2013-04-30,2013-02-28,2013-04-30,0,0.449374691490491,True,0.00023309149837807486,True
2013-07-31,2013-05-31,2013-03-31,2013-05-31,0,0.44416489226279454,True,3.849407043441783e-05,True
2013-08-31,2013-06-30,2013-04-30,2013-06-30,0,0.4580697110870515,True,0.00012462676516829902,True
2013-09-30,2013-07-31,2013-05-31,2013-07-31,0,0.4332120371532714,True,4.427966233162481e-27,True
2013-10-31,2013-08-31,2013-06-30,2013-08-31,0,0.4426783173716804,True,0.00010194791589401877,True
2013-11-30,2013-09-30,2013-07-31,2013-09-30,0,0.45786648617562364,True,0.0007416552316590297,True
2013-12-31,2013-10-31,2013-08-31,2013-10-31,0,0.47149944771728336,True,5.287677896534904e-81,True
2014-01-31,2013-11-30,2013-09-30,2013-11-30,0,0.47823794406798487,True,0.014670715775247235,True
2014-02-28,2013-12-31,2013-10-31,2013-12-31,0,0.47680003781683344,True,0.0008528086640571595,True
2014-03-31,2014-01-31,2013-11-30,2014-01-31,0,0.5003963340436787,True,0.006678614541613143,True
2014-04-30,2014-02-28,2013-12-31,2014-02-28,0,0.4963584158024051,True,0.00871004125420546,True
2014-05-31,2014-03-31,2014-01-31,2014-03-31,0,0.5143880119594679,True,0.9685417864870008,True
2014-06-30,2014-04-30,2014-02-28,2014-04-30,0,0.48015058592746707,True,0.9999899330887498,True
2014-07-31,2014-05-31,2014-03-31,2014-05-31,0,0.46729938852919173,True,0.004511042903310237,True
2014-08-31,2014-06-30,2014-04-30,2014-06-30,0,0.5054320987580039,True,0.006438537839832016,True
2014-09-30,2014-07-31,2014-05-31,2014-07-31,0,0.49678839112434353,True,0.00038038126900815874,True
2014-10-31,2014-08-31,2014-06-30,2014-08-31,0,0.5185293905287505,True,0.999999843601098,True
2014-11-30,2014-09-30,2014-07-31,2014-09-30,0,0.5351741468553255,True,0.014802636343944789,True
2014-12-31,2014-10-31,2014-08-31,2014-10-31,0,0.5372326758518656,True,0.014348167691531072,True
2015-01-31,2014-11-30,2014-09-30,2014-11-30,0,0.5385641073903944,True,0.0024090020720705513,True
2015-02-28,2014-12-31,2014-10-31,2014-12-31,0,0.4659626564290943,True,0.001908329622864842,True
2015-03-31,2015-01-31,2014-11-30,2015-01-31,0,0.5213129745935481,True,0.0017728058430160792,True
2015-04-30,2015-02-28,2014-12-31,2015-02-28,0,0.49637840127604366,True,0.000861487559603505,True
2015-05-31,2015-03-31,2015-01-31,2015-03-31,0,0.49684611544811474,True,0.0002707249663502591,True
2015-06-30,2015-04-30,2015-02-28,2015-04-30,0,0.5050011730045393,True,0.005574167300478111,True
2015-07-31,2015-05-31,2015-03-31,2015-05-31,0,0.4639443251209734,True,0.000906727736125222,True
2015-08-31,2015-06-30,2015-04-30,2015-06-30,0,0.45457878077285296,True,0.0009067882312891371,True
2015-09-30,2015-07-31,2015-05-31,2015-07-31,0,0.4643475856129016,True,0.017812019020823744,True
2015-10-31,2015-08-31,2015-06-30,2015-08-31,1,0.4736719388035083,True,0.010614211451526558,True
2015-11-30,2015-09-30,2015-07-31,2015-09-30,1,0.47892236200327115,True,0.03876202735186539,True
2015-12-31,2015-10-31,2015-08-31,2015-10-31,1,0.45699627488575356,True,0.05920132682288764,True
2016-01-31,2015-11-30,2015-09-30,2015-11-30,1,0.467371844580802,True,0.00504807887154984,True
2016-02-29,2015-12-31,2015-10-31,2015-12-31,1,0.45177110358605777,True,0.01636656001033891,True
2016-03-31,2016-01-31,2015-11-30,2016-01-31,1,0.45023336182494234,True,0.009018528833325686,True
2016-04-30,2016-02-29,2015-12-31,2016-02-29,0,0.4601078713190694,True,0.002381868679905621,True
2016-05-31,2016-03-31,2016-01-31,2016-03-31,1,0.5284843645978261,True,0.32842120276022035,True
2016-06-30,2016-04-30,2016-02-29,2016-04-30,1,0.5183056930117911,True,0.03357139469553506,True
2016-07-31,2016-05-31,2016-03-31,2016-05-31,1,0.5138107697299168,True,0.2326026335145977,True
2016-08-31,2016-06-30,2016-04-30,2016-06-30,1,0.5152590693798119,True,0.24059096303307004,True
2016-09-30,2016-07-31,2016-05-31,2016-07-31,0,0.5092137329619054,True,0.12842932638584234,True
2016-10-31,2016-08-31,2016-06-30,2016-08-31,0,0.5123439093751515,True,0.05817634720782041,True
2016-11-30,2016-09-30,2016-07-31,2016-09-30,0,0.501277562509782,True,6.717934206197041e-05,True
2016-12-31,2016-10-31,2016-08-31,2016-10-31,0,0.49158921736968875,True,0.00010101869476195299,True
2017-01-31,2016-11-30,2016-09-30,2016-11-30,0,0.474637002716568,True,0.00017013468891466594,True
2017-02-28,2016-12-31,2016-10-31,2016-12-31,0,0.4752513655261323,True,0.00011151421362484914,True
2017-03-31,2017-01-31,2016-11-30,2017-01-31,0,0.47386414655378484,True,0.0001196662766119407,True
2017-04-30,2017-02-28,2016-12-31,2017-02-28,0,0.473546453751118,True,0.00014000752331925457,True
2017-05-31,2017-03-31,2017-01-31,2017-03-31,0,0.47305958951668636,True,8.620257497108916e-05,True
2017-06-30,2017-04-30,2017-02-28,2017-04-30,0,0.4537789227979544,True,0.00011075870027260526,True
2017-07-31,2017-05-31,2017-03-31,2017-05-31,0,0.4497704307230519,True,7.941894397068388e-06,True
2017-08-31,2017-06-30,2017-04-30,2017-06-30,0,0.45414535984458965,True,1.3307764232486837e-05,True
2017-09-30,2017-07-31,2017-05-31,2017-07-31,0,0.4499796579229171,True,8.303237985367282e-06,True
2017-10-31,2017-08-31,2017-06-30,2017-08-31,0,0.45121655585868564,True,0.0002014123505636398,True
2017-11-30,2017-09-30,2017-07-31,2017-09-30,0,0.45315670580215056,True,0.0001599812642329558,True
2017-12-31,2017-10-31,2017-08-31,2017-10-31,0,0.45251097010232016,True,4.97895895436714e-06,True
2018-01-31,2017-11-30,2017-09-30,2017-11-30,0,0.45888665396024747,True,3.2831582971341094e-05,True
2018-02-28,2017-12-31,2017-10-31,2017-12-31,0,0.45723152981205933,True,5.4193124388712995e-05,True
2018-03-31,2018-01-31,2017-11-30,2018-01-31,0,0.4588666749334357,True,0.0006865052853454414,True
2018-04-30,2018-02-28,2017-12-31,2018-02-28,0,0.47535032820547807,True,3.8912610959219444e-05,True
2018-05-31,2018-03-31,2018-01-31,2018-03-31,0,0.47560040916461027,True,0.0002061421130365645,True
2018-06-30,2018-04-30,2018-02-28,2018-04-30,0,0.48008073799952894,True,0.0002654307554345436,True
2018-07-31,2018-05-31,2018-03-31,2018-05-31,0,0.476900791684106,True,0.000417043789476077,True
2018-08-31,2018-06-30,2018-04-30,2018-06-30,0,0.47177429669188947,True,0.0007673758114062764,True
2018-09-30,2018-07-31,2018-05-31,2018-07-31,0,0.4684752718963351,True,0.0001650410832199271,True
2018-10-31,2018-08-31,2018-06-30,2018-08-31,0,0.46650687250588146,True,1.246184296739809e-05,True
2018-11-30,2018-09-30,2018-07-31,2018-09-30,0,0.4632873761266962,True,6.982024593293365e-06,True
2018-12-31,2018-10-31,2018-08-31,2018-10-31,0,0.47272223403801417,True,0.00015632954019690045,True
2019-01-31,2018-11-30,2018-09-30,2018-11-30,1,0.4621790204885009,True,4.540353870251597e-05,True
2019-02-28,2018-12-31,2018-10-31,2018-12-31,0,0.4638422337147699,True,1.1875286222004992e-05,True
2019-03-31,2019-01-31,2018-11-30,2019-01-31,1,0.4676260515720924,True,3.7328477045412285e-06,True
2019-04-30,2019-02-28,2018-12-31,2019-02-28,1,0.4623913483710807,True,1.1271593693320364e-05,True
2019-05-31,2019-03-31,2019-01-31,2019-03-31,1,0.45292129547215554,True,4.169048711661456e-05,True
2019-06-30,2019-04-30,2019-02-28,2019-04-30,0,0.46699998010251415,True,4.77586986300309e-06,True
2019-07-31,2019-05-31,2019-03-31,2019-05-31,1,0.45078313485417143,True,6.433183059474919e-07,True
2019-08-31,2019-06-30,2019-04-30,2019-06-30,1,0.45936735035369974,True,7.099066377751393e-55,True
2019-09-30,2019-07-31,2019-05-31,2019-07-31,0,0.437723666298919,True,4.602979593759925e-06,True
2019-10-31,2019-08-31,2019-06-30,2019-08-31,0,0.438876811649543,True,1.4200801284952127e-19,True
2019-11-30,2019-09-30,2019-07-31,2019-09-30,0,0.47017629709204467,True,6.667151118083536e-17,True
2019-12-31,2019-10-31,2019-08-31,2019-10-31,1,0.491345896152178,True,0.013543557277767671,True
2020-01-31,2019-11-30,2019-09-30,2019-11-30,0,0.4866810728548719,True,0.04950851252933558,True
2020-02-29,2019-12-31,2019-10-31,2019-12-31,0,0.4604337548392564,True,0.4070077460200526,True
2020-03-31,2020-01-31,2019-11-30,2020-01-31,1,0.47111682426613616,True,0.2031650579738915,True
2020-04-30,2020-02-29,2019-12-31,2020-02-29,1,0.4872106742991237,True,0.9998335442519282,True
2020-05-31,2020-03-31,2020-01-31,2020-03-31,1,0.45670351684389143,True,0.726595160233643,True
2020-06-30,2020-04-30,2020-02-29,2020-04-30,1,0.4729039232300709,True,0.9824847104835785,True
2020-07-31,2020-05-31,2020-03-31,2020-05-31,1,0.49187336616489546,True,0.999922128292709,True
2020-08-31,2020-06-30,2020-04-30,2020-06-30,1,0.5455657996065142,True,0.9999999999943512,True
2020-09-30,2020-07-31,2020-05-31,2020-07-31,1,0.5174204608112892,True,0.99999992465364,True
2020-10-31,2020-08-31,2020-06-30,2020-08-31,1,0.5190148329527403,True,0.9999996292618091,True
2020-11-30,2020-09-30,2020-07-31,2020-09-30,1,0.4769219084762063,True,0.9672661288157558,True
2020-12-31,2020-10-31,2020-08-31,2020-10-31,0,0.4443521825804929,True,0.2839369861761494,True
2021-01-31,2020-11-30,2020-09-30,2020-11-30,1,0.4902116704659723,True,0.9906047661743552,True
2021-02-28,2020-12-31,2020-10-31,2020-12-31,1,0.5025188011371043,True,0.9858039239037502,True
2021-03-31,2021-01-31,2020-11-30,2021-01-31,0,0.4918280117073852,True,0.7324684521566406,True
2021-04-30,2021-02-28,2020-12-31,2021-02-28,1,0.4842500894438081,True,0.8447182524590919,True
2021-05-31,2021-03-31,2021-01-31,2021-03-31,0,0.4651276036275976,True,8.061808522098174e-41,True
2021-06-30,2021-04-30,2021-02-28,2021-04-30,0,0.44352948613060955,True,5.69844072725233e-43,True
2021-07-31,2021-05-31,2021-03-31,2021-05-31,0,0.45822788974593137,True,3.7172204598084262e-53,True
2021-08-31,2021-06-30,2021-04-30,2021-06-30,0,0.4413438460996331,True,7.809450108004277e-65,True
2021-09-30,2021-07-31,2021-05-31,2021-07-31,0,0.47853005800015086,True,3.3842076631662584e-39,True
2021-10-31,2021-08-31,2021-06-30,2021-08-31,0,0.46908278419957095,True,2.4482144687182443e-39,True
2021-11-30,2021-09-30,2021-07-31,2021-09-30,0,0.47415607484084654,True,6.080844056440817e-07,True
2021-12-31,2021-10-31,2021-08-31,2021-10-31,0,0.4788495364603962,True,0.02208718518109096,True
2022-01-31,2021-11-30,2021-09-30,2021-11-30,0,0.47614975487799927,True,0.00016184166065018137,True
2022-02-28,2021-12-31,2021-10-31,2021-12-31,0,0.4731372113482241,True,0.0007840003178609614,True
2022-03-31,2022-01-31,2021-11-30,2022-01-31,0,0.4809729622785068,True,1.0163033732557781e-07,True
2022-04-30,2022-02-28,2021-12-31,2022-02-28,0,0.4579732593725951,True,9.109362585003912e-14,True
2022-05-31,2022-03-31,2022-01-31,2022-03-31,0,0.5597177576998494,True,2.3539434491723545e-13,True
2022-06-30,2022-04-30,2022-02-28,2022-04-30,0,0.46773512184391186,True,1.776717438922081e-66,True
2022-07-31,2022-05-31,2022-03-31,2022-05-31,0,0.4767957630616339,True,1.639236659625733e-06,True
2022-08-31,2022-06-30,2022-04-30,2022-06-30,0,0.4843789053693381,True,2.166586915907151e-33,True
2022-09-30,2022-07-31,2022-05-31,2022-07-31,0,0.5131131290421865,True,1.2482840565660545e-26,True
2022-10-31,2022-08-31,2022-06-30,2022-08-31,0,0.5197657309041129,True,2.5771258590503405e-38,True
2022-11-30,2022-09-30,2022-07-31,2022-09-30,1,0.4902530126045286,True,0.5260697683275769,True
2022-12-31,2022-10-31,2022-08-31,2022-10-31,1,0.4865056776249128,True,0.00026109966466679604,True
2023-01-31,2022-11-30,2022-09-30,2022-11-30,1,0.5205212146900703,True,6.467085299615479e-10,True
2023-02-28,2022-12-31,2022-10-31,2022-12-31,1,0.5057972943488462,True,7.78908448724723e-05,True
2023-03-31,2023-01-31,2022-11-30,2023-01-31,1,0.4852200144816933,True,0.9977183982582065,True
2023-04-30,2023-02-28,2022-12-31,2023-02-28,1,0.5177274583377388,True,0.9994879586272896,True
2023-05-31,2023-03-31,2023-01-31,2023-03-31,1,0.5132176031890062,True,0.5721959224812684,True
2023-06-30,2023-04-30,2023-02-28,2023-04-30,1,0.5195858188108027,True,0.0003743473839445738,True
2023-07-31,2023-05-31,2023-03-31,2023-05-31,1,0.5159948690526291,True,0.00011881524790117715,True
2023-08-31,2023-06-30,2023-04-30,2023-06-30,1,0.5217757907896858,True,0.049145024683054365,True
2023-09-30,2023-07-31,2023-05-31,2023-07-31,1,0.4782914035998039,True,7.954102383719936e-06,True
2023-10-31,2023-08-31,2023-06-30,2023-08-31,0,0.47413586772698463,True,0.006639098138726726,True
2023-11-30,2023-09-30,2023-07-31,2023-09-30,0,0.46743561402448164,True,0.02053487465546499,True
2023-12-31,2023-10-31,2023-08-31,2023-10-31,1,0.4806792676593812,True,0.03435381414027518,True
2024-01-31,2023-11-30,2023-09-30,2023-11-30,1,0.49316273234360697,True,0.11139327251092444,True
2024-02-29,2023-12-31,2023-10-31,2023-12-31,1,0.48166558528111764,True,0.06474495548822759,True
2024-03-31,2024-01-31,2023-11-30,2024-01-31,1,0.510799552662141,True,0.9999797800730358,True
2024-04-30,2024-02-29,2023-12-31,2024-02-29,1,0.5142397316960066,True,0.9964211763927039,True
2024-05-31,2024-03-31,2024-01-31,2024-03-31,1,0.5097851149853942,True,0.9978892275748392,True
2024-06-30,2024-04-30,2024-02-29,2024-04-30,0,0.49696123630900985,True,0.9991396709804997,True
2024-07-31,2024-05-31,2024-03-31,2024-05-31,0,0.4861023095050622,True,0.9999818761370757,True
2024-08-31,2024-06-30,2024-04-30,2024-06-30,0,0.4818096551679784,True,0.9999989473430417,True
2024-09-30,2024-07-31,2024-05-31,2024-07-31,0,0.49048038809767724,True,0.9998760475548684,True
2024-10-31,2024-08-31,2024-06-30,2024-08-31,0,0.4879850269047212,True,0.9999959133082291,True
2024-11-30,2024-09-30,2024-07-31,2024-09-30,0,0.474134361588526,True,0.5100869420043087,True
2024-12-31,2024-10-31,2024-08-31,2024-10-31,0,0.5186320227512609,True,0.9999999999998428,True
2025-01-31,2024-11-30,2024-09-30,2024-11-30,0,0.4926716086360628,True,0.9999999999999982,True
2025-02-28,2024-12-31,2024-10-31,2024-12-31,0,0.516292042867072,True,0.9999999999999991,True
2025-03-31,2025-01-31,2024-11-30,2025-01-31,0,0.5072572656448305,True,0.9999999999968319,True
2025-04-30,2025-02-28,2024-12-31,2025-02-28,0,0.47413082466642525,True,1.0,True
2025-05-31,2025-03-31,2025-01-31,2025-03-31,0,0.5338918977668218,True,1.0,True
2025-06-30,2025-04-30,2025-02-28,2025-04-30,0,0.4807462372555604,True,3.125909383764923e-37,True
2025-07-31,2025-05-31,2025-03-31,2025-05-31,0,0.48813203098467284,True,6.786176027956161e-30,True
2025-08-31,2025-06-30,2025-04-30,2025-06-30,0,0.46926773315351417,True,9.143847038277805e-21,True
2025-09-30,2025-07-31,2025-05-31,2025-07-31,0,0.47206153001260726,True,1.0,True
2025-10-31,2025-08-31,2025-06-30,2025-08-31,0,0.4631403005580409,True,4.8016871486195274e-23,True
2025-11-30,2025-09-30,2025-07-31,2025-09-30,0,0.4859630180532131,True,1.1984198368099716e-08,True
2025-12-31,2025-10-31,2025-08-31,2025-10-31,0,0.49015596723153154,True,0.9999999996398259,True
2026-01-31,2025-11-30,2025-09-30,2025-11-30,0,0.490654103282072,True,0.9999999990611661,True
2026-02-28,2025-12-31,2025-10-31,2025-12-31,0,0.4827901069095946,True,0.9999999999999485,True
2026-03-31,2026-01-31,2025-11-30,2026-01-31,0,0.48819751195085964,True,0.9999999999823803,True
2026-04-30,2026-02-28,2025-12-31,2026-02-28,0,0.5102414889465909,True,5.417441565917201e-11,True
2026-05-31,2026-03-31,2026-01-31,2026-03-31,1,0.5074190336288598,True,0.05237244943871713,True
2026-06-30,2026-04-30,2026-02-28,2026-04-30,1,0.5120145712179074,True,0.9999959062092542,True
2026-07-31,2026-05-31,2026-03-31,2026-05-31,1,0.52911186739916,True,0.9999999982281338,True
2026-08-31,2026-06-30,2026-04-30,2026-06-30,1,0.5266022431474291,True,0.9999999988657091,True
