Period,Strategy,Annual return %,Volatility %,Sharpe ratio,Max drawdown %,Annual traded notional
Earlier half,Equal weights,19.1810093057563,22.099925026158587,0.8511087248471557,-61.83814628657207,0.15608801745799175
Earlier half,Historical mean tilt,19.389974353052853,22.357288137344803,0.8518564849702017,-61.969918406979765,0.48439483785240245
Earlier half,Volatility rule,19.572186470445008,22.34781161311853,0.8590522217064607,-61.96991840697977,0.9808629847182839
Earlier half,Linear regime,19.430698314587968,22.3614700413996,0.8532919894133026,-61.969918406979765,0.4829616394195448
Earlier half,Flexible regime,19.485682429594252,22.30734828694516,0.8569350165846904,-62.153686952728606,1.105020789581462
Later half,Equal weights,9.30723178439914,16.101967467163295,0.5153384777609014,-31.527800645762916,0.09343527788145864
Later half,Historical mean tilt,9.858911450539608,16.2918581548849,0.5421852201095609,-30.775869799887545,0.08998837066754577
Later half,Volatility rule,9.77204192557708,16.31269262146399,0.5368067308614141,-31.22339029461102,0.42046255517860553
Later half,Linear regime,9.858911450539608,16.2918581548849,0.5421852201095609,-30.775869799887545,0.08998837066754589
Later half,Flexible regime,9.83759032017133,16.299732825774072,0.5408094678106031,-30.7756507859681,0.17743267035554172
