ticker,periods,missing_required,nonpositive_revenue_or_shares,duplicate_periods,median_eps_difference_pct,maximum_eps_difference_pct,latest_period
AAPL,13,0,0,0,2.640442477608676e-06,6.596011568559929e-06,2025-09-30
MSFT,13,0,0,0,3.06246643041475e-06,4.708589940452219e-06,2025-06-30
NVDA,13,0,0,0,1.262096759968531e-06,0.09528347344481294,2025-01-31
ORCL,13,0,0,0,1.4532166259031715e-06,5.195675486601509e-06,2025-05-31
AMZN,13,0,0,0,1.7340191232238762e-06,5.711585540064924e-06,2025-12-31
HD,13,0,0,0,1.6304549379037547e-06,8.641148165052876e-06,2025-01-31
MCD,13,0,0,0,0.0057774204321357795,0.01681055385935629,2025-12-31
WMT,13,0,0,0,1.0247376394605947e-06,5.533266956754767e-06,2025-01-31
COST,13,0,0,0,2.04722788151895e-06,3.6427115168404e-06,2025-08-31
PG,13,0,0,0,1.1938678433393939e-06,6.858660229804437e-06,2025-06-30
KO,13,0,0,0,2.3237178965628746e-06,6.1664217515018126e-06,2025-12-31
JNJ,13,0,0,0,2.0415930844115987e-06,6.153101765414667e-06,2025-12-31
PFE,13,0,0,0,1.2208157756413894e-06,3.521440965937665e-06,2025-12-31
MRK,13,0,0,0,2.684563672389452e-06,6.328321200959164e-06,2025-12-31
XOM,13,0,0,0,3.7459632589929807e-06,9.376718633069759e-06,2025-12-31
CVX,13,0,0,0,3.256276061880038e-06,4.265489122101956e-06,2025-12-31
CAT,13,0,0,0,1.8867924809850605e-06,7.3817234628682805e-06,2025-12-31
HON,13,0,0,0,2.3389950953204326e-06,8.329637157606679e-06,2025-12-31
NEE,13,0,0,0,1.7841557450857205e-06,5.152449194082393e-06,2025-12-31
DUK,13,0,0,0,3.5872421536445405e-06,8.511206700694979e-06,2025-12-31
