ticker,period,revenue,otherRevenue,costOfGoodsSold,otherOperatingExpensesTotal,operationsMaintenance,researchDevelopment,sgaExpense,depreciationAmortization,grossIncome,totalOperatingExpense,ebit,interestIncomeExpense,nonRecurringItems,totalOtherIncomeExpenseNet,gainLossOnDispositionOfAssets,pretaxIncome,provisionforIncomeTaxes,netIncome,shares,diluted_eps
JNJ,1983-12-31,5994,0.0,2476.0,-34.0,0.0,415.0,2358.0,0.0,3518.0,2739.0,779,-53.0,0.0,0.0,0.0,726.0,236.0,491,3138.36,0.16
JNJ,1984-12-31,6153,0.0,2474.0,-64.0,0.0,433.0,2495.0,0.0,3679.0,2864.0,815,-53.0,0.0,0.0,0.0,762.0,244.0,521,3096.96,0.17
JNJ,1985-12-31,6421,0.0,2343.0,-105.0,0.0,0.0,0.0,0.0,4077.0,0.0,840,-48.0,0.0,59.0,0.0,899.0,285.0,613,2925.632,0.20976664
JNJ,1986-12-31,7002,0.0,2354.0,619.0,0.0,0.0,0.0,0.0,4648.0,0.0,983,33.0,0.0,-592.0,0.0,390.0,61.0,329,2765.6,0.11914232
JNJ,1987-12-31,8012,0.0,2602.0,-13.0,0.0,0.0,0.0,0.0,5410.0,0.0,1209,-23.0,0.0,-16.0,0.0,1193.0,360.0,833,2753.536,0.3025201
JNJ,1988-12-31,9000,0.0,2901.0,-34.0,0.0,0.0,0.0,0.0,6099.0,0.0,1404,-35.0,0.0,-8.0,0.0,1396.0,422.0,974,2664.56,0.36553878
JNJ,1989-12-31,9757,0.0,3066.0,82.0,0.0,0.0,0.0,0.0,6691.0,0.0,1661,-57.0,0.0,-147.0,0.0,1514.0,432.0,1082,2829.0908,0.38245502
JNJ,1990-12-31,11232,0.0,3463.0,256.0,0.0,0.0,0.0,0.0,7769.0,0.0,1992,-106.0,0.0,-369.0,0.0,1623.0,480.0,1143,2835.908,0.40304554
JNJ,1991-12-31,12447,0.0,3711.0,24.0,0.0,0.0,0.0,0.0,8736.0,0.0,2164,-33.0,-171.0,-126.0,0.0,2038.0,577.0,1461,2819.975,0.5180897
JNJ,1992-12-31,13753,0.0,4118.0,20.0,0.0,0.0,0.0,0.0,9635.0,0.0,2277,-40.0,0.0,-70.0,0.0,2207.0,582.0,1030,2627.1846,0.39205468
JNJ,1993-12-31,14138,0.0,4174.0,-71.0,0.0,0.0,0.0,0.0,9964.0,0.0,2394,-61.0,0.0,-62.0,0.0,2332.0,545.0,1787,2596.8,0.68815464
JNJ,1994-12-31,15734,0.0,4575.0,-5.0,0.0,1278.0,6350.0,0.0,11159.0,7628.0,2807,-97.0,-37.0,-126.0,0.0,2681.0,675.0,2006,2732.0,0.7342606
JNJ,1995-12-31,18842,0.0,5378.0,70.0,0.0,0.0,9096.0,0.0,13464.0,9096.0,3511,-33.0,0.0,-194.0,0.0,3317.0,914.0,2403,2724.138,0.88211393
JNJ,1996-12-31,21620,0.0,6009.0,122.0,0.0,1905.0,8394.0,0.0,15611.0,10299.0,4303,20.0,0.0,-270.0,0.0,4033.0,1146.0,2887,2726.316,1.0589383
JNJ,1997-12-31,22629,0.0,6085.0,-10.0,0.0,2140.0,8715.0,0.0,16544.0,10855.0,4622,84.0,-366.0,-46.0,0.0,4576.0,1273.0,3303,2781.6624,1.1874195
JNJ,1998-12-31,23995,0.0,6319.0,12.0,0.0,2336.0,8907.0,0.0,17676.0,11243.0,5028,116.0,-851.0,-846.0,0.0,4182.0,1179.0,3003,3282.0,0.91499084
JNJ,1999-12-31,28007,0.0,8498.0,119.0,0.0,2768.0,10503.0,0.0,19509.0,13271.0,5985,11.0,0.0,-108.0,0.0,5877.0,1604.0,4273,3784.803,1.1289887
JNJ,2000-12-31,29172,0.0,8957.0,-33.0,0.0,3105.0,10875.0,0.0,20215.0,13980.0,6615,225.0,-5.0,253.0,0.0,6868.0,1915.0,4953,3108.2,1.5935268
JNJ,2001-12-31,32317,0.0,9581.0,185.0,0.0,3591.0,11992.0,0.0,22736.0,15583.0,7885,303.0,-105.0,13.0,0.0,7898.0,2230.0,5668,3034.964,1.8675673
JNJ,2002-12-31,36298,0.0,10447.0,294.0,0.0,3957.0,12216.0,0.0,25851.0,16173.0,9678,96.0,-189.0,-387.0,0.0,9291.0,2694.0,6597,3018.6667,2.185402
JNJ,2003-12-31,41862,0.0,12176.0,-385.0,0.0,4684.0,14131.0,0.0,29686.0,18815.0,10871,-30.0,-918.0,-563.0,0.0,10308.0,3111.0,7197,3535.179,2.0358233
JNJ,2004-12-31,47348,0.0,13474.0,15.0,0.0,5344.0,15860.0,0.0,33874.0,21204.0,12356,8.0,-18.0,-25.0,0.0,12331.0,4151.0,8180,2968.1,2.755972
JNJ,2005-12-31,50514,0.0,14010.0,-214.0,0.0,6462.0,16877.0,0.0,36504.0,23339.0,12831,433.0,-362.0,285.0,0.0,13116.0,3056.0,10060,2986.7402,3.3682206
JNJ,2006-12-31,53324,0.0,15057.0,-671.0,0.0,7125.0,17433.0,0.0,38267.0,24558.0,13709,766.0,-559.0,878.0,0.0,14587.0,3534.0,11053,2939.183,3.7605686
JNJ,2007-12-31,61095,0.0,17751.0,534.0,0.0,7680.0,28131.0,0.0,43344.0,35811.0,15213,156.0,-1552.0,-1930.0,0.0,13283.0,2707.0,10576,2884.9,3.6659849
JNJ,2008-12-31,63747,0.0,18511.0,-1015.0,0.0,7577.0,29067.0,0.0,45236.0,36644.0,16169,-74.0,-181.0,760.0,0.0,16929.0,3980.0,12949,2799.0,4.626295
JNJ,2009-12-31,61897,0.0,18447.0,-526.0,0.0,6986.0,19801.0,0.0,43450.0,26787.0,16663,-361.0,-1073.0,-908.0,0.0,15755.0,3489.0,12266,2792.7,4.392165
JNJ,2010-12-31,61587,0.0,18792.0,-651.0,0.0,6844.0,19424.0,0.0,42795.0,26268.0,16527,-348.0,117.0,420.0,0.0,16947.0,3613.0,13334,2779.2,4.7977834
JNJ,2011-12-31,65030,0.0,20360.0,2743.0,0.0,7548.0,20969.0,0.0,44670.0,28517.0,16153,-480.0,-569.0,-3792.0,0.0,12361.0,2689.0,9672,2768.4,3.4937148
JNJ,2012-12-31,67224,0.0,21658.0,-113.0,0.0,7665.0,20869.0,0.0,45566.0,28534.0,17032,-467.0,-2902.0,-3257.0,0.0,13775.0,3261.0,10853,2833.4,3.8303804
JNJ,2013-12-31,71312,0.0,22342.0,2563.0,0.0,8183.0,21830.0,0.0,48970.0,30013.0,18957,-338.0,-580.0,-3486.0,0.0,15471.0,1640.0,13831,2872.0,4.815808
JNJ,2014-12-31,74331,0.0,22746.0,-75.0,0.0,8494.0,21954.0,0.0,51585.0,30448.0,21137,-471.0,-398.0,-574.0,0.0,20563.0,4240.0,16323,2845.3,5.7368293
JNJ,2015-12-31,70074,0.0,21536.0,-2097.0,0.0,9046.0,21203.0,0.0,48538.0,30249.0,18289,-456.0,-814.0,907.0,0.0,19196.0,3787.0,15409,2803.3,5.496736
JNJ,2016-12-31,71890,0.0,21789.0,281.0,0.0,9143.0,20067.0,0.0,50101.0,29210.0,20891,-412.0,-714.0,-1088.0,0.0,19803.0,3263.0,16540,2764.5,5.982999
JNJ,2017-12-31,76450,0.0,25439.0,-405.0,0.0,10594.0,21520.0,0.0,51011.0,32114.0,18897,-549.0,-1168.0,-1224.0,0.0,17673.0,16373.0,1300,2684.9,0.48418936
JNJ,2018-12-31,81581,0.0,27091.0,1061.0,0.0,10775.0,22540.0,0.0,54490.0,33315.0,21175,-394.0,-1826.0,-3176.0,0.0,17999.0,2702.0,15297,2724.0,5.6156387
JNJ,2019-12-31,82059,0.0,27556.0,2469.0,0.0,11355.0,22178.0,0.0,54503.0,33533.0,20970,183.0,-1456.0,-3642.0,0.0,17328.0,2209.0,15119,2669.1,5.6644564
JNJ,2020-12-31,82584,0.0,28427.0,-501.0,0.0,12340.0,22084.0,0.0,54157.0,34424.0,19733,410.0,-4428.0,-3236.0,0.0,16497.0,1783.0,14714,2669.2,5.512513
JNJ,2021-12-31,78740,0.0,23402.0,310.0,0.0,14277.0,20118.0,0.0,55338.0,34395.0,20943,-346.0,-1109.0,-1765.0,0.0,19178.0,1377.0,20878,2670.2,7.81889
JNJ,2022-12-31,79990,0.0,24596.0,-2276.0,0.0,14135.0,20246.0,0.0,55394.0,34381.0,21013,-772.0,-3158.0,-1654.0,0.0,19359.0,2989.0,17941,2663.9,6.7348623
JNJ,2023-12-31,85159,0.0,26739.0,-1932.0,0.0,15048.0,21012.0,0.0,58413.0,36060.0,21853,-477.0,-8711.0,-6791.0,0.0,15062.0,1736.0,35153,2430.7,14.46209
JNJ,2024-12-31,88821,0.0,27471.0,-2220.0,0.0,17232.0,21969.0,0.0,61350.0,39201.0,22149,63.0,-6880.0,-6045.0,0.0,16687.0,2621.0,14066,2427.1,5.7953935
JNJ,2025-12-31,94193,0.0,25635.0,-7209.0,0.0,14665.0,23676.0,0.0,68558.0,38341.0,25596,85.0,-309.0,6985.0,0.0,32581.0,5777.0,26804,2439.0,10.98975
