ticker,split_date,fromFactor,toFactor,before_date,after_date,before_close,after_close,price_ratio
AAPL,2020-08-31,1,4,2020-08-28,2020-08-31,124.80999755859,129.03999328613,1.033891481534196
AAPL,2014-06-09,1,7,2014-06-06,2014-06-09,23.059999465942,23.430000305176,1.016045136504902
NVDA,2024-06-10,1,10,2024-06-07,2024-06-10,120.888,121.79,1.0074614519224405
NVDA,2021-07-20,1,4,2021-07-19,2021-07-20,18.77975,18.612,0.9910675062234587
AMZN,2022-06-06,1,20,2022-06-03,2022-06-06,122.35,124.79,1.019942787086228
WMT,2024-02-26,1,3,2024-02-23,2024-02-26,58.52,59.6,1.0184552289815447
PG,2016-09-30,1,1,2016-09-29,2016-09-30,88.230003356934,89.75,1.0172276616256815
JNJ,2023-08-23,1,1,2023-08-22,2023-08-23,166.02000427246094,164.52999877929688,0.9910251448330362
JNJ,2023-08-21,1,1,2023-08-18,2023-08-21,172.49000549316406,167.35000610351562,0.9702011755698382
HON,2026-06-29,2,1,2026-06-26,2026-06-29,464.4200134277344,235.42999267578125,0.5069333488411673
NEE,2020-10-27,1,4,2020-10-26,2020-10-27,75.660003662109,75.779998779297,1.0015859782101504
