name,currency,country,downloaded_utc,price_rows,first_date,last_date,ticker,sector
Apple Inc,USD,US,2026-10-06T21:30:26.538180+00:00,3238,2014-01-02,2026-09-30,AAPL,Technology
Microsoft Corp,USD,US,2026-10-06T21:30:26.264342+00:00,3204,2014-01-02,2026-09-30,MSFT,Technology
NVIDIA Corp,USD,US,2026-10-08T08:55:02.096356+00:00,3238,2014-01-02,2026-09-30,NVDA,Technology
Oracle Corp,USD,US,2026-10-08T08:55:02.056001+00:00,3202,2014-01-02,2026-09-30,ORCL,Technology
Amazon.com Inc,USD,US,2026-10-06T21:30:26.418635+00:00,3225,2014-01-02,2026-09-30,AMZN,Consumer discretionary
Home Depot Inc,USD,US,2026-10-08T08:55:02.036175+00:00,3227,2014-01-02,2026-09-30,HD,Consumer discretionary
McDonald's Corp,USD,US,2026-10-08T08:55:03.242180+00:00,3230,2014-01-02,2026-09-30,MCD,Consumer discretionary
Walmart Inc,USD,US,2026-10-08T08:55:03.425878+00:00,3238,2014-01-02,2026-09-30,WMT,Consumer staples
Costco Wholesale Corp,USD,US,2026-10-08T08:55:03.577618+00:00,3234,2014-01-02,2026-09-30,COST,Consumer staples
Procter & Gamble Co,USD,US,2026-10-08T08:55:04.505923+00:00,3230,2014-01-02,2026-09-30,PG,Consumer staples
Coca-Cola Co,USD,US,2026-10-08T08:55:04.619647+00:00,3240,2014-01-02,2026-09-30,KO,Consumer staples
Johnson & Johnson,USD,US,2026-10-08T08:55:04.792194+00:00,3202,2014-01-02,2026-09-30,JNJ,Health care
Pfizer Inc,USD,US,2026-10-08T08:55:05.736945+00:00,3238,2014-01-02,2026-09-30,PFE,Health care
Merck & Co Inc,USD,US,2026-10-08T08:55:05.869198+00:00,3203,2014-01-02,2026-09-30,MRK,Health care
Exxon Mobil Corp,USD,US,2026-10-08T08:55:05.965353+00:00,3203,2014-01-02,2026-09-30,XOM,Energy
Chevron Corp,USD,US,2026-10-08T08:55:07.080423+00:00,3239,2014-01-02,2026-09-30,CVX,Energy
Caterpillar Inc,USD,US,2026-10-08T08:55:07.003690+00:00,3201,2014-01-02,2026-09-30,CAT,Industrials
Honeywell International Inc,USD,US,2026-10-08T08:55:07.114891+00:00,3216,2014-01-02,2026-09-30,HON,Industrials
Nextera Energy Inc,USD,US,2026-10-08T08:55:08.101255+00:00,3238,2014-01-02,2026-09-30,NEE,Utilities
Duke Energy Corp,USD,US,2026-10-08T08:55:08.167732+00:00,3218,2014-01-02,2026-09-30,DUK,Utilities
