Strategy,Annual return %,Cumulative return %,Volatility %,Max drawdown %,Sharpe (0% reference),Final value USD,Trading costs USD
Equal stocks,16.90395646637115,65.55704813884928,10.481646344775777,-15.600414142008434,1.5517011002194692,165557.0481388493,341.94698216604326
Equal factors,17.24730412461617,67.13174298807918,11.900195613847227,-17.191021596416846,1.3962359349435196,167131.74298807918,1311.8391165561286
Historical mean,17.387554534360874,67.77793620878387,12.02296095262614,-17.41358738181479,1.40342007304973,167777.93620878388,1261.2720617986047
Ridge,14.960221912910022,56.83506054097003,12.156630584827107,-19.937683753703407,1.2139013171307762,156835.06054097004,2146.1217057062668
Elastic Net,14.753402481239108,55.926110753781046,12.1598950975678,-19.937683753703382,1.198770350498516,155926.11075378105,2161.0993210101847
KNN,15.546483304441772,59.43148532870768,12.007615555222955,-18.416750866686005,1.2731511015756676,159431.48532870767,2069.327783652464
SVR,16.381041473531365,63.17852318516801,12.260402065800351,-20.126255535039594,1.305048839092136,163178.52318516801,2352.122773208493
Random Forest,14.59699182530878,55.24112167128736,11.712371994814488,-17.26196457841578,1.231786250583755,155241.12167128737,1663.6118799476267
Extra Trees,15.283054257906748,58.26117439207443,11.735826466764044,-17.534678261267633,1.280453529705817,158261.17439207443,1530.0185228079656
XGBoost,17.01559927127887,66.06794676505316,11.925356840237871,-16.20435890893006,1.383971442580279,166067.94676505317,2069.534093718487
MLP,17.555254297469315,68.55286146498423,11.936809798995043,-19.671443729729187,1.4214964612829206,168552.86146498422,2577.371451305507
LSTM,18.572338559207857,73.30572082551443,12.261894097367806,-16.744664608290762,1.4548584282835169,173305.72082551444,1823.3193920209576
CNN,18.24517876122116,71.76693692335667,12.669291202779245,-17.060513266320466,1.3924668567397567,171766.93692335667,2017.5713801211689
