signal,training_sequences,latest_training_exit
2023-01-06,315,2023-01-03
2023-02-03,319,2023-01-30
2023-03-03,323,2023-02-27
2023-03-31,327,2023-03-27
2023-04-28,331,2023-04-24
2023-05-26,335,2023-05-22
2023-06-23,339,2023-06-20
2023-07-21,343,2023-07-17
2023-08-18,347,2023-08-14
2023-09-15,351,2023-09-11
2023-10-13,355,2023-10-09
2023-11-10,359,2023-11-06
2023-12-08,363,2023-12-04
2024-01-05,367,2024-01-02
2024-02-02,371,2024-01-29
2024-03-01,375,2024-02-26
2024-03-29,379,2024-03-25
2024-04-26,383,2024-04-22
2024-05-24,387,2024-05-20
2024-06-21,391,2024-06-17
2024-07-19,395,2024-07-15
2024-08-16,399,2024-08-12
2024-09-13,403,2024-09-09
2024-10-11,407,2024-10-07
2024-11-08,411,2024-11-04
2024-12-06,415,2024-12-02
2025-01-03,419,2024-12-30
2025-01-31,423,2025-01-27
2025-02-28,427,2025-02-24
2025-03-28,431,2025-03-24
2025-04-25,435,2025-04-21
2025-05-23,439,2025-05-19
2025-06-20,443,2025-06-16
2025-07-18,447,2025-07-14
2025-08-15,451,2025-08-11
2025-09-12,455,2025-09-08
2025-10-10,459,2025-10-06
2025-11-07,463,2025-11-03
2025-12-05,467,2025-12-01
2026-01-02,471,2025-12-29
2026-01-30,475,2026-01-26
2026-02-27,479,2026-02-25
2026-04-17,486,2026-04-13
