strategy,signal,Value,Profitability,Momentum
Ridge,2024-12-31,0.3,0.5,0.2
Ridge,2025-01-31,0.2,0.3,0.5
Ridge,2025-02-28,0.5,0.2,0.3
Ridge,2025-03-31,0.3,0.5,0.2
Ridge,2025-04-30,0.3,0.2,0.5
Ridge,2025-05-31,0.2,0.3,0.5
Ridge,2025-06-30,0.2,0.5,0.3
Ridge,2025-07-31,0.5,0.3,0.2
Ridge,2025-08-31,0.5,0.3,0.2
Ridge,2025-09-30,0.5,0.3,0.2
Ridge,2025-10-31,0.3,0.5,0.2
Ridge,2025-11-30,0.5,0.2,0.3
Ridge,2025-12-31,0.2,0.3,0.5
Ridge,2026-01-31,0.3,0.2,0.5
Ridge,2026-02-28,0.3,0.5,0.2
Ridge,2026-03-31,0.5,0.3,0.2
Ridge,2026-04-30,0.3,0.5,0.2
Ridge,2026-05-31,0.2,0.3,0.5
Ridge,2026-06-30,0.5,0.3,0.2
Ridge,2026-07-31,0.3,0.5,0.2
Ridge,2026-08-31,0.5,0.2,0.3
Elastic Net,2024-12-31,0.3,0.5,0.2
Elastic Net,2025-01-31,0.3,0.2,0.5
Elastic Net,2025-02-28,0.5,0.2,0.3
Elastic Net,2025-03-31,0.5,0.3,0.2
Elastic Net,2025-04-30,0.5,0.2,0.3
Elastic Net,2025-05-31,0.3,0.5,0.2
Elastic Net,2025-06-30,0.2,0.5,0.3
Elastic Net,2025-07-31,0.5,0.3,0.2
Elastic Net,2025-08-31,0.5,0.3,0.2
Elastic Net,2025-09-30,0.3,0.5,0.2
Elastic Net,2025-10-31,0.3,0.5,0.2
Elastic Net,2025-11-30,0.5,0.2,0.3
Elastic Net,2025-12-31,0.2,0.3,0.5
Elastic Net,2026-01-31,0.2,0.3,0.5
Elastic Net,2026-02-28,0.3,0.5,0.2
Elastic Net,2026-03-31,0.3,0.5,0.2
Elastic Net,2026-04-30,0.3,0.5,0.2
Elastic Net,2026-05-31,0.2,0.3,0.5
Elastic Net,2026-06-30,0.5,0.3,0.2
Elastic Net,2026-07-31,0.3,0.5,0.2
Elastic Net,2026-08-31,0.5,0.2,0.3
KNN,2024-12-31,0.2,0.5,0.3
KNN,2025-01-31,0.3,0.5,0.2
KNN,2025-02-28,0.3,0.2,0.5
KNN,2025-03-31,0.3,0.5,0.2
KNN,2025-04-30,0.3,0.5,0.2
KNN,2025-05-31,0.3,0.5,0.2
KNN,2025-06-30,0.3,0.5,0.2
KNN,2025-07-31,0.2,0.3,0.5
KNN,2025-08-31,0.2,0.3,0.5
KNN,2025-09-30,0.2,0.3,0.5
KNN,2025-10-31,0.2,0.3,0.5
KNN,2025-11-30,0.2,0.3,0.5
KNN,2025-12-31,0.2,0.5,0.3
KNN,2026-01-31,0.2,0.3,0.5
KNN,2026-02-28,0.3,0.5,0.2
KNN,2026-03-31,0.3,0.5,0.2
KNN,2026-04-30,0.3,0.5,0.2
KNN,2026-05-31,0.3,0.2,0.5
KNN,2026-06-30,0.3,0.5,0.2
KNN,2026-07-31,0.2,0.5,0.3
KNN,2026-08-31,0.5,0.3,0.2
SVR,2024-12-31,0.2,0.3,0.5
SVR,2025-01-31,0.2,0.5,0.3
SVR,2025-02-28,0.3,0.2,0.5
SVR,2025-03-31,0.3,0.5,0.2
SVR,2025-04-30,0.5,0.2,0.3
SVR,2025-05-31,0.3,0.2,0.5
SVR,2025-06-30,0.3,0.2,0.5
SVR,2025-07-31,0.3,0.2,0.5
SVR,2025-08-31,0.3,0.2,0.5
SVR,2025-09-30,0.3,0.2,0.5
SVR,2025-10-31,0.2,0.3,0.5
SVR,2025-11-30,0.5,0.2,0.3
SVR,2025-12-31,0.2,0.5,0.3
SVR,2026-01-31,0.3,0.2,0.5
SVR,2026-02-28,0.5,0.3,0.2
SVR,2026-03-31,0.5,0.3,0.2
SVR,2026-04-30,0.5,0.3,0.2
SVR,2026-05-31,0.5,0.2,0.3
SVR,2026-06-30,0.5,0.2,0.3
SVR,2026-07-31,0.3,0.2,0.5
SVR,2026-08-31,0.5,0.3,0.2
Random Forest,2024-12-31,0.2,0.3,0.5
Random Forest,2025-01-31,0.5,0.2,0.3
Random Forest,2025-02-28,0.2,0.3,0.5
Random Forest,2025-03-31,0.2,0.3,0.5
Random Forest,2025-04-30,0.2,0.3,0.5
Random Forest,2025-05-31,0.2,0.3,0.5
Random Forest,2025-06-30,0.2,0.3,0.5
Random Forest,2025-07-31,0.2,0.3,0.5
Random Forest,2025-08-31,0.2,0.3,0.5
Random Forest,2025-09-30,0.2,0.3,0.5
Random Forest,2025-10-31,0.2,0.3,0.5
Random Forest,2025-11-30,0.3,0.2,0.5
Random Forest,2025-12-31,0.2,0.3,0.5
Random Forest,2026-01-31,0.2,0.3,0.5
Random Forest,2026-02-28,0.2,0.5,0.3
Random Forest,2026-03-31,0.2,0.5,0.3
Random Forest,2026-04-30,0.2,0.3,0.5
Random Forest,2026-05-31,0.2,0.3,0.5
Random Forest,2026-06-30,0.2,0.3,0.5
Random Forest,2026-07-31,0.2,0.3,0.5
Random Forest,2026-08-31,0.3,0.2,0.5
Extra Trees,2024-12-31,0.2,0.3,0.5
Extra Trees,2025-01-31,0.5,0.2,0.3
Extra Trees,2025-02-28,0.3,0.2,0.5
Extra Trees,2025-03-31,0.2,0.3,0.5
Extra Trees,2025-04-30,0.2,0.3,0.5
Extra Trees,2025-05-31,0.2,0.3,0.5
Extra Trees,2025-06-30,0.2,0.3,0.5
Extra Trees,2025-07-31,0.2,0.3,0.5
Extra Trees,2025-08-31,0.2,0.5,0.3
Extra Trees,2025-09-30,0.2,0.3,0.5
Extra Trees,2025-10-31,0.2,0.3,0.5
Extra Trees,2025-11-30,0.3,0.2,0.5
Extra Trees,2025-12-31,0.2,0.3,0.5
Extra Trees,2026-01-31,0.2,0.3,0.5
Extra Trees,2026-02-28,0.3,0.5,0.2
Extra Trees,2026-03-31,0.2,0.5,0.3
Extra Trees,2026-04-30,0.2,0.3,0.5
Extra Trees,2026-05-31,0.2,0.3,0.5
Extra Trees,2026-06-30,0.2,0.3,0.5
Extra Trees,2026-07-31,0.2,0.3,0.5
Extra Trees,2026-08-31,0.5,0.2,0.3
XGBoost,2024-12-31,0.3,0.5,0.2
XGBoost,2025-01-31,0.3,0.2,0.5
XGBoost,2025-02-28,0.3,0.2,0.5
XGBoost,2025-03-31,0.3,0.2,0.5
XGBoost,2025-04-30,0.3,0.2,0.5
XGBoost,2025-05-31,0.3,0.5,0.2
XGBoost,2025-06-30,0.2,0.5,0.3
XGBoost,2025-07-31,0.2,0.5,0.3
XGBoost,2025-08-31,0.2,0.5,0.3
XGBoost,2025-09-30,0.3,0.2,0.5
XGBoost,2025-10-31,0.2,0.3,0.5
XGBoost,2025-11-30,0.5,0.2,0.3
XGBoost,2025-12-31,0.2,0.3,0.5
XGBoost,2026-01-31,0.5,0.2,0.3
XGBoost,2026-02-28,0.5,0.2,0.3
XGBoost,2026-03-31,0.5,0.3,0.2
XGBoost,2026-04-30,0.2,0.5,0.3
XGBoost,2026-05-31,0.3,0.2,0.5
XGBoost,2026-06-30,0.3,0.2,0.5
XGBoost,2026-07-31,0.5,0.2,0.3
XGBoost,2026-08-31,0.5,0.2,0.3
MLP,2024-12-31,0.2,0.5,0.3
MLP,2025-01-31,0.3,0.2,0.5
MLP,2025-02-28,0.5,0.2,0.3
MLP,2025-03-31,0.2,0.3,0.5
MLP,2025-04-30,0.3,0.2,0.5
MLP,2025-05-31,0.3,0.2,0.5
MLP,2025-06-30,0.2,0.5,0.3
MLP,2025-07-31,0.2,0.3,0.5
MLP,2025-08-31,0.2,0.3,0.5
MLP,2025-09-30,0.3,0.2,0.5
MLP,2025-10-31,0.2,0.3,0.5
MLP,2025-11-30,0.3,0.2,0.5
MLP,2025-12-31,0.3,0.2,0.5
MLP,2026-01-31,0.2,0.3,0.5
MLP,2026-02-28,0.3,0.5,0.2
MLP,2026-03-31,0.5,0.3,0.2
MLP,2026-04-30,0.3,0.5,0.2
MLP,2026-05-31,0.3,0.2,0.5
MLP,2026-06-30,0.5,0.3,0.2
MLP,2026-07-31,0.3,0.5,0.2
MLP,2026-08-31,0.3,0.2,0.5
LSTM,2024-12-31,0.3,0.2,0.5
LSTM,2025-01-31,0.3,0.2,0.5
LSTM,2025-02-28,0.2,0.3,0.5
LSTM,2025-03-31,0.2,0.3,0.5
LSTM,2025-04-30,0.3,0.2,0.5
LSTM,2025-05-31,0.2,0.3,0.5
LSTM,2025-06-30,0.2,0.3,0.5
LSTM,2025-07-31,0.3,0.2,0.5
LSTM,2025-08-31,0.2,0.3,0.5
LSTM,2025-09-30,0.2,0.3,0.5
LSTM,2025-10-31,0.2,0.3,0.5
LSTM,2025-11-30,0.2,0.5,0.3
LSTM,2025-12-31,0.3,0.5,0.2
LSTM,2026-01-31,0.3,0.2,0.5
LSTM,2026-02-28,0.2,0.3,0.5
LSTM,2026-03-31,0.3,0.5,0.2
LSTM,2026-04-30,0.2,0.3,0.5
LSTM,2026-05-31,0.2,0.3,0.5
LSTM,2026-06-30,0.2,0.3,0.5
LSTM,2026-07-31,0.2,0.5,0.3
LSTM,2026-08-31,0.3,0.5,0.2
CNN,2024-12-31,0.3,0.2,0.5
CNN,2025-01-31,0.3,0.2,0.5
CNN,2025-02-28,0.3,0.2,0.5
CNN,2025-03-31,0.2,0.3,0.5
CNN,2025-04-30,0.3,0.5,0.2
CNN,2025-05-31,0.2,0.3,0.5
CNN,2025-06-30,0.2,0.5,0.3
CNN,2025-07-31,0.2,0.3,0.5
CNN,2025-08-31,0.3,0.5,0.2
CNN,2025-09-30,0.2,0.5,0.3
CNN,2025-10-31,0.2,0.3,0.5
CNN,2025-11-30,0.2,0.3,0.5
CNN,2025-12-31,0.2,0.3,0.5
CNN,2026-01-31,0.3,0.5,0.2
CNN,2026-02-28,0.3,0.5,0.2
CNN,2026-03-31,0.3,0.5,0.2
CNN,2026-04-30,0.3,0.5,0.2
CNN,2026-05-31,0.2,0.3,0.5
CNN,2026-06-30,0.2,0.5,0.3
CNN,2026-07-31,0.2,0.5,0.3
CNN,2026-08-31,0.2,0.3,0.5
Prophet,2024-12-31,0.5,0.3,0.2
Prophet,2025-01-31,0.5,0.3,0.2
Prophet,2025-02-28,0.5,0.3,0.2
Prophet,2025-03-31,0.5,0.3,0.2
Prophet,2025-04-30,0.5,0.3,0.2
Prophet,2025-05-31,0.5,0.3,0.2
Prophet,2025-06-30,0.5,0.3,0.2
Prophet,2025-07-31,0.5,0.3,0.2
Prophet,2025-08-31,0.5,0.3,0.2
Prophet,2025-09-30,0.5,0.3,0.2
Prophet,2025-10-31,0.5,0.3,0.2
Prophet,2025-11-30,0.5,0.3,0.2
Prophet,2025-12-31,0.5,0.3,0.2
Prophet,2026-01-31,0.5,0.3,0.2
Prophet,2026-02-28,0.5,0.3,0.2
Prophet,2026-03-31,0.5,0.3,0.2
Prophet,2026-04-30,0.5,0.3,0.2
Prophet,2026-05-31,0.5,0.3,0.2
Prophet,2026-06-30,0.5,0.3,0.2
Prophet,2026-07-31,0.3,0.5,0.2
Prophet,2026-08-31,0.3,0.5,0.2
Historical mean,2024-12-31,0.2,0.3,0.5
Historical mean,2025-01-31,0.2,0.3,0.5
Historical mean,2025-02-28,0.2,0.3,0.5
Historical mean,2025-03-31,0.2,0.3,0.5
Historical mean,2025-04-30,0.2,0.3,0.5
Historical mean,2025-05-31,0.2,0.3,0.5
Historical mean,2025-06-30,0.2,0.3,0.5
Historical mean,2025-07-31,0.2,0.3,0.5
Historical mean,2025-08-31,0.2,0.3,0.5
Historical mean,2025-09-30,0.2,0.3,0.5
Historical mean,2025-10-31,0.2,0.3,0.5
Historical mean,2025-11-30,0.2,0.3,0.5
Historical mean,2025-12-31,0.2,0.3,0.5
Historical mean,2026-01-31,0.2,0.3,0.5
Historical mean,2026-02-28,0.2,0.3,0.5
Historical mean,2026-03-31,0.2,0.3,0.5
Historical mean,2026-04-30,0.2,0.3,0.5
Historical mean,2026-05-31,0.2,0.3,0.5
Historical mean,2026-06-30,0.2,0.3,0.5
Historical mean,2026-07-31,0.2,0.3,0.5
Historical mean,2026-08-31,0.2,0.3,0.5
