Strategy,Annual return %,Volatility %,Sharpe (0% reference),Max drawdown %,Final value CNY,Annual traded notional %,Trading costs CNY,Borrowing costs CNY,Rebalances,Cumulative return %
Equal stocks,3.196917707223501,9.876880765188826,0.48330750389889404,-10.916064596435282,105723.53522916781,118.16331391179487,216.91995146065892,0.0,21.0,5.72353522916782
Equal factors,6.917898754980989,9.002703415143916,0.8650991671922559,-10.112475002338872,112558.9578053083,355.3426819706309,676.7857666048221,0.0,21.0,12.55895780530829
Ridge,8.334859118684212,8.759413576156588,1.040089986296195,-11.421712437809772,115210.7153908227,558.5871619173669,1070.1924510199024,0.0,21.0,15.210715390822704
Elastic Net,8.10781109751677,8.911659346065713,0.9998920516330668,-10.426488928081257,114784.00358708002,518.4087811963194,989.2020441460481,0.0,21.0,14.78400358708003
KNN,6.911593499076174,9.872182112855961,0.8043736626646887,-9.972176994285931,112547.21789400416,464.52297822944377,888.6272800927836,0.0,21.0,12.54721789400417
SVR,6.098540409589437,9.449874826994513,0.7560180050350631,-11.4210263506764,111037.83573560591,557.9175325414805,1062.5301449094986,0.0,21.0,11.037835735605906
Random Forest,5.580264755084752,10.109081584449784,0.6535262881686579,-10.257975961935683,110080.31481152297,445.17919060648364,835.2608119573852,0.0,21.0,10.08031481152296
Extra Trees,6.044431828550989,10.009795678358527,0.7103500527288075,-9.879957618264735,110937.70097040471,472.6466748442581,889.4101743073697,0.0,21.0,10.937700970404718
XGBoost,5.581664566435096,9.61256724289325,0.6837803821590231,-11.914732121867399,110082.89612609553,522.0655506036716,993.3313155968644,0.0,21.0,10.08289612609552
MLP,6.621042007045652,9.52961611297723,0.7899940404021157,-11.28834820446487,112006.81032547374,530.117203362666,1011.1401541099185,0.0,21.0,12.006810325473726
LSTM,6.268524249596319,9.929800877497366,0.7379871709359556,-9.6223894768243,111352.66769017722,467.9387495909865,887.2370434936456,0.0,21.0,11.35266769017722
CNN,5.375603686882857,9.917973670657387,0.6417747576510462,-10.693122223888018,109703.19379928501,442.10852573834075,831.9484767611575,0.0,21.0,9.703193799285014
Prophet,6.74855962183154,8.225321220201469,0.9180867913101285,-9.889082743888732,112243.84590546739,339.8869502383582,647.8678147926694,0.0,21.0,12.243845905467388
Historical mean,5.777729551763411,10.35331046566073,0.658949375829544,-10.881325822945564,110444.7085490655,408.670431103292,774.9200010802451,0.0,21.0,10.444708549065496
