signal,model,factor,predicted_return,actual_return,trend,entry,exit,completed_test
2024-12-31,Historical mean,Value,0.0036028463209829527,-0.019986620606014305,Up,2025-01-02,2025-02-05,True
2024-12-31,Historical mean,Profitability,0.005279541759880297,-0.004987494246888779,Up,2025-01-02,2025-02-05,True
2024-12-31,Historical mean,Momentum,0.009010355835743696,-0.027459316977961647,Up,2025-01-02,2025-02-05,True
2024-12-31,Ridge,Value,0.026617197248537637,-0.019986620606014305,Up,2025-01-02,2025-02-05,True
2024-12-31,Ridge,Profitability,0.044874602041193784,-0.004987494246888779,Up,2025-01-02,2025-02-05,True
2024-12-31,Ridge,Momentum,-0.03916613866729674,-0.027459316977961647,Down,2025-01-02,2025-02-05,True
2024-12-31,Elastic Net,Value,0.06379444539294833,-0.019986620606014305,Up,2025-01-02,2025-02-05,True
2024-12-31,Elastic Net,Profitability,0.07654487902120886,-0.004987494246888779,Up,2025-01-02,2025-02-05,True
2024-12-31,Elastic Net,Momentum,-0.08109858734470671,-0.027459316977961647,Down,2025-01-02,2025-02-05,True
2024-12-31,KNN,Value,0.006295337017279946,-0.019986620606014305,Up,2025-01-02,2025-02-05,True
2024-12-31,KNN,Profitability,0.015882186976079515,-0.004987494246888779,Up,2025-01-02,2025-02-05,True
2024-12-31,KNN,Momentum,0.007867092838018418,-0.027459316977961647,Up,2025-01-02,2025-02-05,True
2024-12-31,SVR,Value,0.003947677067962735,-0.019986620606014305,Up,2025-01-02,2025-02-05,True
2024-12-31,SVR,Profitability,0.007131435509947532,-0.004987494246888779,Up,2025-01-02,2025-02-05,True
2024-12-31,SVR,Momentum,0.007234822792171233,-0.027459316977961647,Up,2025-01-02,2025-02-05,True
2024-12-31,Random Forest,Value,0.006213006728921047,-0.019986620606014305,Up,2025-01-02,2025-02-05,True
2024-12-31,Random Forest,Profitability,0.009371251151428927,-0.004987494246888779,Up,2025-01-02,2025-02-05,True
2024-12-31,Random Forest,Momentum,0.010955272863285938,-0.027459316977961647,Up,2025-01-02,2025-02-05,True
2024-12-31,Extra Trees,Value,0.005046266354442589,-0.019986620606014305,Up,2025-01-02,2025-02-05,True
2024-12-31,Extra Trees,Profitability,0.010429457460372963,-0.004987494246888779,Up,2025-01-02,2025-02-05,True
2024-12-31,Extra Trees,Momentum,0.010777175360641978,-0.027459316977961647,Up,2025-01-02,2025-02-05,True
2024-12-31,XGBoost,Value,0.006195778492838144,-0.019986620606014305,Up,2025-01-02,2025-02-05,True
2024-12-31,XGBoost,Profitability,0.009674503467977047,-0.004987494246888779,Up,2025-01-02,2025-02-05,True
2024-12-31,XGBoost,Momentum,0.0028440896421670914,-0.027459316977961647,Up,2025-01-02,2025-02-05,True
2024-12-31,MLP,Value,0.02891156214097363,-0.019986620606014305,Up,2025-01-02,2025-02-05,True
2024-12-31,MLP,Profitability,0.09262125535389042,-0.004987494246888779,Up,2025-01-02,2025-02-05,True
2024-12-31,MLP,Momentum,0.06636490725201359,-0.027459316977961647,Up,2025-01-02,2025-02-05,True
2024-12-31,LSTM,Value,-0.004093144088983536,-0.019986620606014305,Down,2025-01-02,2025-02-05,True
2024-12-31,LSTM,Profitability,-0.00519399531185627,-0.004987494246888779,Down,2025-01-02,2025-02-05,True
2024-12-31,LSTM,Momentum,0.003487966489046812,-0.027459316977961647,Up,2025-01-02,2025-02-05,True
2024-12-31,CNN,Value,-0.014354164712131023,-0.019986620606014305,Down,2025-01-02,2025-02-05,True
2024-12-31,CNN,Profitability,-0.01797552779316902,-0.004987494246888779,Down,2025-01-02,2025-02-05,True
2024-12-31,CNN,Momentum,0.012351659126579762,-0.027459316977961647,Up,2025-01-02,2025-02-05,True
2024-12-31,Prophet,Value,0.013485347197666404,-0.019986620606014305,Up,2025-01-02,2025-02-05,True
2024-12-31,Prophet,Profitability,0.0049722222693757475,-0.004987494246888779,Up,2025-01-02,2025-02-05,True
2024-12-31,Prophet,Momentum,-0.017222633797277623,-0.027459316977961647,Down,2025-01-02,2025-02-05,True
2025-01-31,Historical mean,Value,0.003636090598820014,-0.0013395388082628537,Up,2025-02-05,2025-03-03,True
2025-01-31,Historical mean,Profitability,0.004451488885383005,0.04741250063878617,Up,2025-02-05,2025-03-03,True
2025-01-31,Historical mean,Momentum,0.008718505120526233,0.04313052733788314,Up,2025-02-05,2025-03-03,True
2025-01-31,Ridge,Value,-0.0216586691092883,-0.0013395388082628537,Down,2025-02-05,2025-03-03,True
2025-01-31,Ridge,Profitability,-0.0029052370722635543,0.04741250063878617,Down,2025-02-05,2025-03-03,True
2025-01-31,Ridge,Momentum,0.017514173419090368,0.04313052733788314,Up,2025-02-05,2025-03-03,True
2025-01-31,Elastic Net,Value,0.00989663459227651,-0.0013395388082628537,Up,2025-02-05,2025-03-03,True
2025-01-31,Elastic Net,Profitability,0.007975823878977419,0.04741250063878617,Up,2025-02-05,2025-03-03,True
2025-01-31,Elastic Net,Momentum,0.03146206260629593,0.04313052733788314,Up,2025-02-05,2025-03-03,True
2025-01-31,KNN,Value,0.010323057318347172,-0.0013395388082628537,Up,2025-02-05,2025-03-03,True
2025-01-31,KNN,Profitability,0.014874212183469772,0.04741250063878617,Up,2025-02-05,2025-03-03,True
2025-01-31,KNN,Momentum,0.0006482143624327343,0.04313052733788314,Up,2025-02-05,2025-03-03,True
2025-01-31,SVR,Value,0.00026416608621855587,-0.0013395388082628537,Up,2025-02-05,2025-03-03,True
2025-01-31,SVR,Profitability,0.0024880662221133353,0.04741250063878617,Up,2025-02-05,2025-03-03,True
2025-01-31,SVR,Momentum,0.002479837074606777,0.04313052733788314,Up,2025-02-05,2025-03-03,True
2025-01-31,Random Forest,Value,-0.0008825439469110045,-0.0013395388082628537,Down,2025-02-05,2025-03-03,True
2025-01-31,Random Forest,Profitability,-0.006457321410231098,0.04741250063878617,Down,2025-02-05,2025-03-03,True
2025-01-31,Random Forest,Momentum,-0.0015409820157732373,0.04313052733788314,Down,2025-02-05,2025-03-03,True
2025-01-31,Extra Trees,Value,-9.250325168257928e-05,-0.0013395388082628537,Down,2025-02-05,2025-03-03,True
2025-01-31,Extra Trees,Profitability,-0.004929825132370929,0.04741250063878617,Down,2025-02-05,2025-03-03,True
2025-01-31,Extra Trees,Momentum,-0.0016856492790360063,0.04313052733788314,Down,2025-02-05,2025-03-03,True
2025-01-31,XGBoost,Value,-0.009488923475146294,-0.0013395388082628537,Down,2025-02-05,2025-03-03,True
2025-01-31,XGBoost,Profitability,-0.04741347208619118,0.04741250063878617,Down,2025-02-05,2025-03-03,True
2025-01-31,XGBoost,Momentum,0.016713371500372887,0.04313052733788314,Up,2025-02-05,2025-03-03,True
2025-01-31,MLP,Value,0.0003823045028106325,-0.0013395388082628537,Up,2025-02-05,2025-03-03,True
2025-01-31,MLP,Profitability,-0.011328392057650847,0.04741250063878617,Down,2025-02-05,2025-03-03,True
2025-01-31,MLP,Momentum,0.013862594370114407,0.04313052733788314,Up,2025-02-05,2025-03-03,True
2025-01-31,LSTM,Value,0.009660085663199425,-0.0013395388082628537,Up,2025-02-05,2025-03-03,True
2025-01-31,LSTM,Profitability,0.004188663326203823,0.04741250063878617,Up,2025-02-05,2025-03-03,True
2025-01-31,LSTM,Momentum,0.014045383781194687,0.04313052733788314,Up,2025-02-05,2025-03-03,True
2025-01-31,CNN,Value,0.0004018852487206459,-0.0013395388082628537,Up,2025-02-05,2025-03-03,True
2025-01-31,CNN,Profitability,-0.002259473782032728,0.04741250063878617,Down,2025-02-05,2025-03-03,True
2025-01-31,CNN,Momentum,0.008311580866575241,0.04313052733788314,Up,2025-02-05,2025-03-03,True
2025-01-31,Prophet,Value,0.013342134581174878,-0.0013395388082628537,Up,2025-02-05,2025-03-03,True
2025-01-31,Prophet,Profitability,0.0008858157908585784,0.04741250063878617,Up,2025-02-05,2025-03-03,True
2025-01-31,Prophet,Momentum,-0.017447895516795996,0.04313052733788314,Down,2025-02-05,2025-03-03,True
2025-02-28,Historical mean,Value,0.0032550791277742995,0.010044661868493156,Up,2025-03-03,2025-04-01,True
2025-02-28,Historical mean,Profitability,0.004299247221959266,0.016483316066898925,Up,2025-03-03,2025-04-01,True
2025-02-28,Historical mean,Momentum,0.008134991860873202,-0.004411636918455209,Up,2025-03-03,2025-04-01,True
2025-02-28,Ridge,Value,0.03465737938880767,0.010044661868493156,Up,2025-03-03,2025-04-01,True
2025-02-28,Ridge,Profitability,-0.005192897321916771,0.016483316066898925,Down,2025-03-03,2025-04-01,True
2025-02-28,Ridge,Momentum,0.004716177148524703,-0.004411636918455209,Up,2025-03-03,2025-04-01,True
2025-02-28,Elastic Net,Value,0.05547674321437907,0.010044661868493156,Up,2025-03-03,2025-04-01,True
2025-02-28,Elastic Net,Profitability,0.012524511632874371,0.016483316066898925,Up,2025-03-03,2025-04-01,True
2025-02-28,Elastic Net,Momentum,0.013770726128305792,-0.004411636918455209,Up,2025-03-03,2025-04-01,True
2025-02-28,KNN,Value,0.0003933807229621589,0.010044661868493156,Up,2025-03-03,2025-04-01,True
2025-02-28,KNN,Profitability,-0.0013404141733006835,0.016483316066898925,Down,2025-03-03,2025-04-01,True
2025-02-28,KNN,Momentum,0.01468029620085489,-0.004411636918455209,Up,2025-03-03,2025-04-01,True
2025-02-28,SVR,Value,0.004657521780657897,0.010044661868493156,Up,2025-03-03,2025-04-01,True
2025-02-28,SVR,Profitability,0.0013432009235926252,0.016483316066898925,Up,2025-03-03,2025-04-01,True
2025-02-28,SVR,Momentum,0.010904496829747652,-0.004411636918455209,Up,2025-03-03,2025-04-01,True
2025-02-28,Random Forest,Value,0.0050025547135714036,0.010044661868493156,Up,2025-03-03,2025-04-01,True
2025-02-28,Random Forest,Profitability,0.0067494048100277156,0.016483316066898925,Up,2025-03-03,2025-04-01,True
2025-02-28,Random Forest,Momentum,0.016310635733955924,-0.004411636918455209,Up,2025-03-03,2025-04-01,True
2025-02-28,Extra Trees,Value,0.0011953811802661656,0.010044661868493156,Up,2025-03-03,2025-04-01,True
2025-02-28,Extra Trees,Profitability,-0.0008801569428523585,0.016483316066898925,Down,2025-03-03,2025-04-01,True
2025-02-28,Extra Trees,Momentum,0.005883401130018484,-0.004411636918455209,Up,2025-03-03,2025-04-01,True
2025-02-28,XGBoost,Value,0.0020340345799922943,0.010044661868493156,Up,2025-03-03,2025-04-01,True
2025-02-28,XGBoost,Profitability,-0.026198413223028183,0.016483316066898925,Down,2025-03-03,2025-04-01,True
2025-02-28,XGBoost,Momentum,0.011497699655592442,-0.004411636918455209,Up,2025-03-03,2025-04-01,True
2025-02-28,MLP,Value,0.010798212893235055,0.010044661868493156,Up,2025-03-03,2025-04-01,True
2025-02-28,MLP,Profitability,-0.02358602887705621,0.016483316066898925,Down,2025-03-03,2025-04-01,True
2025-02-28,MLP,Momentum,-0.009776760207890518,-0.004411636918455209,Down,2025-03-03,2025-04-01,True
2025-02-28,LSTM,Value,0.010303586721420288,0.010044661868493156,Up,2025-03-03,2025-04-01,True
2025-02-28,LSTM,Profitability,0.011774826794862747,0.016483316066898925,Up,2025-03-03,2025-04-01,True
2025-02-28,LSTM,Momentum,0.018124472349882126,-0.004411636918455209,Up,2025-03-03,2025-04-01,True
2025-02-28,CNN,Value,-0.003962239716202021,0.010044661868493156,Down,2025-03-03,2025-04-01,True
2025-02-28,CNN,Profitability,-0.0045593115501105785,0.016483316066898925,Down,2025-03-03,2025-04-01,True
2025-02-28,CNN,Momentum,0.020351741462945938,-0.004411636918455209,Up,2025-03-03,2025-04-01,True
2025-02-28,Prophet,Value,0.011461103307160268,0.010044661868493156,Up,2025-03-03,2025-04-01,True
2025-02-28,Prophet,Profitability,0.0003852729012149765,0.016483316066898925,Up,2025-03-03,2025-04-01,True
2025-02-28,Prophet,Momentum,-0.0189634856720693,-0.004411636918455209,Down,2025-03-03,2025-04-01,True
2025-03-31,Historical mean,Value,0.0031821486843451384,-0.013757713515012784,Up,2025-04-01,2025-05-06,True
2025-03-31,Historical mean,Profitability,0.004983584577781915,-0.024351256015594312,Up,2025-04-01,2025-05-06,True
2025-03-31,Historical mean,Momentum,0.00869047655098447,-0.03326141023899121,Up,2025-04-01,2025-05-06,True
2025-03-31,Ridge,Value,-0.024200292061324104,-0.013757713515012784,Down,2025-04-01,2025-05-06,True
2025-03-31,Ridge,Profitability,-0.01712087536996465,-0.024351256015594312,Down,2025-04-01,2025-05-06,True
2025-03-31,Ridge,Momentum,-0.043658831059454034,-0.03326141023899121,Down,2025-04-01,2025-05-06,True
2025-03-31,Elastic Net,Value,-0.015888557419286478,-0.013757713515012784,Down,2025-04-01,2025-05-06,True
2025-03-31,Elastic Net,Profitability,-0.022868234884809515,-0.024351256015594312,Down,2025-04-01,2025-05-06,True
2025-03-31,Elastic Net,Momentum,-0.05726034581786786,-0.03326141023899121,Down,2025-04-01,2025-05-06,True
2025-03-31,KNN,Value,0.008158311553833442,-0.013757713515012784,Up,2025-04-01,2025-05-06,True
2025-03-31,KNN,Profitability,0.00877350398927485,-0.024351256015594312,Up,2025-04-01,2025-05-06,True
2025-03-31,KNN,Momentum,0.00783791193301401,-0.03326141023899121,Up,2025-04-01,2025-05-06,True
2025-03-31,SVR,Value,0.0014467573157454794,-0.013757713515012784,Up,2025-04-01,2025-05-06,True
2025-03-31,SVR,Profitability,0.003280719802910212,-0.024351256015594312,Up,2025-04-01,2025-05-06,True
2025-03-31,SVR,Momentum,-0.0004042216609706946,-0.03326141023899121,Down,2025-04-01,2025-05-06,True
2025-03-31,Random Forest,Value,0.005035823938063402,-0.013757713515012784,Up,2025-04-01,2025-05-06,True
2025-03-31,Random Forest,Profitability,0.008744408689803912,-0.024351256015594312,Up,2025-04-01,2025-05-06,True
2025-03-31,Random Forest,Momentum,0.018253477089460696,-0.03326141023899121,Up,2025-04-01,2025-05-06,True
2025-03-31,Extra Trees,Value,0.0013014215236807263,-0.013757713515012784,Up,2025-04-01,2025-05-06,True
2025-03-31,Extra Trees,Profitability,0.0039386590304599815,-0.024351256015594312,Up,2025-04-01,2025-05-06,True
2025-03-31,Extra Trees,Momentum,0.008030429760403641,-0.03326141023899121,Up,2025-04-01,2025-05-06,True
2025-03-31,XGBoost,Value,0.00036611754330806434,-0.013757713515012784,Up,2025-04-01,2025-05-06,True
2025-03-31,XGBoost,Profitability,-0.015338047407567501,-0.024351256015594312,Down,2025-04-01,2025-05-06,True
2025-03-31,XGBoost,Momentum,0.02497425489127636,-0.03326141023899121,Up,2025-04-01,2025-05-06,True
2025-03-31,MLP,Value,-0.021627319152415676,-0.013757713515012784,Down,2025-04-01,2025-05-06,True
2025-03-31,MLP,Profitability,-0.016012467763428816,-0.024351256015594312,Down,2025-04-01,2025-05-06,True
2025-03-31,MLP,Momentum,0.0056899403349844726,-0.03326141023899121,Up,2025-04-01,2025-05-06,True
2025-03-31,LSTM,Value,0.011875681579113007,-0.013757713515012784,Up,2025-04-01,2025-05-06,True
2025-03-31,LSTM,Profitability,0.015043696388602257,-0.024351256015594312,Up,2025-04-01,2025-05-06,True
2025-03-31,LSTM,Momentum,0.030394911766052246,-0.03326141023899121,Up,2025-04-01,2025-05-06,True
2025-03-31,CNN,Value,-0.004800933413207531,-0.013757713515012784,Down,2025-04-01,2025-05-06,True
2025-03-31,CNN,Profitability,-0.002298015169799328,-0.024351256015594312,Down,2025-04-01,2025-05-06,True
2025-03-31,CNN,Momentum,0.0135121401399374,-0.03326141023899121,Up,2025-04-01,2025-05-06,True
2025-03-31,Prophet,Value,0.01082139402700701,-0.013757713515012784,Up,2025-04-01,2025-05-06,True
2025-03-31,Prophet,Profitability,0.0032569945481649835,-0.024351256015594312,Up,2025-04-01,2025-05-06,True
2025-03-31,Prophet,Momentum,-0.015849960990435282,-0.03326141023899121,Down,2025-04-01,2025-05-06,True
2025-04-30,Historical mean,Value,0.003289375452847451,0.018795844036946674,Up,2025-05-06,2025-06-03,True
2025-04-30,Historical mean,Profitability,0.00516326788229937,0.00262108414423572,Up,2025-05-06,2025-06-03,True
2025-04-30,Historical mean,Momentum,0.008485756028024477,-0.008181918016695234,Up,2025-05-06,2025-06-03,True
2025-04-30,Ridge,Value,0.015946130801879586,0.018795844036946674,Up,2025-05-06,2025-06-03,True
2025-04-30,Ridge,Profitability,-0.01572463263372135,0.00262108414423572,Down,2025-05-06,2025-06-03,True
2025-04-30,Ridge,Momentum,0.016460773348063583,-0.008181918016695234,Up,2025-05-06,2025-06-03,True
2025-04-30,Elastic Net,Value,0.022616410781113688,0.018795844036946674,Up,2025-05-06,2025-06-03,True
2025-04-30,Elastic Net,Profitability,-0.02589873380770171,0.00262108414423572,Down,2025-05-06,2025-06-03,True
2025-04-30,Elastic Net,Momentum,-0.002521583329800072,-0.008181918016695234,Down,2025-05-06,2025-06-03,True
2025-04-30,KNN,Value,0.014241078024548074,0.018795844036946674,Up,2025-05-06,2025-06-03,True
2025-04-30,KNN,Profitability,0.018551841763727647,0.00262108414423572,Up,2025-05-06,2025-06-03,True
2025-04-30,KNN,Momentum,0.004888917959302753,-0.008181918016695234,Up,2025-05-06,2025-06-03,True
2025-04-30,SVR,Value,0.008929560908202612,0.018795844036946674,Up,2025-05-06,2025-06-03,True
2025-04-30,SVR,Profitability,-0.0018282319264554337,0.00262108414423572,Down,2025-05-06,2025-06-03,True
2025-04-30,SVR,Momentum,-0.0007634152969508007,-0.008181918016695234,Down,2025-05-06,2025-06-03,True
2025-04-30,Random Forest,Value,0.005530395070175897,0.018795844036946674,Up,2025-05-06,2025-06-03,True
2025-04-30,Random Forest,Profitability,0.008948142256688336,0.00262108414423572,Up,2025-05-06,2025-06-03,True
2025-04-30,Random Forest,Momentum,0.016057933323571236,-0.008181918016695234,Up,2025-05-06,2025-06-03,True
2025-04-30,Extra Trees,Value,0.005305139665548399,0.018795844036946674,Up,2025-05-06,2025-06-03,True
2025-04-30,Extra Trees,Profitability,0.00941434281771554,0.00262108414423572,Up,2025-05-06,2025-06-03,True
2025-04-30,Extra Trees,Momentum,0.013525753668622572,-0.008181918016695234,Up,2025-05-06,2025-06-03,True
2025-04-30,XGBoost,Value,0.003517632372677326,0.018795844036946674,Up,2025-05-06,2025-06-03,True
2025-04-30,XGBoost,Profitability,-0.00955103151500225,0.00262108414423572,Down,2025-05-06,2025-06-03,True
2025-04-30,XGBoost,Momentum,0.011036786250770092,-0.008181918016695234,Up,2025-05-06,2025-06-03,True
2025-04-30,MLP,Value,0.022217709014424058,0.018795844036946674,Up,2025-05-06,2025-06-03,True
2025-04-30,MLP,Profitability,0.0015789566209267192,0.00262108414423572,Up,2025-05-06,2025-06-03,True
2025-04-30,MLP,Momentum,0.027913372207824604,-0.008181918016695234,Up,2025-05-06,2025-06-03,True
2025-04-30,LSTM,Value,0.014451042748987675,0.018795844036946674,Up,2025-05-06,2025-06-03,True
2025-04-30,LSTM,Profitability,0.013776199892163277,0.00262108414423572,Up,2025-05-06,2025-06-03,True
2025-04-30,LSTM,Momentum,0.024929791688919067,-0.008181918016695234,Up,2025-05-06,2025-06-03,True
2025-04-30,CNN,Value,0.010335078462958336,0.018795844036946674,Up,2025-05-06,2025-06-03,True
2025-04-30,CNN,Profitability,0.014863573014736176,0.00262108414423572,Up,2025-05-06,2025-06-03,True
2025-04-30,CNN,Momentum,-0.0004345700144767761,-0.008181918016695234,Down,2025-05-06,2025-06-03,True
2025-04-30,Prophet,Value,0.011079076783447406,0.018795844036946674,Up,2025-05-06,2025-06-03,True
2025-04-30,Prophet,Profitability,0.003982278810938526,0.00262108414423572,Up,2025-05-06,2025-06-03,True
2025-04-30,Prophet,Momentum,-0.01591471515670668,-0.008181918016695234,Down,2025-05-06,2025-06-03,True
2025-05-31,Historical mean,Value,0.0030271125456496012,0.03027425146230065,Up,2025-06-03,2025-07-01,True
2025-05-31,Historical mean,Profitability,0.004709198283870237,0.006625391859477548,Up,2025-06-03,2025-07-01,True
2025-05-31,Historical mean,Momentum,0.007843491931608852,0.018749748682607925,Up,2025-06-03,2025-07-01,True
2025-05-31,Ridge,Value,0.02131341788204818,0.03027425146230065,Up,2025-06-03,2025-07-01,True
2025-05-31,Ridge,Profitability,0.02194024977725051,0.006625391859477548,Up,2025-06-03,2025-07-01,True
2025-05-31,Ridge,Momentum,0.025708951705819168,0.018749748682607925,Up,2025-06-03,2025-07-01,True
2025-05-31,Elastic Net,Value,0.02210794512902612,0.03027425146230065,Up,2025-06-03,2025-07-01,True
2025-05-31,Elastic Net,Profitability,0.03189256543854357,0.006625391859477548,Up,2025-06-03,2025-07-01,True
2025-05-31,Elastic Net,Momentum,0.020996632996726744,0.018749748682607925,Up,2025-06-03,2025-07-01,True
2025-05-31,KNN,Value,0.008692799422668606,0.03027425146230065,Up,2025-06-03,2025-07-01,True
2025-05-31,KNN,Profitability,0.012842594264385051,0.006625391859477548,Up,2025-06-03,2025-07-01,True
2025-05-31,KNN,Momentum,0.006652712322571595,0.018749748682607925,Up,2025-06-03,2025-07-01,True
2025-05-31,SVR,Value,0.0057837058850215535,0.03027425146230065,Up,2025-06-03,2025-07-01,True
2025-05-31,SVR,Profitability,0.003884394021121928,0.006625391859477548,Up,2025-06-03,2025-07-01,True
2025-05-31,SVR,Momentum,0.013774198138258122,0.018749748682607925,Up,2025-06-03,2025-07-01,True
2025-05-31,Random Forest,Value,0.008899797583133853,0.03027425146230065,Up,2025-06-03,2025-07-01,True
2025-05-31,Random Forest,Profitability,0.0166563426720573,0.006625391859477548,Up,2025-06-03,2025-07-01,True
2025-05-31,Random Forest,Momentum,0.023478620494675688,0.018749748682607925,Up,2025-06-03,2025-07-01,True
2025-05-31,Extra Trees,Value,0.011165512452271929,0.03027425146230065,Up,2025-06-03,2025-07-01,True
2025-05-31,Extra Trees,Profitability,0.016660544393786118,0.006625391859477548,Up,2025-06-03,2025-07-01,True
2025-05-31,Extra Trees,Momentum,0.023879901061350132,0.018749748682607925,Up,2025-06-03,2025-07-01,True
2025-05-31,XGBoost,Value,0.02610825002193451,0.03027425146230065,Up,2025-06-03,2025-07-01,True
2025-05-31,XGBoost,Profitability,0.03354664519429207,0.006625391859477548,Up,2025-06-03,2025-07-01,True
2025-05-31,XGBoost,Momentum,0.0189247764647007,0.018749748682607925,Up,2025-06-03,2025-07-01,True
2025-05-31,MLP,Value,-0.00015727862012412464,0.03027425146230065,Down,2025-06-03,2025-07-01,True
2025-05-31,MLP,Profitability,-0.007003931284020721,0.006625391859477548,Down,2025-06-03,2025-07-01,True
2025-05-31,MLP,Momentum,0.004380034242238519,0.018749748682607925,Up,2025-06-03,2025-07-01,True
2025-05-31,LSTM,Value,0.014060897752642632,0.03027425146230065,Up,2025-06-03,2025-07-01,True
2025-05-31,LSTM,Profitability,0.020104287192225456,0.006625391859477548,Up,2025-06-03,2025-07-01,True
2025-05-31,LSTM,Momentum,0.024364393204450607,0.018749748682607925,Up,2025-06-03,2025-07-01,True
2025-05-31,CNN,Value,0.00666465237736702,0.03027425146230065,Up,2025-06-03,2025-07-01,True
2025-05-31,CNN,Profitability,0.010818151757121086,0.006625391859477548,Up,2025-06-03,2025-07-01,True
2025-05-31,CNN,Momentum,0.01204722747206688,0.018749748682607925,Up,2025-06-03,2025-07-01,True
2025-05-31,Prophet,Value,0.009720402693933978,0.03027425146230065,Up,2025-06-03,2025-07-01,True
2025-05-31,Prophet,Profitability,0.002271826796647143,0.006625391859477548,Up,2025-06-03,2025-07-01,True
2025-05-31,Prophet,Momentum,-0.017800342325923833,0.018749748682607925,Down,2025-06-03,2025-07-01,True
2025-06-30,Historical mean,Value,0.0032660327197601632,0.03375045633755236,Up,2025-07-01,2025-08-01,True
2025-06-30,Historical mean,Profitability,0.004677560190845471,0.051999795048325706,Up,2025-07-01,2025-08-01,True
2025-06-30,Historical mean,Momentum,0.007600682689967881,0.0399499401563951,Up,2025-07-01,2025-08-01,True
2025-06-30,Ridge,Value,0.05106457715500581,0.03375045633755236,Up,2025-07-01,2025-08-01,True
2025-06-30,Ridge,Profitability,0.10532225134859878,0.051999795048325706,Up,2025-07-01,2025-08-01,True
2025-06-30,Ridge,Momentum,0.08646657471817755,0.0399499401563951,Up,2025-07-01,2025-08-01,True
2025-06-30,Elastic Net,Value,0.07346694458779182,0.03375045633755236,Up,2025-07-01,2025-08-01,True
2025-06-30,Elastic Net,Profitability,0.13980022246875148,0.051999795048325706,Up,2025-07-01,2025-08-01,True
2025-06-30,Elastic Net,Momentum,0.08065330876552938,0.0399499401563951,Up,2025-07-01,2025-08-01,True
2025-06-30,KNN,Value,0.012934983605322265,0.03375045633755236,Up,2025-07-01,2025-08-01,True
2025-06-30,KNN,Profitability,0.013720902919138758,0.051999795048325706,Up,2025-07-01,2025-08-01,True
2025-06-30,KNN,Momentum,0.01126781053906789,0.0399499401563951,Up,2025-07-01,2025-08-01,True
2025-06-30,SVR,Value,0.022023170845411357,0.03375045633755236,Up,2025-07-01,2025-08-01,True
2025-06-30,SVR,Profitability,0.019494211595362364,0.051999795048325706,Up,2025-07-01,2025-08-01,True
2025-06-30,SVR,Momentum,0.03418297095469841,0.0399499401563951,Up,2025-07-01,2025-08-01,True
2025-06-30,Random Forest,Value,0.010899744067127752,0.03375045633755236,Up,2025-07-01,2025-08-01,True
2025-06-30,Random Forest,Profitability,0.020560216889385603,0.051999795048325706,Up,2025-07-01,2025-08-01,True
2025-06-30,Random Forest,Momentum,0.026304107964274365,0.0399499401563951,Up,2025-07-01,2025-08-01,True
2025-06-30,Extra Trees,Value,0.011542691436525242,0.03375045633755236,Up,2025-07-01,2025-08-01,True
2025-06-30,Extra Trees,Profitability,0.01883730970858222,0.051999795048325706,Up,2025-07-01,2025-08-01,True
2025-06-30,Extra Trees,Momentum,0.02352828192029645,0.0399499401563951,Up,2025-07-01,2025-08-01,True
2025-06-30,XGBoost,Value,0.01846882700920105,0.03375045633755236,Up,2025-07-01,2025-08-01,True
2025-06-30,XGBoost,Profitability,0.05073646083474159,0.051999795048325706,Up,2025-07-01,2025-08-01,True
2025-06-30,XGBoost,Momentum,0.03860803321003914,0.0399499401563951,Up,2025-07-01,2025-08-01,True
2025-06-30,MLP,Value,0.05277747952697808,0.03375045633755236,Up,2025-07-01,2025-08-01,True
2025-06-30,MLP,Profitability,0.11178170512200683,0.051999795048325706,Up,2025-07-01,2025-08-01,True
2025-06-30,MLP,Momentum,0.10433306867242732,0.0399499401563951,Up,2025-07-01,2025-08-01,True
2025-06-30,LSTM,Value,0.0118692796677351,0.03375045633755236,Up,2025-07-01,2025-08-01,True
2025-06-30,LSTM,Profitability,0.020960312336683273,0.051999795048325706,Up,2025-07-01,2025-08-01,True
2025-06-30,LSTM,Momentum,0.02781720831990242,0.0399499401563951,Up,2025-07-01,2025-08-01,True
2025-06-30,CNN,Value,0.005796445999294519,0.03375045633755236,Up,2025-07-01,2025-08-01,True
2025-06-30,CNN,Profitability,0.011223985813558102,0.051999795048325706,Up,2025-07-01,2025-08-01,True
2025-06-30,CNN,Momentum,0.008558644913136959,0.0399499401563951,Up,2025-07-01,2025-08-01,True
2025-06-30,Prophet,Value,0.010479528156624143,0.03375045633755236,Up,2025-07-01,2025-08-01,True
2025-06-30,Prophet,Profitability,0.0023276451935915535,0.051999795048325706,Up,2025-07-01,2025-08-01,True
2025-06-30,Prophet,Momentum,-0.01798870557494894,0.0399499401563951,Down,2025-07-01,2025-08-01,True
2025-07-31,Historical mean,Value,0.0036691404621861405,0.013863215390709605,Up,2025-08-01,2025-09-01,True
2025-07-31,Historical mean,Profitability,0.0047066323053026665,0.05940744505192688,Up,2025-08-01,2025-09-01,True
2025-07-31,Historical mean,Momentum,0.007767086660007284,0.0552966691295793,Up,2025-08-01,2025-09-01,True
2025-07-31,Ridge,Value,0.004506373002526192,0.013863215390709605,Up,2025-08-01,2025-09-01,True
2025-07-31,Ridge,Profitability,0.003492662761018275,0.05940744505192688,Up,2025-08-01,2025-09-01,True
2025-07-31,Ridge,Momentum,-0.0009345812523270259,0.0552966691295793,Down,2025-08-01,2025-09-01,True
2025-07-31,Elastic Net,Value,-0.000620558615939769,0.013863215390709605,Down,2025-08-01,2025-09-01,True
2025-07-31,Elastic Net,Profitability,-0.02294624112858323,0.05940744505192688,Down,2025-08-01,2025-09-01,True
2025-07-31,Elastic Net,Momentum,-0.0397427847352086,0.0552966691295793,Down,2025-08-01,2025-09-01,True
2025-07-31,KNN,Value,0.008028768157979468,0.013863215390709605,Up,2025-08-01,2025-09-01,True
2025-07-31,KNN,Profitability,0.013515134233964169,0.05940744505192688,Up,2025-08-01,2025-09-01,True
2025-07-31,KNN,Momentum,0.02033460265954247,0.0552966691295793,Up,2025-08-01,2025-09-01,True
2025-07-31,SVR,Value,0.014305611438655441,0.013863215390709605,Up,2025-08-01,2025-09-01,True
2025-07-31,SVR,Profitability,0.003804371113653825,0.05940744505192688,Up,2025-08-01,2025-09-01,True
2025-07-31,SVR,Momentum,0.026705404554673257,0.0552966691295793,Up,2025-08-01,2025-09-01,True
2025-07-31,Random Forest,Value,0.008246051718558828,0.013863215390709605,Up,2025-08-01,2025-09-01,True
2025-07-31,Random Forest,Profitability,0.013557243363688656,0.05940744505192688,Up,2025-08-01,2025-09-01,True
2025-07-31,Random Forest,Momentum,0.017699548748876533,0.0552966691295793,Up,2025-08-01,2025-09-01,True
2025-07-31,Extra Trees,Value,0.010800145483475666,0.013863215390709605,Up,2025-08-01,2025-09-01,True
2025-07-31,Extra Trees,Profitability,0.01580626892480077,0.05940744505192688,Up,2025-08-01,2025-09-01,True
2025-07-31,Extra Trees,Momentum,0.020735804064064545,0.0552966691295793,Up,2025-08-01,2025-09-01,True
2025-07-31,XGBoost,Value,0.011369427666068077,0.013863215390709605,Up,2025-08-01,2025-09-01,True
2025-07-31,XGBoost,Profitability,0.028379324823617935,0.05940744505192688,Up,2025-08-01,2025-09-01,True
2025-07-31,XGBoost,Momentum,0.018405882641673088,0.0552966691295793,Up,2025-08-01,2025-09-01,True
2025-07-31,MLP,Value,0.0023697734045500423,0.013863215390709605,Up,2025-08-01,2025-09-01,True
2025-07-31,MLP,Profitability,0.03613106276971736,0.05940744505192688,Up,2025-08-01,2025-09-01,True
2025-07-31,MLP,Momentum,0.10401394216266266,0.0552966691295793,Up,2025-08-01,2025-09-01,True
2025-07-31,LSTM,Value,0.015410978347063065,0.013863215390709605,Up,2025-08-01,2025-09-01,True
2025-07-31,LSTM,Profitability,0.01361057348549366,0.05940744505192688,Up,2025-08-01,2025-09-01,True
2025-07-31,LSTM,Momentum,0.022746626287698746,0.0552966691295793,Up,2025-08-01,2025-09-01,True
2025-07-31,CNN,Value,0.0048169465735554695,0.013863215390709605,Up,2025-08-01,2025-09-01,True
2025-07-31,CNN,Profitability,0.008223275654017925,0.05940744505192688,Up,2025-08-01,2025-09-01,True
2025-07-31,CNN,Momentum,0.011001711711287498,0.0552966691295793,Up,2025-08-01,2025-09-01,True
2025-07-31,Prophet,Value,0.012118989117814952,0.013863215390709605,Up,2025-08-01,2025-09-01,True
2025-07-31,Prophet,Profitability,0.002553698402888924,0.05940744505192688,Up,2025-08-01,2025-09-01,True
2025-07-31,Prophet,Momentum,-0.016578575734321005,0.0552966691295793,Down,2025-08-01,2025-09-01,True
2025-08-31,Historical mean,Value,0.0041115127544709374,-0.02102782690694718,Up,2025-09-01,2025-10-09,True
2025-08-31,Historical mean,Profitability,0.005402119992700064,0.05609920035798292,Up,2025-09-01,2025-10-09,True
2025-08-31,Historical mean,Momentum,0.008240363917307106,0.06415619523904834,Up,2025-09-01,2025-10-09,True
2025-08-31,Ridge,Value,0.008400573842339006,-0.02102782690694718,Up,2025-09-01,2025-10-09,True
2025-08-31,Ridge,Profitability,-0.006970481880758299,0.05609920035798292,Down,2025-09-01,2025-10-09,True
2025-08-31,Ridge,Momentum,-0.06947272635736394,0.06415619523904834,Down,2025-09-01,2025-10-09,True
2025-08-31,Elastic Net,Value,0.009733206300261227,-0.02102782690694718,Up,2025-09-01,2025-10-09,True
2025-08-31,Elastic Net,Profitability,-0.014386886202123965,0.05609920035798292,Down,2025-09-01,2025-10-09,True
2025-08-31,Elastic Net,Momentum,-0.11191158679426193,0.06415619523904834,Down,2025-09-01,2025-10-09,True
2025-08-31,KNN,Value,0.013202558312821917,-0.02102782690694718,Up,2025-09-01,2025-10-09,True
2025-08-31,KNN,Profitability,0.015449168551755085,0.05609920035798292,Up,2025-09-01,2025-10-09,True
2025-08-31,KNN,Momentum,0.02594186951976122,0.06415619523904834,Up,2025-09-01,2025-10-09,True
2025-08-31,SVR,Value,0.013028531443903594,-0.02102782690694718,Up,2025-09-01,2025-10-09,True
2025-08-31,SVR,Profitability,0.0029569243558167754,0.05609920035798292,Up,2025-09-01,2025-10-09,True
2025-08-31,SVR,Momentum,0.025676382105750448,0.06415619523904834,Up,2025-09-01,2025-10-09,True
2025-08-31,Random Forest,Value,0.004837830740612083,-0.02102782690694718,Up,2025-09-01,2025-10-09,True
2025-08-31,Random Forest,Profitability,0.007878175374615236,0.05609920035798292,Up,2025-09-01,2025-10-09,True
2025-08-31,Random Forest,Momentum,0.00841909355664067,0.06415619523904834,Up,2025-09-01,2025-10-09,True
2025-08-31,Extra Trees,Value,0.0032791322896219017,-0.02102782690694718,Up,2025-09-01,2025-10-09,True
2025-08-31,Extra Trees,Profitability,0.004272824148616559,0.05609920035798292,Up,2025-09-01,2025-10-09,True
2025-08-31,Extra Trees,Momentum,0.004042424921026105,0.06415619523904834,Up,2025-09-01,2025-10-09,True
2025-08-31,XGBoost,Value,0.0022570877335965633,-0.02102782690694718,Up,2025-09-01,2025-10-09,True
2025-08-31,XGBoost,Profitability,0.031928516924381256,0.05609920035798292,Up,2025-09-01,2025-10-09,True
2025-08-31,XGBoost,Momentum,0.008130229078233242,0.06415619523904834,Up,2025-09-01,2025-10-09,True
2025-08-31,MLP,Value,-0.0244055218803204,-0.02102782690694718,Down,2025-09-01,2025-10-09,True
2025-08-31,MLP,Profitability,-0.0050529276365551155,0.05609920035798292,Down,2025-09-01,2025-10-09,True
2025-08-31,MLP,Momentum,0.07432219073162477,0.06415619523904834,Up,2025-09-01,2025-10-09,True
2025-08-31,LSTM,Value,0.007991914637386799,-0.02102782690694718,Up,2025-09-01,2025-10-09,True
2025-08-31,LSTM,Profitability,0.01337502058595419,0.05609920035798292,Up,2025-09-01,2025-10-09,True
2025-08-31,LSTM,Momentum,0.01905781775712967,0.06415619523904834,Up,2025-09-01,2025-10-09,True
2025-08-31,CNN,Value,0.011478246189653873,-0.02102782690694718,Up,2025-09-01,2025-10-09,True
2025-08-31,CNN,Profitability,0.024785738438367844,0.05609920035798292,Up,2025-09-01,2025-10-09,True
2025-08-31,CNN,Momentum,0.007993068546056747,0.06415619523904834,Up,2025-09-01,2025-10-09,True
2025-08-31,Prophet,Value,0.013476840016368596,-0.02102782690694718,Up,2025-09-01,2025-10-09,True
2025-08-31,Prophet,Profitability,0.005231360730809594,0.05609920035798292,Up,2025-09-01,2025-10-09,True
2025-08-31,Prophet,Momentum,-0.01388285617697523,0.06415619523904834,Down,2025-09-01,2025-10-09,True
2025-09-30,Historical mean,Value,0.004252841778184541,0.05321991649355336,Up,2025-10-09,2025-11-03,True
2025-09-30,Historical mean,Profitability,0.00618480586312364,-0.030413348568890865,Up,2025-10-09,2025-11-03,True
2025-09-30,Historical mean,Momentum,0.008922339355166122,-0.0759134259900826,Up,2025-10-09,2025-11-03,True
2025-09-30,Ridge,Value,0.06131927467257478,0.05321991649355336,Up,2025-10-09,2025-11-03,True
2025-09-30,Ridge,Profitability,0.05671991865831956,-0.030413348568890865,Up,2025-10-09,2025-11-03,True
2025-09-30,Ridge,Momentum,-0.01181262154855755,-0.0759134259900826,Down,2025-10-09,2025-11-03,True
2025-09-30,Elastic Net,Value,0.07907661899418689,0.05321991649355336,Up,2025-10-09,2025-11-03,True
2025-09-30,Elastic Net,Profitability,0.08716901683126202,-0.030413348568890865,Up,2025-10-09,2025-11-03,True
2025-09-30,Elastic Net,Momentum,0.005303877093847673,-0.0759134259900826,Up,2025-10-09,2025-11-03,True
2025-09-30,KNN,Value,0.008693036082185196,0.05321991649355336,Up,2025-10-09,2025-11-03,True
2025-09-30,KNN,Profitability,0.011479594603633413,-0.030413348568890865,Up,2025-10-09,2025-11-03,True
2025-09-30,KNN,Momentum,0.028764119614122896,-0.0759134259900826,Up,2025-10-09,2025-11-03,True
2025-09-30,SVR,Value,0.011210925801647193,0.05321991649355336,Up,2025-10-09,2025-11-03,True
2025-09-30,SVR,Profitability,-0.0054486523655870485,-0.030413348568890865,Down,2025-10-09,2025-11-03,True
2025-09-30,SVR,Momentum,0.017566967721185094,-0.0759134259900826,Up,2025-10-09,2025-11-03,True
2025-09-30,Random Forest,Value,0.006767894632600214,0.05321991649355336,Up,2025-10-09,2025-11-03,True
2025-09-30,Random Forest,Profitability,0.011480273839188825,-0.030413348568890865,Up,2025-10-09,2025-11-03,True
2025-09-30,Random Forest,Momentum,0.01307899183445828,-0.0759134259900826,Up,2025-10-09,2025-11-03,True
2025-09-30,Extra Trees,Value,0.005386165904090187,0.05321991649355336,Up,2025-10-09,2025-11-03,True
2025-09-30,Extra Trees,Profitability,0.006921116560574966,-0.030413348568890865,Up,2025-10-09,2025-11-03,True
2025-09-30,Extra Trees,Momentum,0.009351924006902821,-0.0759134259900826,Up,2025-10-09,2025-11-03,True
2025-09-30,XGBoost,Value,0.008270563557744026,0.05321991649355336,Up,2025-10-09,2025-11-03,True
2025-09-30,XGBoost,Profitability,0.004955093841999769,-0.030413348568890865,Up,2025-10-09,2025-11-03,True
2025-09-30,XGBoost,Momentum,0.023206258192658424,-0.0759134259900826,Up,2025-10-09,2025-11-03,True
2025-09-30,MLP,Value,0.0019444384991312313,0.05321991649355336,Up,2025-10-09,2025-11-03,True
2025-09-30,MLP,Profitability,-0.017328879546036024,-0.030413348568890865,Down,2025-10-09,2025-11-03,True
2025-09-30,MLP,Momentum,0.02561747761536514,-0.0759134259900826,Up,2025-10-09,2025-11-03,True
2025-09-30,LSTM,Value,0.006457331590354443,0.05321991649355336,Up,2025-10-09,2025-11-03,True
2025-09-30,LSTM,Profitability,0.01985277608036995,-0.030413348568890865,Up,2025-10-09,2025-11-03,True
2025-09-30,LSTM,Momentum,0.032014213502407074,-0.0759134259900826,Up,2025-10-09,2025-11-03,True
2025-09-30,CNN,Value,0.0025434717535972595,0.05321991649355336,Up,2025-10-09,2025-11-03,True
2025-09-30,CNN,Profitability,0.02135799266397953,-0.030413348568890865,Up,2025-10-09,2025-11-03,True
2025-09-30,CNN,Momentum,0.012412033043801785,-0.0759134259900826,Up,2025-10-09,2025-11-03,True
2025-09-30,Prophet,Value,0.013741255503301622,0.05321991649355336,Up,2025-10-09,2025-11-03,True
2025-09-30,Prophet,Profitability,0.00852339020507153,-0.030413348568890865,Up,2025-10-09,2025-11-03,True
2025-09-30,Prophet,Momentum,-0.010464310554735257,-0.0759134259900826,Down,2025-10-09,2025-11-03,True
2025-10-31,Historical mean,Value,0.003891689368396946,0.020996307811802777,Up,2025-11-03,2025-12-01,True
2025-10-31,Historical mean,Profitability,0.0068978686416216305,0.011876165923097773,Up,2025-11-03,2025-12-01,True
2025-10-31,Historical mean,Momentum,0.009711394439221583,0.02281577891186577,Up,2025-11-03,2025-12-01,True
2025-10-31,Ridge,Value,0.0016892391409670565,0.020996307811802777,Up,2025-11-03,2025-12-01,True
2025-10-31,Ridge,Profitability,0.046231930953827834,0.011876165923097773,Up,2025-11-03,2025-12-01,True
2025-10-31,Ridge,Momentum,-0.02812146748503464,0.02281577891186577,Down,2025-11-03,2025-12-01,True
2025-10-31,Elastic Net,Value,-0.004976494049645417,0.020996307811802777,Down,2025-11-03,2025-12-01,True
2025-10-31,Elastic Net,Profitability,0.040586806516721925,0.011876165923097773,Up,2025-11-03,2025-12-01,True
2025-10-31,Elastic Net,Momentum,-0.04207159324688925,0.02281577891186577,Down,2025-11-03,2025-12-01,True
2025-10-31,KNN,Value,-0.00381812506610782,0.020996307811802777,Down,2025-11-03,2025-12-01,True
2025-10-31,KNN,Profitability,0.0016227697127043153,0.011876165923097773,Up,2025-11-03,2025-12-01,True
2025-10-31,KNN,Momentum,0.01581672291360371,0.02281577891186577,Up,2025-11-03,2025-12-01,True
2025-10-31,SVR,Value,0.005297949134699864,0.020996307811802777,Up,2025-11-03,2025-12-01,True
2025-10-31,SVR,Profitability,0.007196628144110394,0.011876165923097773,Up,2025-11-03,2025-12-01,True
2025-10-31,SVR,Momentum,0.009149981512671492,0.02281577891186577,Up,2025-11-03,2025-12-01,True
2025-10-31,Random Forest,Value,0.006826812643064954,0.020996307811802777,Up,2025-11-03,2025-12-01,True
2025-10-31,Random Forest,Profitability,0.014541521609526986,0.011876165923097773,Up,2025-11-03,2025-12-01,True
2025-10-31,Random Forest,Momentum,0.015918019240710554,0.02281577891186577,Up,2025-11-03,2025-12-01,True
2025-10-31,Extra Trees,Value,0.0026491587720932157,0.020996307811802777,Up,2025-11-03,2025-12-01,True
2025-10-31,Extra Trees,Profitability,0.008612312055774724,0.011876165923097773,Up,2025-11-03,2025-12-01,True
2025-10-31,Extra Trees,Momentum,0.0112064817114357,0.02281577891186577,Up,2025-11-03,2025-12-01,True
2025-10-31,XGBoost,Value,-0.019741136580705643,0.020996307811802777,Down,2025-11-03,2025-12-01,True
2025-10-31,XGBoost,Profitability,0.003531498834490776,0.011876165923097773,Up,2025-11-03,2025-12-01,True
2025-10-31,XGBoost,Momentum,0.006507392972707748,0.02281577891186577,Up,2025-11-03,2025-12-01,True
2025-10-31,MLP,Value,-0.0711655012804463,0.020996307811802777,Down,2025-11-03,2025-12-01,True
2025-10-31,MLP,Profitability,-0.019331181094806582,0.011876165923097773,Down,2025-11-03,2025-12-01,True
2025-10-31,MLP,Momentum,-0.004186993913488302,0.02281577891186577,Down,2025-11-03,2025-12-01,True
2025-10-31,LSTM,Value,0.0030518905259668827,0.020996307811802777,Up,2025-11-03,2025-12-01,True
2025-10-31,LSTM,Profitability,0.02110522985458374,0.011876165923097773,Up,2025-11-03,2025-12-01,True
2025-10-31,LSTM,Momentum,0.02925904281437397,0.02281577891186577,Up,2025-11-03,2025-12-01,True
2025-10-31,CNN,Value,-0.010393007658421993,0.020996307811802777,Down,2025-11-03,2025-12-01,True
2025-10-31,CNN,Profitability,0.005483168177306652,0.011876165923097773,Up,2025-11-03,2025-12-01,True
2025-10-31,CNN,Momentum,0.019354600459337234,0.02281577891186577,Up,2025-11-03,2025-12-01,True
2025-10-31,Prophet,Value,0.012253550367953295,0.020996307811802777,Up,2025-11-03,2025-12-01,True
2025-10-31,Prophet,Profitability,0.011363667746324047,0.011876165923097773,Up,2025-11-03,2025-12-01,True
2025-10-31,Prophet,Momentum,-0.006673175926513268,0.02281577891186577,Down,2025-11-03,2025-12-01,True
2025-11-30,Historical mean,Value,0.004586453130723093,0.031017099325490148,Up,2025-12-01,2026-01-05,True
2025-11-30,Historical mean,Profitability,0.006372358540065116,0.04512076539058687,Up,2025-12-01,2026-01-05,True
2025-11-30,Historical mean,Momentum,0.008505411052893354,0.015300146475962319,Up,2025-12-01,2026-01-05,True
2025-11-30,Ridge,Value,-0.018349885606837868,0.031017099325490148,Down,2025-12-01,2026-01-05,True
2025-11-30,Ridge,Profitability,-0.06341909483215967,0.04512076539058687,Down,2025-12-01,2026-01-05,True
2025-11-30,Ridge,Momentum,-0.02749798951414878,0.015300146475962319,Down,2025-12-01,2026-01-05,True
2025-11-30,Elastic Net,Value,-0.0004525024576410141,0.031017099325490148,Down,2025-12-01,2026-01-05,True
2025-11-30,Elastic Net,Profitability,-0.07570786353555088,0.04512076539058687,Down,2025-12-01,2026-01-05,True
2025-11-30,Elastic Net,Momentum,-0.03904117208231664,0.015300146475962319,Down,2025-12-01,2026-01-05,True
2025-11-30,KNN,Value,0.004621575315539983,0.031017099325490148,Up,2025-12-01,2026-01-05,True
2025-11-30,KNN,Profitability,0.007367353290691039,0.04512076539058687,Up,2025-12-01,2026-01-05,True
2025-11-30,KNN,Momentum,0.00814554509308942,0.015300146475962319,Up,2025-12-01,2026-01-05,True
2025-11-30,SVR,Value,-0.0007948778506286685,0.031017099325490148,Down,2025-12-01,2026-01-05,True
2025-11-30,SVR,Profitability,-0.015590403985955844,0.04512076539058687,Down,2025-12-01,2026-01-05,True
2025-11-30,SVR,Momentum,-0.005431847850571107,0.015300146475962319,Down,2025-12-01,2026-01-05,True
2025-11-30,Random Forest,Value,0.004607779383852451,0.031017099325490148,Up,2025-12-01,2026-01-05,True
2025-11-30,Random Forest,Profitability,0.004497373789355953,0.04512076539058687,Up,2025-12-01,2026-01-05,True
2025-11-30,Random Forest,Momentum,0.006180683592306445,0.015300146475962319,Up,2025-12-01,2026-01-05,True
2025-11-30,Extra Trees,Value,0.003914647976198684,0.031017099325490148,Up,2025-12-01,2026-01-05,True
2025-11-30,Extra Trees,Profitability,0.0024050761330011937,0.04512076539058687,Up,2025-12-01,2026-01-05,True
2025-11-30,Extra Trees,Momentum,0.005780704946828406,0.015300146475962319,Up,2025-12-01,2026-01-05,True
2025-11-30,XGBoost,Value,0.004669428803026676,0.031017099325490148,Up,2025-12-01,2026-01-05,True
2025-11-30,XGBoost,Profitability,-0.016528425738215446,0.04512076539058687,Down,2025-12-01,2026-01-05,True
2025-11-30,XGBoost,Momentum,-0.004984260071069002,0.015300146475962319,Down,2025-12-01,2026-01-05,True
2025-11-30,MLP,Value,-0.022883093402205783,0.031017099325490148,Down,2025-12-01,2026-01-05,True
2025-11-30,MLP,Profitability,-0.049883767617926136,0.04512076539058687,Down,2025-12-01,2026-01-05,True
2025-11-30,MLP,Momentum,-0.006320298250480971,0.015300146475962319,Down,2025-12-01,2026-01-05,True
2025-11-30,LSTM,Value,-0.005364723037928343,0.031017099325490148,Down,2025-12-01,2026-01-05,True
2025-11-30,LSTM,Profitability,0.007052842527627945,0.04512076539058687,Up,2025-12-01,2026-01-05,True
2025-11-30,LSTM,Momentum,0.00019353162497282028,0.015300146475962319,Up,2025-12-01,2026-01-05,True
2025-11-30,CNN,Value,0.0014237805735319853,0.031017099325490148,Up,2025-12-01,2026-01-05,True
2025-11-30,CNN,Profitability,0.006554828956723213,0.04512076539058687,Up,2025-12-01,2026-01-05,True
2025-11-30,CNN,Momentum,0.01136522926390171,0.015300146475962319,Up,2025-12-01,2026-01-05,True
2025-11-30,Prophet,Value,0.014699092000777418,0.031017099325490148,Up,2025-12-01,2026-01-05,True
2025-11-30,Prophet,Profitability,0.00917146961008067,0.04512076539058687,Up,2025-12-01,2026-01-05,True
2025-11-30,Prophet,Momentum,-0.011083947665403838,0.015300146475962319,Down,2025-12-01,2026-01-05,True
2025-12-31,Historical mean,Value,0.004814367779071421,-0.01654495999933408,Up,2026-01-05,2026-02-02,True
2025-12-31,Historical mean,Profitability,0.006448800309273903,-0.038916042771333606,Up,2026-01-05,2026-02-02,True
2025-12-31,Historical mean,Momentum,0.008704166162045748,-0.06876284317228579,Up,2026-01-05,2026-02-02,True
2025-12-31,Ridge,Value,-0.006805491044677414,-0.01654495999933408,Down,2026-01-05,2026-02-02,True
2025-12-31,Ridge,Profitability,-0.0002639526560316739,-0.038916042771333606,Down,2026-01-05,2026-02-02,True
2025-12-31,Ridge,Momentum,0.012848201757473737,-0.06876284317228579,Up,2026-01-05,2026-02-02,True
2025-12-31,Elastic Net,Value,-0.009202540000039769,-0.01654495999933408,Down,2026-01-05,2026-02-02,True
2025-12-31,Elastic Net,Profitability,-0.0026839524663190527,-0.038916042771333606,Down,2026-01-05,2026-02-02,True
2025-12-31,Elastic Net,Momentum,0.010282939055070503,-0.06876284317228579,Up,2026-01-05,2026-02-02,True
2025-12-31,KNN,Value,0.011104888624393974,-0.01654495999933408,Up,2026-01-05,2026-02-02,True
2025-12-31,KNN,Profitability,0.018930539038763818,-0.038916042771333606,Up,2026-01-05,2026-02-02,True
2025-12-31,KNN,Momentum,0.01512452622108627,-0.06876284317228579,Up,2026-01-05,2026-02-02,True
2025-12-31,SVR,Value,0.0044084446232994885,-0.01654495999933408,Up,2026-01-05,2026-02-02,True
2025-12-31,SVR,Profitability,0.014372251501405692,-0.038916042771333606,Up,2026-01-05,2026-02-02,True
2025-12-31,SVR,Momentum,0.008251058086991355,-0.06876284317228579,Up,2026-01-05,2026-02-02,True
2025-12-31,Random Forest,Value,0.007726618813983384,-0.01654495999933408,Up,2026-01-05,2026-02-02,True
2025-12-31,Random Forest,Profitability,0.014093804949857146,-0.038916042771333606,Up,2026-01-05,2026-02-02,True
2025-12-31,Random Forest,Momentum,0.017823411583555333,-0.06876284317228579,Up,2026-01-05,2026-02-02,True
2025-12-31,Extra Trees,Value,0.00699720470355426,-0.01654495999933408,Up,2026-01-05,2026-02-02,True
2025-12-31,Extra Trees,Profitability,0.007506156092417484,-0.038916042771333606,Up,2026-01-05,2026-02-02,True
2025-12-31,Extra Trees,Momentum,0.01010748624377341,-0.06876284317228579,Up,2026-01-05,2026-02-02,True
2025-12-31,XGBoost,Value,-0.0030151025857776403,-0.01654495999933408,Down,2026-01-05,2026-02-02,True
2025-12-31,XGBoost,Profitability,0.006278706714510918,-0.038916042771333606,Up,2026-01-05,2026-02-02,True
2025-12-31,XGBoost,Momentum,0.01959916390478611,-0.06876284317228579,Up,2026-01-05,2026-02-02,True
2025-12-31,MLP,Value,0.009158206187924161,-0.01654495999933408,Up,2026-01-05,2026-02-02,True
2025-12-31,MLP,Profitability,0.0014791673452965379,-0.038916042771333606,Up,2026-01-05,2026-02-02,True
2025-12-31,MLP,Momentum,0.04388331237915155,-0.06876284317228579,Up,2026-01-05,2026-02-02,True
2025-12-31,LSTM,Value,-0.0013128197751939297,-0.01654495999933408,Down,2026-01-05,2026-02-02,True
2025-12-31,LSTM,Profitability,0.0008147992193698883,-0.038916042771333606,Up,2026-01-05,2026-02-02,True
2025-12-31,LSTM,Momentum,-0.0072307949885725975,-0.06876284317228579,Down,2026-01-05,2026-02-02,True
2025-12-31,CNN,Value,-0.00025501102209091187,-0.01654495999933408,Down,2026-01-05,2026-02-02,True
2025-12-31,CNN,Profitability,0.004922057967633009,-0.038916042771333606,Up,2026-01-05,2026-02-02,True
2025-12-31,CNN,Momentum,0.0133683942258358,-0.06876284317228579,Up,2026-01-05,2026-02-02,True
2025-12-31,Prophet,Value,0.015292071042833238,-0.01654495999933408,Up,2026-01-05,2026-02-02,True
2025-12-31,Prophet,Profitability,0.009331421033814654,-0.038916042771333606,Up,2026-01-05,2026-02-02,True
2025-12-31,Prophet,Momentum,-0.009472389831061034,-0.06876284317228579,Down,2026-01-05,2026-02-02,True
2026-01-31,Historical mean,Value,0.005173309307104554,0.003769581686375933,Up,2026-02-02,2026-03-02,True
2026-01-31,Historical mean,Profitability,0.006978553255593258,-0.02180542295701582,Up,2026-02-02,2026-03-02,True
2026-01-31,Historical mean,Momentum,0.008794522056756935,-0.003069097303771629,Up,2026-02-02,2026-03-02,True
2026-01-31,Ridge,Value,-0.009776602998666839,0.003769581686375933,Down,2026-02-02,2026-03-02,True
2026-01-31,Ridge,Profitability,-0.01726846645350777,-0.02180542295701582,Down,2026-02-02,2026-03-02,True
2026-01-31,Ridge,Momentum,0.017929503003695266,-0.003069097303771629,Up,2026-02-02,2026-03-02,True
2026-01-31,Elastic Net,Value,-0.0039395274715657074,0.003769581686375933,Down,2026-02-02,2026-03-02,True
2026-01-31,Elastic Net,Profitability,0.0016197253270969596,-0.02180542295701582,Up,2026-02-02,2026-03-02,True
2026-01-31,Elastic Net,Momentum,0.03290839439861948,-0.003069097303771629,Up,2026-02-02,2026-03-02,True
2026-01-31,KNN,Value,0.013420028697416691,0.003769581686375933,Up,2026-02-02,2026-03-02,True
2026-01-31,KNN,Profitability,0.017794746019731168,-0.02180542295701582,Up,2026-02-02,2026-03-02,True
2026-01-31,KNN,Momentum,0.01814330521809868,-0.003069097303771629,Up,2026-02-02,2026-03-02,True
2026-01-31,SVR,Value,0.01315292884831576,0.003769581686375933,Up,2026-02-02,2026-03-02,True
2026-01-31,SVR,Profitability,0.00223473791269472,-0.02180542295701582,Up,2026-02-02,2026-03-02,True
2026-01-31,SVR,Momentum,0.01663826760523787,-0.003069097303771629,Up,2026-02-02,2026-03-02,True
2026-01-31,Random Forest,Value,0.010967723258656826,0.003769581686375933,Up,2026-02-02,2026-03-02,True
2026-01-31,Random Forest,Profitability,0.017579446952948673,-0.02180542295701582,Up,2026-02-02,2026-03-02,True
2026-01-31,Random Forest,Momentum,0.020760693756251742,-0.003069097303771629,Up,2026-02-02,2026-03-02,True
2026-01-31,Extra Trees,Value,0.014848277696978449,0.003769581686375933,Up,2026-02-02,2026-03-02,True
2026-01-31,Extra Trees,Profitability,0.021924756660958354,-0.02180542295701582,Up,2026-02-02,2026-03-02,True
2026-01-31,Extra Trees,Momentum,0.022409364316663943,-0.003069097303771629,Up,2026-02-02,2026-03-02,True
2026-01-31,XGBoost,Value,0.024809954687952995,0.003769581686375933,Up,2026-02-02,2026-03-02,True
2026-01-31,XGBoost,Profitability,0.00013150612358003855,-0.02180542295701582,Up,2026-02-02,2026-03-02,True
2026-01-31,XGBoost,Momentum,0.020825304090976715,-0.003069097303771629,Up,2026-02-02,2026-03-02,True
2026-01-31,MLP,Value,0.010246138731086107,0.003769581686375933,Up,2026-02-02,2026-03-02,True
2026-01-31,MLP,Profitability,0.013986394208869823,-0.02180542295701582,Up,2026-02-02,2026-03-02,True
2026-01-31,MLP,Momentum,0.0395737329505059,-0.003069097303771629,Up,2026-02-02,2026-03-02,True
2026-01-31,LSTM,Value,0.013327857479453087,0.003769581686375933,Up,2026-02-02,2026-03-02,True
2026-01-31,LSTM,Profitability,0.011587357148528099,-0.02180542295701582,Up,2026-02-02,2026-03-02,True
2026-01-31,LSTM,Momentum,0.015196690335869789,-0.003069097303771629,Up,2026-02-02,2026-03-02,True
2026-01-31,CNN,Value,0.005125208292156458,0.003769581686375933,Up,2026-02-02,2026-03-02,True
2026-01-31,CNN,Profitability,0.012012474238872528,-0.02180542295701582,Up,2026-02-02,2026-03-02,True
2026-01-31,CNN,Momentum,0.005068019963800907,-0.003069097303771629,Up,2026-02-02,2026-03-02,True
2026-01-31,Prophet,Value,0.01620661391490572,0.003769581686375933,Up,2026-02-02,2026-03-02,True
2026-01-31,Prophet,Profitability,0.011360239800256201,-0.02180542295701582,Up,2026-02-02,2026-03-02,True
2026-01-31,Prophet,Momentum,-0.00876990116183729,-0.003069097303771629,Down,2026-02-02,2026-03-02,True
2026-02-28,Historical mean,Value,0.004879819181341869,-0.018285700475801605,Up,2026-03-02,2026-04-01,True
2026-02-28,Historical mean,Profitability,0.0063583560119861385,0.0036635579975837548,Up,2026-03-02,2026-04-01,True
2026-02-28,Historical mean,Momentum,0.007746449553661763,-0.03959201474681309,Up,2026-03-02,2026-04-01,True
2026-02-28,Ridge,Value,0.03362858330011603,-0.018285700475801605,Up,2026-03-02,2026-04-01,True
2026-02-28,Ridge,Profitability,0.04332916932378713,0.0036635579975837548,Up,2026-03-02,2026-04-01,True
2026-02-28,Ridge,Momentum,0.014031575252023525,-0.03959201474681309,Up,2026-03-02,2026-04-01,True
2026-02-28,Elastic Net,Value,0.04038323669244141,-0.018285700475801605,Up,2026-03-02,2026-04-01,True
2026-02-28,Elastic Net,Profitability,0.04499018910621542,0.0036635579975837548,Up,2026-03-02,2026-04-01,True
2026-02-28,Elastic Net,Momentum,0.0104040226054868,-0.03959201474681309,Up,2026-03-02,2026-04-01,True
2026-02-28,KNN,Value,0.00889564784440166,-0.018285700475801605,Up,2026-03-02,2026-04-01,True
2026-02-28,KNN,Profitability,0.01247773720578547,0.0036635579975837548,Up,2026-03-02,2026-04-01,True
2026-02-28,KNN,Momentum,0.006300485683304392,-0.03959201474681309,Up,2026-03-02,2026-04-01,True
2026-02-28,SVR,Value,0.019664749299337557,-0.018285700475801605,Up,2026-03-02,2026-04-01,True
2026-02-28,SVR,Profitability,0.009678281150432361,0.0036635579975837548,Up,2026-03-02,2026-04-01,True
2026-02-28,SVR,Momentum,0.0036754172877575307,-0.03959201474681309,Up,2026-03-02,2026-04-01,True
2026-02-28,Random Forest,Value,0.009401010118602547,-0.018285700475801605,Up,2026-03-02,2026-04-01,True
2026-02-28,Random Forest,Profitability,0.013257007052826758,0.0036635579975837548,Up,2026-03-02,2026-04-01,True
2026-02-28,Random Forest,Momentum,0.01199217929085677,-0.03959201474681309,Up,2026-03-02,2026-04-01,True
2026-02-28,Extra Trees,Value,0.012591088347705412,-0.018285700475801605,Up,2026-03-02,2026-04-01,True
2026-02-28,Extra Trees,Profitability,0.01625836524711275,0.0036635579975837548,Up,2026-03-02,2026-04-01,True
2026-02-28,Extra Trees,Momentum,0.01253621978580171,-0.03959201474681309,Up,2026-03-02,2026-04-01,True
2026-02-28,XGBoost,Value,0.04374593123793602,-0.018285700475801605,Up,2026-03-02,2026-04-01,True
2026-02-28,XGBoost,Profitability,-0.00016443151980638504,0.0036635579975837548,Down,2026-03-02,2026-04-01,True
2026-02-28,XGBoost,Momentum,0.0010058797197416425,-0.03959201474681309,Up,2026-03-02,2026-04-01,True
2026-02-28,MLP,Value,0.056617243018268024,-0.018285700475801605,Up,2026-03-02,2026-04-01,True
2026-02-28,MLP,Profitability,0.0846369865576871,0.0036635579975837548,Up,2026-03-02,2026-04-01,True
2026-02-28,MLP,Momentum,0.05222207105213328,-0.03959201474681309,Up,2026-03-02,2026-04-01,True
2026-02-28,LSTM,Value,0.012325817719101906,-0.018285700475801605,Up,2026-03-02,2026-04-01,True
2026-02-28,LSTM,Profitability,0.0154535798355937,0.0036635579975837548,Up,2026-03-02,2026-04-01,True
2026-02-28,LSTM,Momentum,0.01691797375679016,-0.03959201474681309,Up,2026-03-02,2026-04-01,True
2026-02-28,CNN,Value,0.006701118312776089,-0.018285700475801605,Up,2026-03-02,2026-04-01,True
2026-02-28,CNN,Profitability,0.017293963581323624,0.0036635579975837548,Up,2026-03-02,2026-04-01,True
2026-02-28,CNN,Momentum,-0.0022735530510544777,-0.03959201474681309,Down,2026-03-02,2026-04-01,True
2026-02-28,Prophet,Value,0.015283738771862752,-0.018285700475801605,Up,2026-03-02,2026-04-01,True
2026-02-28,Prophet,Profitability,0.009247461988413584,0.0036635579975837548,Up,2026-03-02,2026-04-01,True
2026-02-28,Prophet,Momentum,-0.012656294880241193,-0.03959201474681309,Down,2026-03-02,2026-04-01,True
2026-03-31,Historical mean,Value,0.0048650160147423235,-0.013543528194126696,Up,2026-04-01,2026-05-06,True
2026-03-31,Historical mean,Profitability,0.005982838959066112,0.0552199762640962,Up,2026-04-01,2026-05-06,True
2026-03-31,Historical mean,Momentum,0.007602242262229318,0.042613116192397715,Up,2026-04-01,2026-05-06,True
2026-03-31,Ridge,Value,0.049087179927690974,-0.013543528194126696,Up,2026-04-01,2026-05-06,True
2026-03-31,Ridge,Profitability,0.0431627913062322,0.0552199762640962,Up,2026-04-01,2026-05-06,True
2026-03-31,Ridge,Momentum,0.018492082521183274,0.042613116192397715,Up,2026-04-01,2026-05-06,True
2026-03-31,Elastic Net,Value,0.06306607820627727,-0.013543528194126696,Up,2026-04-01,2026-05-06,True
2026-03-31,Elastic Net,Profitability,0.07149916432936751,0.0552199762640962,Up,2026-04-01,2026-05-06,True
2026-03-31,Elastic Net,Momentum,0.015741833443401774,0.042613116192397715,Up,2026-04-01,2026-05-06,True
2026-03-31,KNN,Value,0.018036797879086228,-0.013543528194126696,Up,2026-04-01,2026-05-06,True
2026-03-31,KNN,Profitability,0.022795644494884176,0.0552199762640962,Up,2026-04-01,2026-05-06,True
2026-03-31,KNN,Momentum,0.009243441309969921,0.042613116192397715,Up,2026-04-01,2026-05-06,True
2026-03-31,SVR,Value,0.02660628040603865,-0.013543528194126696,Up,2026-04-01,2026-05-06,True
2026-03-31,SVR,Profitability,0.008882658536655891,0.0552199762640962,Up,2026-04-01,2026-05-06,True
2026-03-31,SVR,Momentum,0.003061761575479269,0.042613116192397715,Up,2026-04-01,2026-05-06,True
2026-03-31,Random Forest,Value,0.008751012923057895,-0.013543528194126696,Up,2026-04-01,2026-05-06,True
2026-03-31,Random Forest,Profitability,0.011213671007284183,0.0552199762640962,Up,2026-04-01,2026-05-06,True
2026-03-31,Random Forest,Momentum,0.010859885252286748,0.042613116192397715,Up,2026-04-01,2026-05-06,True
2026-03-31,Extra Trees,Value,0.011781004151335484,-0.013543528194126696,Up,2026-04-01,2026-05-06,True
2026-03-31,Extra Trees,Profitability,0.014997244626357006,0.0552199762640962,Up,2026-04-01,2026-05-06,True
2026-03-31,Extra Trees,Momentum,0.013023911357757519,0.042613116192397715,Up,2026-04-01,2026-05-06,True
2026-03-31,XGBoost,Value,0.037963028997182846,-0.013543528194126696,Up,2026-04-01,2026-05-06,True
2026-03-31,XGBoost,Profitability,0.011939900927245617,0.0552199762640962,Up,2026-04-01,2026-05-06,True
2026-03-31,XGBoost,Momentum,-0.004084874410182238,0.042613116192397715,Down,2026-04-01,2026-05-06,True
2026-03-31,MLP,Value,0.054861713711104466,-0.013543528194126696,Up,2026-04-01,2026-05-06,True
2026-03-31,MLP,Profitability,0.03580294873578245,0.0552199762640962,Up,2026-04-01,2026-05-06,True
2026-03-31,MLP,Momentum,0.031704100089073435,0.042613116192397715,Up,2026-04-01,2026-05-06,True
2026-03-31,LSTM,Value,0.011514808051288128,-0.013543528194126696,Up,2026-04-01,2026-05-06,True
2026-03-31,LSTM,Profitability,0.014679431915283203,0.0552199762640962,Up,2026-04-01,2026-05-06,True
2026-03-31,LSTM,Momentum,0.010989846661686897,0.042613116192397715,Up,2026-04-01,2026-05-06,True
2026-03-31,CNN,Value,0.01323310099542141,-0.013543528194126696,Up,2026-04-01,2026-05-06,True
2026-03-31,CNN,Profitability,0.02122364565730095,0.0552199762640962,Up,2026-04-01,2026-05-06,True
2026-03-31,CNN,Momentum,0.0013738716952502728,0.042613116192397715,Up,2026-04-01,2026-05-06,True
2026-03-31,Prophet,Value,0.01462704519858113,-0.013543528194126696,Up,2026-04-01,2026-05-06,True
2026-03-31,Prophet,Profitability,0.007198348203304611,0.0552199762640962,Up,2026-04-01,2026-05-06,True
2026-03-31,Prophet,Momentum,-0.012683933136552647,0.042613116192397715,Down,2026-04-01,2026-05-06,True
2026-04-30,Historical mean,Value,0.004560401324077272,-0.04761473974641779,Up,2026-05-06,2026-06-01,True
2026-04-30,Historical mean,Profitability,0.005952322104309766,-0.035014867123828376,Up,2026-05-06,2026-06-01,True
2026-04-30,Historical mean,Momentum,0.006981265196320865,-0.023239746696573478,Up,2026-05-06,2026-06-01,True
2026-04-30,Ridge,Value,0.03948948743064604,-0.04761473974641779,Up,2026-05-06,2026-06-01,True
2026-04-30,Ridge,Profitability,0.04708732955508177,-0.035014867123828376,Up,2026-05-06,2026-06-01,True
2026-04-30,Ridge,Momentum,0.017707630422053335,-0.023239746696573478,Up,2026-05-06,2026-06-01,True
2026-04-30,Elastic Net,Value,0.04019245068250324,-0.04761473974641779,Up,2026-05-06,2026-06-01,True
2026-04-30,Elastic Net,Profitability,0.0691584276099946,-0.035014867123828376,Up,2026-05-06,2026-06-01,True
2026-04-30,Elastic Net,Momentum,0.02414488949611079,-0.023239746696573478,Up,2026-05-06,2026-06-01,True
2026-04-30,KNN,Value,0.018881849396730883,-0.04761473974641779,Up,2026-05-06,2026-06-01,True
2026-04-30,KNN,Profitability,0.02414276283565496,-0.035014867123828376,Up,2026-05-06,2026-06-01,True
2026-04-30,KNN,Momentum,0.007516190429718721,-0.023239746696573478,Up,2026-05-06,2026-06-01,True
2026-04-30,SVR,Value,0.02145915419601608,-0.04761473974641779,Up,2026-05-06,2026-06-01,True
2026-04-30,SVR,Profitability,0.0032207078293334636,-0.035014867123828376,Up,2026-05-06,2026-06-01,True
2026-04-30,SVR,Momentum,-0.0015015835832012372,-0.023239746696573478,Down,2026-05-06,2026-06-01,True
2026-04-30,Random Forest,Value,0.0059288069250355265,-0.04761473974641779,Up,2026-05-06,2026-06-01,True
2026-04-30,Random Forest,Profitability,0.007675079935478942,-0.035014867123828376,Up,2026-05-06,2026-06-01,True
2026-04-30,Random Forest,Momentum,0.010051679673273778,-0.023239746696573478,Up,2026-05-06,2026-06-01,True
2026-04-30,Extra Trees,Value,0.010609195970872233,-0.04761473974641779,Up,2026-05-06,2026-06-01,True
2026-04-30,Extra Trees,Profitability,0.013727091268502188,-0.035014867123828376,Up,2026-05-06,2026-06-01,True
2026-04-30,Extra Trees,Momentum,0.014495200698304815,-0.023239746696573478,Up,2026-05-06,2026-06-01,True
2026-04-30,XGBoost,Value,0.022683672606945038,-0.04761473974641779,Up,2026-05-06,2026-06-01,True
2026-04-30,XGBoost,Profitability,0.029739996418356895,-0.035014867123828376,Up,2026-05-06,2026-06-01,True
2026-04-30,XGBoost,Momentum,0.0282948836684227,-0.023239746696573478,Up,2026-05-06,2026-06-01,True
2026-04-30,MLP,Value,0.05715154452384158,-0.04761473974641779,Up,2026-05-06,2026-06-01,True
2026-04-30,MLP,Profitability,0.09025243746526947,-0.035014867123828376,Up,2026-05-06,2026-06-01,True
2026-04-30,MLP,Momentum,0.038987523915645514,-0.023239746696573478,Up,2026-05-06,2026-06-01,True
2026-04-30,LSTM,Value,0.012295251712203026,-0.04761473974641779,Up,2026-05-06,2026-06-01,True
2026-04-30,LSTM,Profitability,0.018135659396648407,-0.035014867123828376,Up,2026-05-06,2026-06-01,True
2026-04-30,LSTM,Momentum,0.019632188603281975,-0.023239746696573478,Up,2026-05-06,2026-06-01,True
2026-04-30,CNN,Value,0.01740185357630253,-0.04761473974641779,Up,2026-05-06,2026-06-01,True
2026-04-30,CNN,Profitability,0.03178716450929642,-0.035014867123828376,Up,2026-05-06,2026-06-01,True
2026-04-30,CNN,Momentum,-0.009846597909927368,-0.023239746696573478,Down,2026-05-06,2026-06-01,True
2026-04-30,Prophet,Value,0.013235658705369056,-0.04761473974641779,Up,2026-05-06,2026-06-01,True
2026-04-30,Prophet,Profitability,0.00701941177266671,-0.035014867123828376,Up,2026-05-06,2026-06-01,True
2026-04-30,Prophet,Momentum,-0.014685153179734648,-0.023239746696573478,Down,2026-05-06,2026-06-01,True
2026-05-31,Historical mean,Value,0.00432528535630839,-0.05157524719832063,Up,2026-06-01,2026-07-01,True
2026-05-31,Historical mean,Profitability,0.006592161768722577,0.14475225849426515,Up,2026-06-01,2026-07-01,True
2026-05-31,Historical mean,Momentum,0.007444016507958227,0.08537654580031458,Up,2026-06-01,2026-07-01,True
2026-05-31,Ridge,Value,0.06440553417732843,-0.05157524719832063,Up,2026-06-01,2026-07-01,True
2026-05-31,Ridge,Profitability,0.08066620146731777,0.14475225849426515,Up,2026-06-01,2026-07-01,True
2026-05-31,Ridge,Momentum,0.09416578629525403,0.08537654580031458,Up,2026-06-01,2026-07-01,True
2026-05-31,Elastic Net,Value,0.05951293418205539,-0.05157524719832063,Up,2026-06-01,2026-07-01,True
2026-05-31,Elastic Net,Profitability,0.08874753806360429,0.14475225849426515,Up,2026-06-01,2026-07-01,True
2026-05-31,Elastic Net,Momentum,0.11197421569239682,0.08537654580031458,Up,2026-06-01,2026-07-01,True
2026-05-31,KNN,Value,0.014514548322370764,-0.05157524719832063,Up,2026-06-01,2026-07-01,True
2026-05-31,KNN,Profitability,0.01432815710553065,0.14475225849426515,Up,2026-06-01,2026-07-01,True
2026-05-31,KNN,Momentum,0.020734184993062562,0.08537654580031458,Up,2026-06-01,2026-07-01,True
2026-05-31,SVR,Value,0.02454657690397489,-0.05157524719832063,Up,2026-06-01,2026-07-01,True
2026-05-31,SVR,Profitability,-0.009685007470088748,0.14475225849426515,Down,2026-06-01,2026-07-01,True
2026-05-31,SVR,Momentum,0.005688604371415504,0.08537654580031458,Up,2026-06-01,2026-07-01,True
2026-05-31,Random Forest,Value,0.006788902311411733,-0.05157524719832063,Up,2026-06-01,2026-07-01,True
2026-05-31,Random Forest,Profitability,0.011772805038672885,0.14475225849426515,Up,2026-06-01,2026-07-01,True
2026-05-31,Random Forest,Momentum,0.01571628844685895,0.08537654580031458,Up,2026-06-01,2026-07-01,True
2026-05-31,Extra Trees,Value,0.00961884042663084,-0.05157524719832063,Up,2026-06-01,2026-07-01,True
2026-05-31,Extra Trees,Profitability,0.015063528029082524,0.14475225849426515,Up,2026-06-01,2026-07-01,True
2026-05-31,Extra Trees,Momentum,0.02186955283616168,0.08537654580031458,Up,2026-06-01,2026-07-01,True
2026-05-31,XGBoost,Value,0.014906561933457851,-0.05157524719832063,Up,2026-06-01,2026-07-01,True
2026-05-31,XGBoost,Profitability,0.005180496722459793,0.14475225849426515,Up,2026-06-01,2026-07-01,True
2026-05-31,XGBoost,Momentum,0.03147374093532562,0.08537654580031458,Up,2026-06-01,2026-07-01,True
2026-05-31,MLP,Value,0.07216992711795063,-0.05157524719832063,Up,2026-06-01,2026-07-01,True
2026-05-31,MLP,Profitability,0.042549004659436715,0.14475225849426515,Up,2026-06-01,2026-07-01,True
2026-05-31,MLP,Momentum,0.10324300383014433,0.08537654580031458,Up,2026-06-01,2026-07-01,True
2026-05-31,LSTM,Value,0.012829098850488663,-0.05157524719832063,Up,2026-06-01,2026-07-01,True
2026-05-31,LSTM,Profitability,0.017424635589122772,0.14475225849426515,Up,2026-06-01,2026-07-01,True
2026-05-31,LSTM,Momentum,0.03180568665266037,0.08537654580031458,Up,2026-06-01,2026-07-01,True
2026-05-31,CNN,Value,0.0034191948361694813,-0.05157524719832063,Up,2026-06-01,2026-07-01,True
2026-05-31,CNN,Profitability,0.009789451956748962,0.14475225849426515,Up,2026-06-01,2026-07-01,True
2026-05-31,CNN,Momentum,0.013604076579213142,0.08537654580031458,Up,2026-06-01,2026-07-01,True
2026-05-31,Prophet,Value,0.011846919362912099,-0.05157524719832063,Up,2026-06-01,2026-07-01,True
2026-05-31,Prophet,Profitability,0.009519001131845405,0.14475225849426515,Up,2026-06-01,2026-07-01,True
2026-05-31,Prophet,Momentum,-0.012228333201214154,0.08537654580031458,Down,2026-06-01,2026-07-01,True
2026-06-30,Historical mean,Value,0.003659387598581131,0.09863475596507225,Up,2026-07-01,2026-08-03,True
2026-06-30,Historical mean,Profitability,0.00605873832138218,-0.014689819965807269,Up,2026-07-01,2026-08-03,True
2026-06-30,Historical mean,Momentum,0.007050634928412949,-0.03248022554403496,Up,2026-07-01,2026-08-03,True
2026-06-30,Ridge,Value,0.05526967739959023,0.09863475596507225,Up,2026-07-01,2026-08-03,True
2026-06-30,Ridge,Profitability,0.039511041647326835,-0.014689819965807269,Up,2026-07-01,2026-08-03,True
2026-06-30,Ridge,Momentum,0.038915275185156036,-0.03248022554403496,Up,2026-07-01,2026-08-03,True
2026-06-30,Elastic Net,Value,0.06776375501311978,0.09863475596507225,Up,2026-07-01,2026-08-03,True
2026-06-30,Elastic Net,Profitability,0.06610086096037812,-0.014689819965807269,Up,2026-07-01,2026-08-03,True
2026-06-30,Elastic Net,Momentum,0.0484283954748153,-0.03248022554403496,Up,2026-07-01,2026-08-03,True
2026-06-30,KNN,Value,0.01103610926483832,0.09863475596507225,Up,2026-07-01,2026-08-03,True
2026-06-30,KNN,Profitability,0.018495699298473327,-0.014689819965807269,Up,2026-07-01,2026-08-03,True
2026-06-30,KNN,Momentum,0.0059366319023836656,-0.03248022554403496,Up,2026-07-01,2026-08-03,True
2026-06-30,SVR,Value,0.012864778136136432,0.09863475596507225,Up,2026-07-01,2026-08-03,True
2026-06-30,SVR,Profitability,-0.017633853894667897,-0.014689819965807269,Down,2026-07-01,2026-08-03,True
2026-06-30,SVR,Momentum,-0.012168405250307232,-0.03248022554403496,Down,2026-07-01,2026-08-03,True
2026-06-30,Random Forest,Value,0.000587442559257588,0.09863475596507225,Up,2026-07-01,2026-08-03,True
2026-06-30,Random Forest,Profitability,0.0017763397058351282,-0.014689819965807269,Up,2026-07-01,2026-08-03,True
2026-06-30,Random Forest,Momentum,0.0042788036482176535,-0.03248022554403496,Up,2026-07-01,2026-08-03,True
2026-06-30,Extra Trees,Value,0.0029533650023370853,0.09863475596507225,Up,2026-07-01,2026-08-03,True
2026-06-30,Extra Trees,Profitability,0.004450210023778936,-0.014689819965807269,Up,2026-07-01,2026-08-03,True
2026-06-30,Extra Trees,Momentum,0.00919468988650675,-0.03248022554403496,Up,2026-07-01,2026-08-03,True
2026-06-30,XGBoost,Value,0.011163927614688873,0.09863475596507225,Up,2026-07-01,2026-08-03,True
2026-06-30,XGBoost,Profitability,-0.003859523683786392,-0.014689819965807269,Down,2026-07-01,2026-08-03,True
2026-06-30,XGBoost,Momentum,0.011355787515640259,-0.03248022554403496,Up,2026-07-01,2026-08-03,True
2026-06-30,MLP,Value,0.03866315438878287,0.09863475596507225,Up,2026-07-01,2026-08-03,True
2026-06-30,MLP,Profitability,-0.013845918645850618,-0.014689819965807269,Down,2026-07-01,2026-08-03,True
2026-06-30,MLP,Momentum,-0.0331336628514926,-0.03248022554403496,Down,2026-07-01,2026-08-03,True
2026-06-30,LSTM,Value,0.009799746796488762,0.09863475596507225,Up,2026-07-01,2026-08-03,True
2026-06-30,LSTM,Profitability,0.011899229139089584,-0.014689819965807269,Up,2026-07-01,2026-08-03,True
2026-06-30,LSTM,Momentum,0.021682139486074448,-0.03248022554403496,Up,2026-07-01,2026-08-03,True
2026-06-30,CNN,Value,0.002909298986196518,0.09863475596507225,Up,2026-07-01,2026-08-03,True
2026-06-30,CNN,Profitability,0.012740195728838444,-0.014689819965807269,Up,2026-07-01,2026-08-03,True
2026-06-30,CNN,Momentum,0.005513597745448351,-0.03248022554403496,Up,2026-07-01,2026-08-03,True
2026-06-30,Prophet,Value,0.009007805656019162,0.09863475596507225,Up,2026-07-01,2026-08-03,True
2026-06-30,Prophet,Profitability,0.007586259848336071,-0.014689819965807269,Up,2026-07-01,2026-08-03,True
2026-06-30,Prophet,Momentum,-0.013317362482642066,-0.03248022554403496,Down,2026-07-01,2026-08-03,True
2026-07-31,Historical mean,Value,0.002960215006215286,0.0036067711372672413,Up,2026-08-03,2026-09-01,True
2026-07-31,Historical mean,Profitability,0.00781435250078576,-0.015706521425866773,Up,2026-08-03,2026-09-01,True
2026-07-31,Historical mean,Momentum,0.008042102154639552,0.032352226945449016,Up,2026-08-03,2026-09-01,True
2026-07-31,Ridge,Value,0.039558661627623296,0.0036067711372672413,Up,2026-08-03,2026-09-01,True
2026-07-31,Ridge,Profitability,0.06960460406098481,-0.015706521425866773,Up,2026-08-03,2026-09-01,True
2026-07-31,Ridge,Momentum,-0.02091387134183817,0.032352226945449016,Down,2026-08-03,2026-09-01,True
2026-07-31,Elastic Net,Value,0.053372663921298934,0.0036067711372672413,Up,2026-08-03,2026-09-01,True
2026-07-31,Elastic Net,Profitability,0.06539324334746975,-0.015706521425866773,Up,2026-08-03,2026-09-01,True
2026-07-31,Elastic Net,Momentum,-0.03126433753359549,0.032352226945449016,Down,2026-08-03,2026-09-01,True
2026-07-31,KNN,Value,-0.006468973840032441,0.0036067711372672413,Down,2026-08-03,2026-09-01,True
2026-07-31,KNN,Profitability,0.011067828144721712,-0.015706521425866773,Up,2026-08-03,2026-09-01,True
2026-07-31,KNN,Momentum,0.006860887330530168,0.032352226945449016,Up,2026-08-03,2026-09-01,True
2026-07-31,SVR,Value,0.0051640777929034334,0.0036067711372672413,Up,2026-08-03,2026-09-01,True
2026-07-31,SVR,Profitability,0.0017779879786590461,-0.015706521425866773,Up,2026-08-03,2026-09-01,True
2026-07-31,SVR,Momentum,0.005206344814236628,0.032352226945449016,Up,2026-08-03,2026-09-01,True
2026-07-31,Random Forest,Value,0.0027319428361779535,0.0036067711372672413,Up,2026-08-03,2026-09-01,True
2026-07-31,Random Forest,Profitability,0.010071799805509695,-0.015706521425866773,Up,2026-08-03,2026-09-01,True
2026-07-31,Random Forest,Momentum,0.013933421841506973,0.032352226945449016,Up,2026-08-03,2026-09-01,True
2026-07-31,Extra Trees,Value,0.0018403727723979065,0.0036067711372672413,Up,2026-08-03,2026-09-01,True
2026-07-31,Extra Trees,Profitability,0.011648031683555228,-0.015706521425866773,Up,2026-08-03,2026-09-01,True
2026-07-31,Extra Trees,Momentum,0.018752577361108354,0.032352226945449016,Up,2026-08-03,2026-09-01,True
2026-07-31,XGBoost,Value,0.020546844229102135,0.0036067711372672413,Up,2026-08-03,2026-09-01,True
2026-07-31,XGBoost,Profitability,0.01272638700902462,-0.015706521425866773,Up,2026-08-03,2026-09-01,True
2026-07-31,XGBoost,Momentum,0.01959330402314663,0.032352226945449016,Up,2026-08-03,2026-09-01,True
2026-07-31,MLP,Value,0.02204091875003862,0.0036067711372672413,Up,2026-08-03,2026-09-01,True
2026-07-31,MLP,Profitability,0.06685450383427823,-0.015706521425866773,Up,2026-08-03,2026-09-01,True
2026-07-31,MLP,Momentum,0.004200352380141865,0.032352226945449016,Up,2026-08-03,2026-09-01,True
2026-07-31,LSTM,Value,-0.01153668761253357,0.0036067711372672413,Down,2026-08-03,2026-09-01,True
2026-07-31,LSTM,Profitability,0.011100209318101406,-0.015706521425866773,Up,2026-08-03,2026-09-01,True
2026-07-31,LSTM,Momentum,0.0067083099856972694,0.032352226945449016,Up,2026-08-03,2026-09-01,True
2026-07-31,CNN,Value,-0.01306095626205206,0.0036067711372672413,Down,2026-08-03,2026-09-01,True
2026-07-31,CNN,Profitability,0.005194086581468582,-0.015706521425866773,Up,2026-08-03,2026-09-01,True
2026-07-31,CNN,Momentum,0.0047726696357131,0.032352226945449016,Up,2026-08-03,2026-09-01,True
2026-07-31,Prophet,Value,0.00597414544315195,0.0036067711372672413,Up,2026-08-03,2026-09-01,True
2026-07-31,Prophet,Profitability,0.014386872325216364,-0.015706521425866773,Up,2026-08-03,2026-09-01,True
2026-07-31,Prophet,Momentum,-0.008706175701066436,0.032352226945449016,Down,2026-08-03,2026-09-01,True
2026-08-31,Historical mean,Value,0.004156146768200998,-0.028104599552590398,Up,2026-09-01,2026-10-08,True
2026-08-31,Historical mean,Profitability,0.007533050344953348,-0.0362588213902731,Up,2026-09-01,2026-10-08,True
2026-08-31,Historical mean,Momentum,0.00753557305840612,-0.0675781790642434,Up,2026-09-01,2026-10-08,True
2026-08-31,Ridge,Value,0.04549485730332699,-0.028104599552590398,Up,2026-09-01,2026-10-08,True
2026-08-31,Ridge,Profitability,0.0028521663583393293,-0.0362588213902731,Up,2026-09-01,2026-10-08,True
2026-08-31,Ridge,Momentum,0.01497803937187509,-0.0675781790642434,Up,2026-09-01,2026-10-08,True
2026-08-31,Elastic Net,Value,0.06740618851027866,-0.028104599552590398,Up,2026-09-01,2026-10-08,True
2026-08-31,Elastic Net,Profitability,0.004974720717478797,-0.0362588213902731,Up,2026-09-01,2026-10-08,True
2026-08-31,Elastic Net,Momentum,0.0303537111663566,-0.0675781790642434,Up,2026-09-01,2026-10-08,True
2026-08-31,KNN,Value,0.007317154819794027,-0.028104599552590398,Up,2026-09-01,2026-10-08,True
2026-08-31,KNN,Profitability,0.006392782359101623,-0.0362588213902731,Up,2026-09-01,2026-10-08,True
2026-08-31,KNN,Momentum,-0.004609223130131598,-0.0675781790642434,Down,2026-09-01,2026-10-08,True
2026-08-31,SVR,Value,0.013730281210568834,-0.028104599552590398,Up,2026-09-01,2026-10-08,True
2026-08-31,SVR,Profitability,0.0012303418997672835,-0.0362588213902731,Up,2026-09-01,2026-10-08,True
2026-08-31,SVR,Momentum,6.462298395283443e-05,-0.0675781790642434,Up,2026-09-01,2026-10-08,True
2026-08-31,Random Forest,Value,0.0030149999870868454,-0.028104599552590398,Up,2026-09-01,2026-10-08,True
2026-08-31,Random Forest,Profitability,0.0025531951938100278,-0.0362588213902731,Up,2026-09-01,2026-10-08,True
2026-08-31,Random Forest,Momentum,0.006409618366213537,-0.0675781790642434,Up,2026-09-01,2026-10-08,True
2026-08-31,Extra Trees,Value,0.0036832435962482484,-0.028104599552590398,Up,2026-09-01,2026-10-08,True
2026-08-31,Extra Trees,Profitability,0.0006034565725982477,-0.0362588213902731,Up,2026-09-01,2026-10-08,True
2026-08-31,Extra Trees,Momentum,0.0014027477710037576,-0.0675781790642434,Up,2026-09-01,2026-10-08,True
2026-08-31,XGBoost,Value,0.008160306140780449,-0.028104599552590398,Up,2026-09-01,2026-10-08,True
2026-08-31,XGBoost,Profitability,-0.011668586172163486,-0.0362588213902731,Down,2026-09-01,2026-10-08,True
2026-08-31,XGBoost,Momentum,0.004302895162254572,-0.0675781790642434,Up,2026-09-01,2026-10-08,True
2026-08-31,MLP,Value,0.0032083636322369816,-0.028104599552590398,Up,2026-09-01,2026-10-08,True
2026-08-31,MLP,Profitability,-0.0063930883810905965,-0.0362588213902731,Down,2026-09-01,2026-10-08,True
2026-08-31,MLP,Momentum,0.005787567322662811,-0.0675781790642434,Up,2026-09-01,2026-10-08,True
2026-08-31,LSTM,Value,-0.0023767193779349327,-0.028104599552590398,Down,2026-09-01,2026-10-08,True
2026-08-31,LSTM,Profitability,-0.0012365039438009262,-0.0362588213902731,Down,2026-09-01,2026-10-08,True
2026-08-31,LSTM,Momentum,-0.00440558884292841,-0.0675781790642434,Down,2026-09-01,2026-10-08,True
2026-08-31,CNN,Value,0.0014070447068661451,-0.028104599552590398,Up,2026-09-01,2026-10-08,True
2026-08-31,CNN,Profitability,0.007007215637713671,-0.0362588213902731,Up,2026-09-01,2026-10-08,True
2026-08-31,CNN,Momentum,0.016211220994591713,-0.0675781790642434,Up,2026-09-01,2026-10-08,True
2026-08-31,Prophet,Value,0.011027677029078723,-0.028104599552590398,Up,2026-09-01,2026-10-08,True
2026-08-31,Prophet,Profitability,0.01345016611720433,-0.0362588213902731,Up,2026-09-01,2026-10-08,True
2026-08-31,Prophet,Momentum,-0.010309346372162789,-0.0675781790642434,Down,2026-09-01,2026-10-08,True
