ticker,name,sector,currency,business,country
002371.SZ,NAURA Technology,Information Technology,CNY,Semiconductor manufacturing equipment,CN
600309.SH,Wanhua Chemical,Materials,CNY,Chemicals and advanced materials,CN
000333.SZ,Midea Group,Consumer Discretionary,CNY,Home appliances and industrial automation,CN
600690.SH,Haier Smart Home,Consumer Discretionary,CNY,Home appliances and smart-home products,CN
000063.SZ,ZTE,Information Technology,CNY,Telecommunications equipment and mobile devices,CN
000100.SZ,TCL Technology,Information Technology,CNY,Display panels and semiconductor materials,CN
000725.SZ,BOE Technology,Information Technology,CNY,Electronic displays,CN
002415.SZ,Hikvision,Information Technology,CNY,Video and security equipment,CN
600104.SH,SAIC Motor,Consumer Discretionary,CNY,"Cars and commercial vehicles, including MG",CN
000625.SZ,Changan Automobile,Consumer Discretionary,CNY,Cars and commercial vehicles,CN
601633.SH,Great Wall Motor,Consumer Discretionary,CNY,"Cars and pickup trucks, including Haval",CN
601766.SH,CRRC,Industrials,CNY,Trains and railway equipment,CN
601111.SH,Air China,Industrials,CNY,Passenger and cargo air transport,CN
601318.SH,Ping An Insurance,Financials,CNY,"Insurance, banking and financial services",CN
601398.SH,ICBC,Financials,CNY,Banking and financial services,CN
600028.SH,Sinopec,Energy,CNY,"Oil refining, petrochemicals and fuel sales",CN
601857.SH,PetroChina,Energy,CNY,"Oil and gas production, refining and sales",CN
600276.SH,Hengrui Pharmaceuticals,Health Care,CNY,Medicines and drug development,CN
002230.SZ,iFLYTEK,Information Technology,CNY,Speech recognition and artificial intelligence,CN
002475.SZ,Luxshare Precision,Information Technology,CNY,Electronic components and device assembly,CN
