Factor,Model,Months,Direction accuracy %,Balanced accuracy %,MAE (percentage points),RMSE (percentage points),Predicted up %,Actual up %
Value,Historical mean,60,61.66666666666667,50.0,1.9012548611111113,2.370160634066589,100.0,61.66666666666667
Value,Last observed,60,51.66666666666667,48.47238542890717,2.759333333333333,3.304999747856773,63.33333333333333,61.66666666666667
Value,LSTM,60,51.66666666666667,42.714453584018806,2.09206598508358,2.5889833331148435,86.66666666666667,61.66666666666667
Value,Prophet,60,56.666666666666664,47.591069330199765,1.9983531347096835,2.502342841803867,88.33333333333333,61.66666666666667
Profitability,Historical mean,60,56.666666666666664,33.33333333333333,1.1239055555555557,1.4637108629363171,100.0,56.666666666666664
Profitability,Last observed,60,53.333333333333336,35.25490196078431,1.4826666666666666,1.931899755853462,60.0,56.666666666666664
Profitability,LSTM,60,53.333333333333336,36.31372549019608,1.2461006971100967,1.6546598365924605,50.0,56.666666666666664
Profitability,Prophet,60,56.666666666666664,33.33333333333333,1.1252613650552736,1.4564598783136962,100.0,56.666666666666664
Momentum,Historical mean,60,68.33333333333333,50.0,2.639140972222222,4.129074429928302,100.0,68.33333333333333
Momentum,Last observed,60,58.333333333333336,51.1553273427471,3.8141666666666665,5.831932641357694,70.0,68.33333333333333
Momentum,LSTM,60,51.66666666666667,44.86521181001284,3.3466489241321886,4.668203203114514,66.66666666666666,68.33333333333333
Momentum,Prophet,60,68.33333333333333,50.0,2.646380979118814,4.147295980757461,100.0,68.33333333333333
