Month,Value,Profitability,Momentum
1991-07-31,3.65,-1.46,0.09
1991-08-31,5.05,3.42,-0.15
1991-09-30,-1.32,-0.77,-0.01
1991-10-31,0.95,-1.03,0.78
1991-11-30,2.44,5.59,-0.79
1991-12-31,4.38,5.28,1.03
1992-01-31,2.71,-8.93,3.32
1992-02-29,3.64,-5.84,2.6
1992-03-31,-2.63,5.35,0.95
1992-04-30,1.61,0.62,-0.29
1992-05-31,2.21,-2.77,3.88
1992-06-30,-5.65,8.3,4.55
1992-07-31,-2.0,3.93,5.43
1992-08-31,-2.3,3.57,5.67
1992-09-30,-0.11,1.34,-1.84
1992-10-31,-0.75,-2.67,-1.32
1992-11-30,-0.61,0.16,-3.45
1992-12-31,-2.84,0.83,0.86
1993-01-31,1.52,-1.22,1.1
1993-02-28,5.52,-2.34,3.43
1993-03-31,-1.5,-1.46,-3.15
1993-04-30,5.59,-6.11,2.58
1993-05-31,4.08,-4.74,1.87
1993-06-30,-2.29,0.02,-3.64
1993-07-31,-1.97,1.52,0.66
1993-08-31,5.97,-2.73,2.05
1993-09-30,3.01,-2.31,5.78
1993-10-31,-2.58,1.52,9.08
1993-11-30,6.24,-5.19,5.12
1993-12-31,4.14,-3.89,1.28
1994-01-31,2.09,-2.2,-9.51
1994-02-28,0.38,-0.7,2.95
1994-03-31,-1.42,1.95,-2.73
1994-04-30,-0.72,3.59,1.57
1994-05-31,0.25,-0.58,-3.08
1994-06-30,0.79,-0.9,-0.23
1994-07-31,0.12,-0.76,0.87
1994-08-31,-2.37,-3.8,6.4
1994-09-30,0.56,-1.11,2.11
1994-10-31,1.44,1.38,0.31
1994-11-30,1.02,-1.11,1.56
1994-12-31,-0.27,5.89,0.12
1995-01-31,0.93,2.27,6.09
1995-02-28,-4.78,2.95,-3.42
1995-03-31,-1.73,1.85,3.61
1995-04-30,2.75,-1.14,-0.05
1995-05-31,1.29,1.28,1.89
1995-06-30,2.22,0.66,3.13
1995-07-31,-0.18,0.5,0.19
1995-08-31,-0.8,1.09,0.41
1995-09-30,2.51,-0.88,-0.08
1995-10-31,-1.54,0.89,5.57
1995-11-30,-2.13,1.38,4.67
1995-12-31,-2.07,2.03,1.29
1996-01-31,-1.63,0.55,-2.26
1996-02-29,-0.61,2.17,1.49
1996-03-31,-3.02,2.23,1.57
1996-04-30,-2.17,0.32,-1.94
1996-05-31,0.78,-0.13,-1.13
1996-06-30,-0.61,0.96,3.35
1996-07-31,-0.62,0.12,2.29
1996-08-31,-4.39,1.55,4.31
1996-09-30,-1.89,-0.26,2.36
1996-10-31,0.27,1.94,2.54
1996-11-30,2.84,-0.96,-0.31
1996-12-31,1.57,0.75,0.24
1997-01-31,4.51,-0.9,1.66
1997-02-28,0.05,-3.03,-0.65
1997-03-31,-1.59,1.92,1.66
1997-04-30,5.9,-0.82,2.08
1997-05-31,0.25,-0.47,3.07
1997-06-30,3.03,-1.82,3.81
1997-07-31,4.2,1.32,0.35
1997-08-31,5.99,-2.79,-0.13
1997-09-30,3.79,0.72,1.16
1997-10-31,1.09,1.11,-0.13
1997-11-30,5.98,0.74,8.01
1997-12-31,2.81,0.3,1.58
1998-01-31,-4.18,-0.11,2.23
1998-02-28,-2.99,2.63,-1.21
1998-03-31,4.55,-1.5,-1.86
1998-04-30,-0.46,-1.91,0.15
1998-05-31,-3.42,0.84,2.58
1998-06-30,1.46,0.54,1.3
1998-07-31,0.74,-1.14,0.46
1998-08-31,2.87,-0.86,0.04
1998-09-30,1.96,0.93,-3.65
1998-10-31,-1.03,2.11,-4.66
1998-11-30,0.22,0.68,-10.82
1998-12-31,-0.48,-0.18,2.36
1999-01-31,-1.67,1.03,-1.04
1999-02-28,0.18,-0.09,0.34
1999-03-31,3.4,1.61,-4.07
1999-04-30,5.2,-4.44,-1.86
1999-05-31,-1.61,1.66,2.05
1999-06-30,-0.18,1.36,2.79
1999-07-31,-0.01,0.48,3.06
1999-08-31,2.03,0.64,7.75
1999-09-30,1.03,-1.55,0.31
1999-10-31,0.12,-2.6,8.59
1999-11-30,-3.2,2.5,4.32
1999-12-31,-6.06,1.14,1.15
2000-01-31,2.93,-3.01,-2.94
2000-02-29,-11.54,8.03,5.55
2000-03-31,-0.84,2.06,-2.35
2000-04-30,3.68,0.14,-6.91
2000-05-31,1.6,0.59,0.39
2000-06-30,-3.2,2.87,3.72
2000-07-31,6.2,-0.57,-4.1
2000-08-31,-1.6,2.92,3.63
2000-09-30,4.66,-0.03,-1.27
2000-10-31,2.73,2.15,-0.54
2000-11-30,1.46,0.6,1.33
2000-12-31,4.26,0.72,-0.71
2001-01-31,-0.36,0.58,-8.0
2001-02-28,3.46,-1.7,4.3
2001-03-31,2.17,-0.04,3.29
2001-04-30,0.17,3.75,0.48
2001-05-31,3.17,3.47,2.63
2001-06-30,1.86,1.1,3.03
2001-07-31,-0.14,1.31,0.41
2001-08-31,5.46,-0.91,0.61
2001-09-30,2.63,1.41,6.82
2001-10-31,-2.59,1.22,-2.57
2001-11-30,-0.7,-0.21,-8.25
2001-12-31,-0.17,1.16,-0.17
2002-01-31,3.96,-0.59,2.29
2002-02-28,1.89,0.83,4.49
2002-03-31,2.0,-0.86,-0.8
2002-04-30,5.25,-3.19,0.22
2002-05-31,1.36,-0.36,-0.17
2002-06-30,2.98,1.56,3.12
2002-07-31,1.51,-1.01,1.69
2002-08-31,-1.24,2.38,0.49
2002-09-30,2.91,3.62,4.36
2002-10-31,0.83,-0.33,1.12
2002-11-30,2.49,0.88,-0.33
2002-12-31,5.25,-1.13,3.28
2003-01-31,3.72,-3.17,1.55
2003-02-28,0.78,1.14,1.87
2003-03-31,1.46,1.19,2.55
2003-04-30,0.76,0.47,-2.15
2003-05-31,1.16,-1.62,-2.65
2003-06-30,1.27,-0.98,0.19
2003-07-31,1.11,2.31,1.02
2003-08-31,1.87,1.36,2.0
2003-09-30,3.13,-0.27,0.99
2003-10-31,4.35,-0.6,4.04
2003-11-30,1.69,-1.34,0.69
2003-12-31,3.89,-0.47,1.06
2004-01-31,0.88,0.34,0.35
2004-02-29,3.33,-0.48,1.01
2004-03-31,0.26,0.67,2.17
2004-04-30,-0.47,0.89,-2.09
2004-05-31,-0.27,-0.01,-0.46
2004-06-30,2.1,0.2,0.58
2004-07-31,5.1,-0.58,2.2
2004-08-31,-0.18,0.5,-0.43
2004-09-30,3.4,-0.38,3.33
2004-10-31,1.05,-0.17,1.76
2004-11-30,1.93,0.31,3.63
2004-12-31,0.91,-0.53,2.31
2005-01-31,-1.52,-0.73,0.88
2005-02-28,3.14,-0.2,1.2
2005-03-31,-0.81,0.86,-0.32
2005-04-30,1.31,0.58,2.97
2005-05-31,-1.49,0.23,0.19
2005-06-30,1.6,-0.7,1.8
2005-07-31,0.83,0.64,2.6
2005-08-31,2.0,-1.48,3.89
2005-09-30,1.81,-2.15,1.01
2005-10-31,-0.22,-1.2,0.21
2005-11-30,1.1,-2.2,1.64
2005-12-31,0.13,0.61,-1.31
2006-01-31,0.5,-1.71,-0.37
2006-02-28,2.31,-2.04,-1.56
2006-03-31,0.04,1.36,1.26
2006-04-30,2.87,-1.92,1.76
2006-05-31,-0.9,1.32,-1.21
2006-06-30,-0.06,-0.87,0.14
2006-07-31,0.48,1.32,0.94
2006-08-31,-1.36,-0.89,0.23
2006-09-30,0.33,0.46,-0.94
2006-10-31,2.13,0.79,1.26
2006-11-30,2.48,-2.88,1.73
2006-12-31,2.28,-0.49,0.91
2007-01-31,-2.43,0.37,1.59
2007-02-28,2.09,-0.92,2.47
2007-03-31,1.8,-0.13,2.49
2007-04-30,2.56,0.41,3.0
2007-05-31,1.32,0.76,2.96
2007-06-30,0.69,-0.54,-0.05
2007-07-31,1.8,-2.1,3.15
2007-08-31,0.08,0.53,0.59
2007-09-30,1.26,3.04,1.25
2007-10-31,-0.47,-0.16,2.99
2007-11-30,1.69,0.56,-2.21
2007-12-31,1.6,1.5,-1.63
2008-01-31,2.08,-1.29,-0.94
2008-02-29,1.13,-1.37,3.62
2008-03-31,0.2,1.29,-2.0
2008-04-30,0.18,1.99,1.6
2008-05-31,1.14,-0.55,1.63
2008-06-30,-0.45,0.22,2.67
2008-07-31,-0.82,0.7,-2.67
2008-08-31,-1.22,1.59,-0.45
2008-09-30,1.7,1.68,2.77
2008-10-31,-0.67,3.0,3.95
2008-11-30,1.52,-1.82,0.67
2008-12-31,0.25,-2.39,-7.79
2009-01-31,-0.8,0.83,-2.48
2009-02-28,-1.02,0.33,2.67
2009-03-31,1.31,-0.57,-3.92
2009-04-30,0.34,-1.52,-14.39
2009-05-31,2.92,-3.7,-14.84
2009-06-30,0.41,-0.38,0.1
2009-07-31,3.56,-0.59,-0.26
2009-08-31,2.1,1.06,-1.85
2009-09-30,2.96,-1.5,-0.4
2009-10-31,0.42,0.88,-0.6
2009-11-30,-0.09,0.3,2.06
2009-12-31,2.34,0.53,2.38
2010-01-31,-0.16,-0.01,-2.76
2010-02-28,-0.53,0.87,2.16
2010-03-31,3.29,0.06,1.68
2010-04-30,0.66,1.6,2.18
2010-05-31,-2.03,0.94,-0.9
2010-06-30,-1.4,0.13,0.21
2010-07-31,0.79,-0.38,1.47
2010-08-31,-0.39,1.15,2.3
2010-09-30,0.17,0.15,2.43
2010-10-31,0.12,1.22,1.59
2010-11-30,-0.59,1.88,1.92
2010-12-31,2.62,-1.92,-1.15
2011-01-31,2.04,0.77,0.84
2011-02-28,-0.35,0.15,0.51
2011-03-31,0.63,0.6,3.37
2011-04-30,-0.07,1.87,4.3
2011-05-31,-1.04,2.07,1.42
2011-06-30,-0.05,0.77,0.96
2011-07-31,0.31,-0.1,2.17
2011-08-31,-1.78,1.83,2.0
2011-09-30,-2.21,2.66,0.1
2011-10-31,-0.21,-1.0,-2.95
2011-11-30,0.26,2.02,3.8
2011-12-31,0.36,-0.76,1.26
2012-01-31,2.38,-0.7,-7.67
2012-02-29,-0.11,0.49,-2.3
2012-03-31,-1.6,2.18,5.24
2012-04-30,-0.29,2.4,4.32
2012-05-31,-1.77,-0.02,3.22
2012-06-30,0.49,0.48,1.33
2012-07-31,0.15,0.63,3.17
2012-08-31,-0.7,-0.72,1.26
2012-09-30,1.61,-0.65,-0.63
2012-10-31,0.29,1.61,3.2
2012-11-30,-0.05,0.61,3.62
2012-12-31,2.71,-0.26,-1.42
2013-01-31,1.6,-1.82,0.94
2013-02-28,-1.18,0.47,4.82
2013-03-31,-0.53,0.93,2.51
2013-04-30,-0.34,0.54,3.76
2013-05-31,0.2,-0.86,1.4
2013-06-30,-3.05,1.53,0.03
2013-07-31,-0.58,0.21,0.28
2013-08-31,1.48,-0.67,-2.04
2013-09-30,0.7,-1.53,-0.1
2013-10-31,0.23,-0.05,1.56
2013-11-30,-0.62,1.18,1.34
2013-12-31,0.16,0.18,1.85
2014-01-31,-0.89,0.26,3.29
2014-02-28,-2.35,0.19,3.4
2014-03-31,1.66,0.25,-3.59
2014-04-30,1.54,1.18,-2.72
2014-05-31,1.03,-0.04,1.49
2014-06-30,0.7,-0.45,3.14
2014-07-31,2.22,0.21,-0.61
2014-08-31,-0.26,-0.01,0.65
2014-09-30,-2.33,2.33,1.04
2014-10-31,-1.72,1.82,1.92
2014-11-30,-0.57,0.98,0.93
2014-12-31,-0.37,1.49,-0.18
2015-01-31,-1.81,1.76,3.97
2015-02-28,1.56,-0.51,-1.24
2015-03-31,-1.07,0.58,2.79
2015-04-30,4.34,-2.97,-2.33
2015-05-31,-1.87,-0.48,3.28
2015-06-30,-2.65,0.44,1.61
2015-07-31,-1.56,2.23,1.69
2015-08-31,-0.85,0.95,1.17
2015-09-30,-0.2,-0.7,0.9
2015-10-31,-0.47,0.32,-3.54
2015-11-30,-2.18,0.04,2.77
2015-12-31,0.58,1.38,0.76
2016-01-31,-0.94,0.14,1.7
2016-02-29,1.63,-0.65,-3.26
2016-03-31,2.99,-1.7,-5.12
2016-04-30,2.11,-1.34,-1.53
2016-05-31,-2.98,1.54,5.45
2016-06-30,1.75,0.29,-0.79
2016-07-31,3.4,-0.1,-1.76
2016-08-31,1.5,0.82,1.51
2016-09-30,-0.52,0.87,1.39
2016-10-31,3.5,-1.73,-0.61
2016-11-30,2.74,-0.29,-0.46
2016-12-31,1.14,0.05,-0.45
2017-01-31,3.22,-0.98,2.89
2017-02-28,2.73,-0.47,-0.25
2017-03-31,-0.48,2.17,1.56
2017-04-30,-1.28,0.95,1.04
2017-05-31,-1.69,2.2,1.89
2017-06-30,-0.18,1.21,3.27
2017-07-31,0.54,-0.17,4.28
2017-08-31,0.26,-0.09,1.54
2017-09-30,-0.35,0.87,1.14
2017-10-31,0.4,0.44,1.95
2017-11-30,-1.89,0.06,1.84
2017-12-31,-0.16,0.34,0.24
2018-01-31,0.16,-0.93,1.26
2018-02-28,-1.39,0.22,1.02
2018-03-31,-2.32,1.2,0.9
2018-04-30,1.4,-0.78,-0.44
2018-05-31,-2.38,0.92,3.0
2018-06-30,0.12,0.41,-0.83
2018-07-31,3.03,-0.34,-1.05
2018-08-31,1.45,-0.72,0.81
2018-09-30,2.03,-1.21,0.75
2018-10-31,5.42,-1.3,-1.65
2018-11-30,-0.92,0.91,-0.73
2018-12-31,1.99,-0.76,0.15
2019-01-31,0.05,0.63,-2.28
2019-02-28,-1.27,0.75,-0.75
2019-03-31,-0.05,0.78,1.78
2019-04-30,-1.83,0.31,-1.35
2019-05-31,3.54,-1.35,3.94
2019-06-30,0.15,1.24,1.26
2019-07-31,-1.67,1.05,0.61
2019-08-31,-2.15,-0.74,3.53
2019-09-30,1.4,2.14,-0.85
2019-10-31,-0.73,-0.16,1.42
2019-11-30,0.9,-0.57,-0.1
2019-12-31,0.45,2.67,0.3
2020-01-31,-2.97,0.27,3.42
2020-02-29,-3.05,1.43,3.98
2020-03-31,-6.89,1.94,6.25
2020-04-30,0.45,-1.15,0.76
2020-05-31,-3.16,-3.01,1.66
2020-06-30,-1.23,-1.34,2.49
2020-07-31,-1.73,1.29,5.99
2020-08-31,-0.55,-1.9,0.58
2020-09-30,0.25,0.81,1.58
2020-10-31,-0.46,-0.05,1.28
2020-11-30,6.06,-2.44,-8.42
2020-12-31,1.3,-0.65,0.91
2021-01-31,-4.38,2.03,7.03
2021-02-28,4.31,-1.68,-1.74
2021-03-31,4.33,0.94,-3.14
2021-04-30,2.92,-1.32,2.86
2021-05-31,2.9,0.31,-0.18
2021-06-30,0.2,-0.96,3.8
2021-07-31,3.72,1.93,3.88
2021-08-31,1.85,0.86,1.19
2021-09-30,3.38,-0.25,-0.7
2021-10-31,0.07,-0.78,1.08
2021-11-30,-1.21,2.29,1.96
2021-12-31,3.95,2.22,1.91
2022-01-31,5.47,0.08,-1.84
2022-02-28,1.92,1.56,4.37
2022-03-31,2.91,-1.13,3.7
2022-04-30,3.5,0.38,1.29
2022-05-31,-0.87,-0.13,-0.08
2022-06-30,-0.99,-1.49,-2.5
2022-07-31,1.47,0.08,5.45
2022-08-31,0.87,-2.36,0.87
2022-09-30,3.89,0.16,4.81
2022-10-31,3.59,-0.61,1.95
2022-11-30,-3.47,2.76,-9.15
2022-12-31,-0.32,-0.33,-2.27
2023-01-31,-3.43,2.72,-3.73
2023-02-28,0.97,0.73,2.53
2023-03-31,-1.26,0.88,1.43
2023-04-30,5.05,-1.51,2.46
2023-05-31,0.87,-0.06,0.59
2023-06-30,1.57,-0.61,0.89
2023-07-31,1.51,-1.04,0.18
2023-08-31,0.99,-0.01,2.59
2023-09-30,3.28,0.86,0.33
2023-10-31,0.09,0.96,0.5
2023-11-30,0.15,0.0,2.39
2023-12-31,3.09,0.27,-0.81
2024-01-31,5.88,0.6,4.74
2024-02-29,-0.91,0.39,2.6
2024-03-31,-0.67,1.81,0.44
2024-04-30,3.37,-0.25,0.83
2024-05-31,0.85,0.9,1.44
2024-06-30,1.06,2.35,2.62
2024-07-31,2.86,-1.53,-0.69
2024-08-31,0.07,0.97,0.03
2024-09-30,-2.0,-1.09,-4.61
2024-10-31,-1.07,0.64,3.39
2024-11-30,1.51,0.45,-0.23
2024-12-31,-0.86,2.84,3.18
2025-01-31,-0.82,0.47,-1.41
2025-02-28,-1.81,-2.59,-0.67
2025-03-31,3.74,1.1,-0.59
2025-04-30,0.06,-1.3,-1.16
2025-05-31,-0.18,0.55,1.3
2025-06-30,-0.15,-0.18,1.36
2025-07-31,-0.61,-0.38,-0.1
2025-08-31,-2.25,-0.05,2.35
2025-09-30,-1.7,1.89,1.52
2025-10-31,1.64,2.81,0.99
2025-11-30,2.28,-0.21,-0.45
2025-12-31,1.06,1.31,3.83
2026-01-31,-0.31,0.75,8.02
2026-02-28,1.54,1.72,5.53
2026-03-31,-0.67,-0.59,-5.03
2026-04-30,-4.33,2.73,12.84
2026-05-31,1.77,4.7,9.58
2026-06-30,1.37,2.07,0.36
2026-07-31,6.7,-0.54,-16.84
2026-08-31,-3.27,-2.45,8.02
