Strategy,Month,Gross return,Net return,Traded value,Cash weight
Equal weights,2003-01-31,0.02153333333333333,0.02051179999999997,1.0,0.0
Equal weights,2003-02-28,-0.020266666666666665,-0.020280946318896098,0.014575039700667869,0.0
Equal weights,2003-03-31,-0.029833333333333333,-0.02983754733525379,0.004343585556160323,0.0
Equal weights,2003-04-30,0.08318333333333333,0.08318060413063821,0.00251961289583702,0.0
Equal weights,2003-05-31,0.0737,0.07369165151482515,0.007775435573130651,0.0
Equal weights,2003-06-30,0.06416666666666666,0.06415675545621058,0.009313588525658945,0.0
Equal weights,2003-07-31,0.056183333333333335,0.05618160197563715,0.001639258679196065,0.0
Equal weights,2003-08-31,0.06495,0.06494632530547628,0.003450579392256181,0.0
Equal weights,2003-09-30,0.03145,0.03144770778127293,0.002222326556802434,0.0
Equal weights,2003-10-31,0.08205,0.08204384553137167,0.005687785803157319,0.0
Equal weights,2003-11-30,0.01976666666666667,0.01975498041680157,0.011459729217688619,0.0
Equal weights,2003-12-31,0.08118333333333333,0.08117653610539088,0.0062868412164002185,0.0
Equal weights,2004-01-31,0.037766666666666664,0.03775820937998331,0.008149506970243525,0.0
Equal weights,2004-02-29,0.05268333333333333,0.05267982810825966,0.0033298001049262838,0.0
Equal weights,2004-03-31,0.01943333333333333,0.01942589806543782,0.0072935302903163746,0.0
Equal weights,2004-04-30,-0.06035,-0.06035495689980275,0.0052752618557150854,0.0
Equal weights,2004-05-31,-0.03348333333333333,-0.033488956304061235,0.005817769027474662,0.0
Equal weights,2004-06-30,0.0012500000000000007,0.001248296459795517,0.0017014134377173473,0.0
Equal weights,2004-07-31,-0.009383333333333334,-0.009387983419059553,0.004694132334581769,0.0
Equal weights,2004-08-31,0.039466666666666664,0.03945737441960029,0.008939437275322315,0.0
Equal weights,2004-09-30,0.06838333333333334,0.06837955324436318,0.003538139216692271,0.0
Equal weights,2004-10-31,0.03286666666666666,0.03285871777885241,0.00769594766755588,0.0
Equal weights,2004-11-30,0.10128333333333334,0.10128035970958216,0.0027001441511219637,0.0
Equal weights,2004-12-31,0.0635,0.06349315431995994,0.006436934687309215,0.0
Equal weights,2005-01-31,0.017533333333333335,0.01752695481376998,0.006268609935746683,0.0
Equal weights,2005-02-28,0.09194999999999999,0.09194747217235588,0.002314966476664626,0.0
Equal weights,2005-03-31,-0.051416666666666666,-0.05142295030551869,0.006624234931391859,0.0
Equal weights,2005-04-30,-0.017799999999999996,-0.017801817770359274,0.0018507130516267623,0.0
Equal weights,2005-05-31,0.028316666666666664,0.02831146680298202,0.0050566754903957345,0.0
Equal weights,2005-06-30,0.044449999999999996,0.044443793011232025,0.005942829975634389,0.0
Equal weights,2005-07-31,0.07125000000000001,0.07124425630714737,0.005361673608119066,0.0
Equal weights,2005-08-31,0.008783333333333332,0.00877762042577479,0.005663166083236082,0.0
Equal weights,2005-09-30,0.07475,0.07474120459464384,0.008183675604826524,0.0
Equal weights,2005-10-31,-0.05185,-0.05185635187718063,0.00669923237962311,0.0
Equal weights,2005-11-30,0.08383333333333333,0.08382898954103624,0.004007804672256421,0.0
Equal weights,2005-12-31,0.05958333333333333,0.05957656599091021,0.006386795837818371,0.0
Equal weights,2006-01-31,0.09511666666666665,0.09511221098160538,0.0040686852798532125,0.0
Equal weights,2006-02-28,0.00968333333333333,0.009681161541726269,0.0021509631140263497,0.0
Equal weights,2006-03-31,0.019083333333333334,0.01907346452591474,0.009684004335792806,0.0
Equal weights,2006-04-30,0.07915,0.0791464466617604,0.003292719491918228,0.0
Equal weights,2006-05-31,-0.09531666666666666,-0.09532468668602356,0.008865001776089121,0.0
Equal weights,2006-06-30,-0.036199999999999996,-0.03620469935582127,0.0048758620266145525,0.0
Equal weights,2006-07-31,0.012700000000000001,0.01269901931244366,0.0009683890157017316,0.0
Equal weights,2006-08-31,0.031349999999999996,0.03134789527336168,0.002040749152430854,0.0
Equal weights,2006-09-30,0.01795,0.017944374058272983,0.005526736801279797,0.0
Equal weights,2006-10-31,0.057716666666666666,0.057711748423574516,0.004649868199158413,0.0
Equal weights,2006-11-30,0.08438333333333332,0.08438034882862633,0.0027522598469448822,0.0
Equal weights,2006-12-31,0.04573333333333333,0.045722028918979474,0.01081003540158515,0.0
Equal weights,2007-01-31,0.010266666666666665,0.010261245859719104,0.0053657189000806405,0.0
Equal weights,2007-02-28,0.02405,0.024046159418305235,0.0037503849368703546,0.0
Equal weights,2007-03-31,0.055549999999999995,0.05554096366876604,0.008560779909835226,0.0
Equal weights,2007-04-30,0.06933333333333333,0.06932647830778049,0.006410560055579273,0.0
Equal weights,2007-05-31,0.07784999999999999,0.0778420482803408,0.007377389858686578,0.0
Equal weights,2007-06-30,0.046966666666666664,0.04696294316875682,0.003556462711261532,0.0
Equal weights,2007-07-31,0.06543333333333333,0.06543128674972842,0.0019208931622571868,0.0
Equal weights,2007-08-31,-0.046816666666666666,-0.046824947092123814,0.008687127824880958,0.0
Equal weights,2007-09-30,0.08016666666666666,0.08016476537489381,0.0017601837118894625,0.0
Equal weights,2007-10-31,0.06946666666666666,0.06946319033619641,0.003250527182019347,0.0
Equal weights,2007-11-30,-0.07073333333333333,-0.0707388170995581,0.005901176079458115,0.0
Equal weights,2007-12-31,0.02,0.019994389841452076,0.00550015543917548,0.0
Equal weights,2008-01-31,-0.11995,-0.1199573912696078,0.00839869281045752,0.0
Equal weights,2008-02-29,0.06931666666666667,0.06931091536591993,0.0053784822832035895,0.0
Equal weights,2008-03-31,-0.050983333333333325,-0.050992632342738875,0.009798573336034955,0.0
Equal weights,2008-04-30,0.06098333333333333,0.06097467518562105,0.008160493610345154,0.0
Equal weights,2008-05-31,0.0147,0.014692306478790496,0.0075820648559775106,0.0
Equal weights,2008-06-30,-0.09125,-0.09125629894714371,0.006931441148451178,0.0
Equal weights,2008-07-31,-0.04108333333333333,-0.04108741345560141,0.004254928931682611,0.0
Equal weights,2008-08-31,-0.08378333333333333,-0.08378956512480329,0.006801656962428626,0.0
Equal weights,2008-09-30,-0.18226666666666666,-0.1822720415654554,0.00657292367768425,0.0
Equal weights,2008-10-31,-0.2689333333333333,-0.26893379027483366,0.0006250339692375206,0.0
Equal weights,2008-11-30,-0.08298333333333333,-0.08299626712059494,0.014104200863274408,0.0
Equal weights,2008-12-31,0.06373333333333332,0.06372682448115774,0.0061188758231705,0.0
Equal weights,2009-01-31,-0.06016666666666667,-0.0601747558146013,0.008607002590457047,0.0
Equal weights,2009-02-28,-0.042916666666666665,-0.042921260576146314,0.0047999054205828395,0.0
Equal weights,2009-03-31,0.12005,0.12004089786678263,0.00812654186620232,0.0
Equal weights,2009-04-30,0.15986666666666666,0.1598633183915399,0.0028867758879811967,0.0
Equal weights,2009-05-31,0.16328333333333334,0.1632587834503647,0.02110395830938422,0.0
Equal weights,2009-06-30,-0.015183333333333333,-0.015204093446072986,0.02108018014145785,0.0
Equal weights,2009-07-31,0.11928333333333332,0.1192797216624264,0.0032267709161885594,0.0
Equal weights,2009-08-31,0.015,0.01499234232222002,0.007544510128008497,0.0
Equal weights,2009-09-30,0.09123333333333333,0.09122473247947438,0.007881773399014913,0.0
Equal weights,2009-10-31,0.0035666666666666668,0.0035606684217315276,0.00597692722811094,0.0
Equal weights,2009-11-30,0.04618333333333333,0.04618144531301316,0.0018046744389454417,0.0
Equal weights,2009-12-31,0.06393333333333333,0.0639275253250351,0.005458996458024723,0.0
Equal weights,2010-01-31,-0.038233333333333334,-0.03823753178422484,0.0043653528834304844,0.0
Equal weights,2010-02-28,0.016666666666666666,0.016659819121446873,0.006735290379972059,0.0
Equal weights,2010-03-31,0.08456666666666666,0.08456141570455378,0.004841530054644716,0.0
Equal weights,2010-04-30,0.032433333333333335,0.0324297265700928,0.003493458729036669,0.0
Equal weights,2010-05-31,-0.0983,-0.09830341586112645,0.0037882456763417283,0.0
Equal weights,2010-06-30,0.0004666666666666668,0.0004607491528347829,0.005914753613544765,0.0
Equal weights,2010-07-31,0.08005,0.08004835669076638,0.001521512183203344,0.0
Equal weights,2010-08-31,-0.0038,-0.0038042121321544276,0.004228199311760217,0.0
Equal weights,2010-09-30,0.11718333333333332,0.11717888493553286,0.003981797497155937,0.0
Equal weights,2010-10-31,0.04255,0.04254302177450242,0.006693420457201393,0.0
Equal weights,2010-11-30,-0.020499999999999997,-0.020503100426838006,0.0031653158121911495,0.0
Equal weights,2010-12-31,0.06758333333333333,0.06757668477964951,0.006227667177131135,0.0
Equal weights,2011-01-31,-0.018349999999999998,-0.018357213019020047,0.00734785210626282,0.0
Equal weights,2011-02-28,-0.02218333333333333,-0.022186487634198615,0.0032258612200546377,0.0
Equal weights,2011-03-31,0.054549999999999994,0.05454760339077436,0.002272636883760226,0.0
Equal weights,2011-04-30,0.051416666666666666,0.05140706195639,0.009135018096186331,0.0
Equal weights,2011-05-31,-0.02675,-0.026757641803387022,0.007851840109904695,0.0
Equal weights,2011-06-30,-0.015483333333333332,-0.015488155180523488,0.004897679595855797,0.0
Equal weights,2011-07-31,0.012933333333333331,0.01293287606063509,0.00045143414986481556,0.0
Equal weights,2011-08-31,-0.09088333333333333,-0.09088768126526547,0.004782589618708977,0.0
Equal weights,2011-09-30,-0.15468333333333334,-0.15468948048981201,0.007272016181763763,0.0
Equal weights,2011-10-31,0.1054,0.10538541215192199,0.01319689531207896,0.0
Equal weights,2011-11-30,-0.05418333333333333,-0.054186869949540695,0.003739219588685838,0.0
Equal weights,2011-12-31,-0.012549999999999999,-0.012554825685034077,0.004887017098686053,0.0
Equal weights,2012-01-31,0.09536666666666666,0.09536200765608371,0.0042533799179705345,0.0
Equal weights,2012-02-29,0.07136666666666668,0.07135257130979311,0.013156426564417845,0.0
Equal weights,2012-03-31,-0.019049999999999997,-0.019054405083330783,0.004490629828982795,0.0
Equal weights,2012-04-30,-0.010199999999999999,-0.010213453624887348,0.013592266000645614,0.0
Equal weights,2012-05-31,-0.09856666666666666,-0.0985738006611886,0.007914056711793682,0.0
Equal weights,2012-06-30,0.03931666666666666,0.03930992825541213,0.0064835015838972665,0.0
Equal weights,2012-07-31,0.0086,0.00859853354928708,0.0014539467705810827,0.0
Equal weights,2012-08-31,0.016983333333333333,0.01697620792958343,0.007006411527529843,0.0
Equal weights,2012-09-30,0.057333333333333326,0.0573269797567606,0.006009057288167086,0.0
Equal weights,2012-10-31,0.0026666666666666666,0.002662599523609366,0.004056326187473758,0.0
Equal weights,2012-11-30,0.012649999999999998,0.012643491389627615,0.006427304964538971,0.0
Equal weights,2012-12-31,0.05151666666666666,0.05150877496996342,0.007505060978620526,0.0
Equal weights,2013-01-31,0.024983333333333333,0.02497707316556852,0.006107580056320783,0.0
Equal weights,2013-02-28,0.0046500000000000005,0.004643117082662629,0.006851059908833168,0.0
Equal weights,2013-03-31,-0.0034666666666666665,-0.0034778753728496037,0.011247698203354473,0.0
Equal weights,2013-04-30,0.021199999999999997,0.02119558217821771,0.00432610828650426,0.0
Equal weights,2013-05-31,-0.011033333333333332,-0.011041403631892766,0.008160334247290735,0.0
Equal weights,2013-06-30,-0.0708,-0.07080282913928115,0.0030447043490960946,0.0
Equal weights,2013-07-31,0.019216666666666667,0.019207562600444872,0.008932414980628522,0.0
Equal weights,2013-08-31,-0.02933333333333333,-0.029335439119003826,0.0021694220507034734,0.0
Equal weights,2013-09-30,0.06601666666666667,0.06600841772817456,0.007738095238095155,0.0
Equal weights,2013-10-31,0.039049999999999994,0.039045408064289244,0.004419359713992377,0.0
Equal weights,2013-11-30,-0.01165,-0.011652631668350955,0.002662688673949032,0.0
Equal weights,2013-12-31,0.006749999999999999,0.006743786436991028,0.006171902666059603,0.0
Equal weights,2014-01-31,-0.03886666666666666,-0.03887163105040958,0.005165135336478777,0.0
Equal weights,2014-02-28,0.045399999999999996,0.04538860359066832,0.010901482046657918,0.0
Equal weights,2014-03-31,0.020483333333333333,0.020470708260527548,0.012371659970665194,0.0
Equal weights,2014-04-30,0.004583333333333333,0.004570710892260577,0.012564852167001483,0.0
Equal weights,2014-05-31,0.04708333333333333,0.04707351249366343,0.009379234066085984,0.0
Equal weights,2014-06-30,0.033583333333333326,0.0335808436300129,0.0024088075341557325,0.0
Equal weights,2014-07-31,0.010866666666666665,0.01086068986893829,0.005912548039452847,0.0
Equal weights,2014-08-31,0.021249999999999998,0.021244757812328263,0.005133109103299616,0.0
Equal weights,2014-09-30,-0.04956666666666666,-0.04956936557160341,0.0028396572827417144,0.0
Equal weights,2014-10-31,-0.002033333333333334,-0.0020419667675952713,0.008651024678801411,0.0
Equal weights,2014-11-30,-0.016116666666666668,-0.01612371028851256,0.0071590010799736925,0.0
Equal weights,2014-12-31,-0.0368,-0.03680374187093083,0.0038848327771472957,0.0
Equal weights,2015-01-31,0.011616666666666666,0.011609734907945812,0.006852159468438479,0.0
Equal weights,2015-02-28,0.02528333333333333,0.025271869412180292,0.011181222575525451,0.0
Equal weights,2015-03-31,-0.004516666666666666,-0.004521305577681267,0.004659958493858085,0.0
Equal weights,2015-04-30,0.08453333333333332,0.08452666345363591,0.006149999720961863,0.0
Equal weights,2015-05-31,-0.010199999999999997,-0.010214156224899629,0.014302106384722513,0.0
Equal weights,2015-06-30,-0.028399999999999995,-0.028408736350777897,0.008991715498080421,0.0
Equal weights,2015-07-31,-0.06855,-0.06855447382324686,0.004803073967339089,0.0
Equal weights,2015-08-31,-0.08976666666666668,-0.08977376781243107,0.007801456510458604,0.0
Equal weights,2015-09-30,-0.0118,-0.011805018141868517,0.005078063011926148,0.0
Equal weights,2015-10-31,0.06516666666666666,0.06516116944950423,0.00516089860352148,0.0
Equal weights,2015-11-30,-0.019100000000000002,-0.01910351984144365,0.003588379491993865,0.0
Equal weights,2015-12-31,-0.0074333333333333335,-0.0074404165902062225,0.007136303394841448,0.0
Equal weights,2016-01-31,-0.0727,-0.07270244979682305,0.0026418600485833554,0.0
Equal weights,2016-02-29,-0.0081,-0.008101889740824597,0.0019051727236780724,0.0
Equal weights,2016-03-31,0.11065,0.11064025843835057,0.008771045468293215,0.0
Equal weights,2016-04-30,0.0196,0.019588922546856846,0.010864508771140036,0.0
Equal weights,2016-05-31,-0.030599999999999995,-0.030607859657381997,0.008107754675035939,0.0
Equal weights,2016-06-30,0.03841666666666666,0.038401241455195745,0.014854549205694234,0.0
Equal weights,2016-07-31,0.04986666666666667,0.049859544547343315,0.006783832223203001,0.0
Equal weights,2016-08-31,0.024749999999999998,0.02474223477055304,0.0075776818220304465,0.0
Equal weights,2016-09-30,0.018699999999999998,0.018698608265430572,0.0013661868748475192,0.0
Equal weights,2016-10-31,-0.001983333333333333,-0.001987741966885892,0.004417394718759238,0.0
Equal weights,2016-11-30,-0.0409,-0.04090902277851072,0.009407547190817322,0.0
Equal weights,2016-12-31,0.006866666666666666,0.006859248054310152,0.00736801862857539,0.0
Equal weights,2017-01-31,0.06,0.0599968884769031,0.0029353991480721153,0.0
Equal weights,2017-02-28,0.03841666666666666,0.03840768664832295,0.00864779874213839,0.0
Equal weights,2017-03-31,0.033549999999999996,0.03354294433405558,0.006826632426504109,0.0
Equal weights,2017-04-30,0.014199999999999999,0.014193000216083718,0.006901778659313462,0.0
Equal weights,2017-05-31,0.018549999999999997,0.018544175123249795,0.005718793137448219,0.0
Equal weights,2017-06-30,0.012299999999999998,0.012292744794069943,0.007167051200235586,0.0
Equal weights,2017-07-31,0.05103333333333333,0.051026342364472566,0.006651519641739989,0.0
Equal weights,2017-08-31,0.018349999999999998,0.01834139828898551,0.008446713816032902,0.0
Equal weights,2017-09-30,0.005066666666666667,0.005062685944038137,0.003960655308423655,0.0
Equal weights,2017-10-31,0.035916666666666666,0.03591187966340903,0.004621031219598448,0.0
Equal weights,2017-11-30,0.00895,0.00894634220792101,0.003625345239052835,0.0
Equal weights,2017-12-31,0.036866666666666666,0.03685978128417333,0.00664056692601217,0.0
Equal weights,2018-01-31,0.07068333333333333,0.07068134841920459,0.0018538759939132343,0.0
Equal weights,2018-02-28,-0.03793333333333333,-0.03794039197328125,0.007336955111740651,0.0
Equal weights,2018-03-31,-0.011949999999999999,-0.011954290610491247,0.004342503407017306,0.0
Equal weights,2018-04-30,-0.0037,-0.003706688720206519,0.006713560379872863,0.0
Equal weights,2018-05-31,-0.01796666666666667,-0.01797465067750681,0.008130081300812997,0.0
Equal weights,2018-06-30,-0.055016666666666665,-0.05502496359103759,0.008779968998563148,0.0
Equal weights,2018-07-31,0.012033333333333333,0.012029501699226453,0.0037860750042622016,0.0
Equal weights,2018-08-31,-0.028299999999999995,-0.028307883867461525,0.008113478914835992,0.0
Equal weights,2018-09-30,-0.017666666666666667,-0.01766919402421885,0.00257281053823194,0.0
Equal weights,2018-10-31,-0.08984999999999999,-0.08985615620065601,0.006763940730686591,0.0
Equal weights,2018-11-30,0.039349999999999996,0.0393321855078832,0.017140031862879712,0.0
Equal weights,2018-12-31,-0.01345,-0.013455442074373436,0.00551626818043327,0.0
Equal weights,2019-01-31,0.06276666666666667,0.06276214219248888,0.004257260149004072,0.0
Equal weights,2019-02-28,0.00455,0.004545641478217233,0.004338780332256542,0.0
Equal weights,2019-03-31,0.016066666666666663,0.016062823101554713,0.003782788313175023,0.0
Equal weights,2019-04-30,0.009983333333333332,0.009977623281681502,0.00565360978063556,0.0
Equal weights,2019-05-31,-0.04355,-0.04355439826949836,0.0045985357294123785,0.0
Equal weights,2019-06-30,0.050449999999999995,0.05043876093366095,0.010699287295031945,0.0
Equal weights,2019-07-31,-0.019433333333333334,-0.01943579147878416,0.00250686213844864,0.0
Equal weights,2019-08-31,-0.04238333333333333,-0.04238975715931448,0.006708139284540615,0.0
Equal weights,2019-09-30,0.024099999999999996,0.02408721442005901,0.012484698702217911,0.0
Equal weights,2019-10-31,0.03728333333333333,0.03727749243183709,0.005630960518178574,0.0
Equal weights,2019-11-30,-0.009933333333333332,-0.00993719367650181,0.0038990739699321653,0.0
Equal weights,2019-12-31,0.07278333333333332,0.07277886671361466,0.004163580454739302,0.0
Equal weights,2020-01-31,-0.03766666666666666,-0.037673075544231605,0.006659727292970985,0.0
Equal weights,2020-02-29,-0.05408333333333334,-0.05409547811261217,0.012839164068814246,0.0
Equal weights,2020-03-31,-0.18578333333333333,-0.18579157759688325,0.010125392770093666,0.0
Equal weights,2020-04-30,0.11251666666666667,0.1124949718363708,0.019500678907470703,0.0
Equal weights,2020-05-31,0.016116666666666668,0.016111196717319087,0.005383190264315663,0.0
Equal weights,2020-06-30,0.07963333333333333,0.07962038252643033,0.011995560439800768,0.0
Equal weights,2020-07-31,0.089,0.08899003652474602,0.00914919674375042,0.0
Equal weights,2020-08-31,0.03098333333333333,0.03096446195184166,0.018304254667890985,0.0
Equal weights,2020-09-30,-0.015866666666666664,-0.01587279704992184,0.006229220215867193,0.0
Equal weights,2020-10-31,0.007116666666666666,0.007114119652561257,0.0025290159418326907,0.0
Equal weights,2020-11-30,0.10121666666666666,0.10121325271944315,0.0031001594210093852,0.0
Equal weights,2020-12-31,0.06813333333333332,0.06811462393144274,0.01751597980012004,0.0
Equal weights,2021-01-31,0.026949999999999998,0.026947649804435647,0.00228851995173307,0.0
Equal weights,2021-02-28,0.0412,0.04118026321307422,0.01895580765048599,0.0
Equal weights,2021-03-31,0.01005,0.010037291917979196,0.012581636573184785,0.0
Equal weights,2021-04-30,0.049049999999999996,0.0490383675461612,0.011088559972278589,0.0
Equal weights,2021-05-31,0.03206666666666667,0.032058861768054614,0.0075623977249256735,0.0
Equal weights,2021-06-30,0.025916666666666664,0.02591024957923338,0.006254979221841761,0.0
Equal weights,2021-07-31,-0.02875,-0.028761413167086358,0.011751008583109901,0.0
Equal weights,2021-08-31,0.023650000000000004,0.023642411552123432,0.007413127413127496,0.0
Equal weights,2021-09-30,-0.020466666666666664,-0.020472535669201153,0.005991631254172125,0.0
Equal weights,2021-10-31,0.0002000000000000003,0.000186033641870198,0.013963565416638346,0.0
Equal weights,2021-11-30,-0.027116666666666664,-0.027124318485191812,0.007865093647937083,0.0
Equal weights,2021-12-31,0.04056666666666666,0.04055936982356756,0.007012374442521951,0.0
Equal weights,2022-01-31,-0.023816666666666667,-0.02382278533722726,0.006267952290952561,0.0
Equal weights,2022-02-28,-0.019416666666666662,-0.019434122772171936,0.017801756273013447,0.0
Equal weights,2022-03-31,-0.006883333333333334,-0.0068906703726996366,0.0073878926942579914,0.0
Equal weights,2022-04-30,-0.039683333333333334,-0.03969462542519531,0.011758716946090098,0.0
Equal weights,2022-05-31,-0.0037500000000000003,-0.00375565969269398,0.005680996430575569,0.0
Equal weights,2022-06-30,-0.07191666666666667,-0.07191871613550804,0.002208281053952321,0.0
Equal weights,2022-07-31,0.0152,0.015199076289844626,0.0009098799796474211,0.0
Equal weights,2022-08-31,0.013683333333333334,0.01367710931234134,0.006140005253480518,0.0
Equal weights,2022-09-30,-0.0904,-0.090407946281712,0.008736017713180333,0.0
Equal weights,2022-10-31,-0.0105,-0.010511712419378427,0.011836704778657337,0.0
Equal weights,2022-11-30,0.10476666666666666,0.10475672990736062,0.008994441637190487,0.0
Equal weights,2022-12-31,-0.0075,-0.0075186164247854625,0.018757103058463842,0.0
Equal weights,2023-01-31,0.056499999999999995,0.05649623882451715,0.0035600335852224996,0.0
Equal weights,2023-02-28,-0.0389,-0.03891182612399435,0.01230477993374346,0.0
Equal weights,2023-03-31,0.013349999999999999,0.013347504669996235,0.002462456213366604,0.0
Equal weights,2023-04-30,0.012866666666666665,0.01286153578175786,0.005065706156148819,0.0
Equal weights,2023-05-31,-0.008199999999999999,-0.008212152971763254,0.01225345005375289,0.0
Equal weights,2023-06-30,0.047,0.04699915547489408,0.000806614236741221,0.0
Equal weights,2023-07-31,0.05473333333333333,0.05473017685662729,0.0029926774912448217,0.0
Equal weights,2023-08-31,-0.03525,-0.035255295016644594,0.0054884857678613175,0.0
Equal weights,2023-09-30,-0.014966666666666666,-0.014970716730298594,0.004111600587371589,0.0
Equal weights,2023-10-31,-0.03726666666666666,-0.037273128109971854,0.006711560804484928,0.0
Equal weights,2023-11-30,0.08113333333333334,0.08113081285998969,0.0023313251621540076,0.0
Equal weights,2023-12-31,0.03728333333333333,0.037275934979411174,0.007132433043513908,0.0
Equal weights,2024-01-31,-0.01805,-0.018056952658922154,0.007080461247596592,0.0
Equal weights,2024-02-29,0.04145,0.041438545587860975,0.010998523346402611,0.0
Equal weights,2024-03-31,0.0012166666666666667,0.001208815494956328,0.00784163105926039,0.0
Equal weights,2024-04-30,0.0219,0.021892628579672557,0.007213445863088697,0.0
Equal weights,2024-05-31,0.013049999999999999,0.013044415453240754,0.005512607234889333,0.0
Equal weights,2024-06-30,0.028816666666666664,0.028814940208611084,0.0016781007847588292,0.0
Equal weights,2024-07-31,0.004316666666666667,0.004313976731268099,0.0026783737519372464,0.0
Equal weights,2024-08-31,0.0154,0.015393068788618125,0.0068260896021064554,0.0
Equal weights,2024-09-30,0.05076666666666667,0.05076321723239885,0.003282778543759468,0.0
Equal weights,2024-10-31,-0.02876666666666667,-0.02877484166834099,0.008417134578984575,0.0
Equal weights,2024-11-30,-0.022033333333333332,-0.02203851344300689,0.005296816190181963,0.0
Equal weights,2024-12-31,0.0010333333333333327,0.0010298758860978197,0.00345387822806964,0.0
Equal weights,2025-01-31,-0.007449999999999999,-0.00745838389830511,0.008446827167482462,0.0
Equal weights,2025-02-28,-0.015633333333333332,-0.01563647389160372,0.0031904354104747012,0.0
Equal weights,2025-03-31,0.005916666666666666,0.00591069427419022,0.00593726366642966,0.0
Equal weights,2025-04-30,0.010166666666666666,0.0101598825688749,0.006715820285532748,0.0
Equal weights,2025-05-31,0.05913333333333333,0.059131282984472566,0.0019358741681790859,0.0
Equal weights,2025-06-30,0.05781666666666666,0.057814580374589974,0.001972262436793215,0.0
Equal weights,2025-07-31,0.017533333333333335,0.017529656667384597,0.003613312535778679,0.0
Equal weights,2025-08-31,0.02983333333333333,0.02983065692269604,0.002598877459651927,0.0
Equal weights,2025-09-30,0.038733333333333335,0.03872315725449993,0.00979662297027567,0.0
Equal weights,2025-10-31,0.018866666666666667,0.01885631299517221,0.010161949382795299,0.0
Equal weights,2025-11-30,-0.0184,-0.018403960740692282,0.004034984405330677,0.0
Equal weights,2025-12-31,0.025283333333333335,0.02527438543138172,0.008727248030426515,0.0
Equal weights,2026-01-31,0.07188333333333333,0.07187447023334115,0.008268717048403984,0.0
Equal weights,2026-02-28,0.049066666666666654,0.04904629855170106,0.01941546291833174,0.0
Equal weights,2026-03-31,-0.11699999999999999,-0.11700801485976953,0.009076851381121798,0.0
Equal weights,2026-04-30,0.1378333333333333,0.13781980303888242,0.011891279728199311,0.0
Equal weights,2026-05-31,0.048133333333333334,0.048100713823218344,0.031121527269176386,0.0
Equal weights,2026-06-30,-0.022466666666666666,-0.022485081167931686,0.018837722087944764,0.0
Equal weights,2026-07-31,-0.05243333333333333,-0.052441325041108766,0.008433926663484026,0.0
Equal weights,2026-08-31,0.07114999999999999,0.07109131854926654,0.0547835977533096,0.0
EM market,2003-01-31,0.001,-1.000000000139778e-06,1.0,0.0
EM market,2003-02-28,-0.029,-0.029000000000000026,0.0,0.0
EM market,2003-03-31,-0.0321,-0.03210000000000002,0.0,0.0
EM market,2003-04-30,0.0932,0.09319999999999995,0.0,0.0
EM market,2003-05-31,0.0717,0.0717000000000001,0.0,0.0
EM market,2003-06-30,0.0598,0.059800000000000075,0.0,0.0
EM market,2003-07-31,0.051000000000000004,0.050999999999999934,0.0,0.0
EM market,2003-08-31,0.06570000000000001,0.06570000000000009,0.0,0.0
EM market,2003-09-30,0.0169,0.016899999999999915,0.0,0.0
EM market,2003-10-31,0.0748,0.07479999999999998,0.0,0.0
EM market,2003-11-30,0.012199999999999999,0.012199999999999989,0.0,0.0
EM market,2003-12-31,0.07419999999999999,0.07420000000000004,0.0,0.0
EM market,2004-01-31,0.0363,0.0363,0.0,0.0
EM market,2004-02-29,0.04630000000000001,0.04630000000000001,0.0,0.0
EM market,2004-03-31,0.016800000000000002,0.016799999999999926,0.0,0.0
EM market,2004-04-30,-0.06860000000000001,-0.0686,0.0,0.0
EM market,2004-05-31,-0.019499999999999997,-0.019499999999999962,0.0,0.0
EM market,2004-06-30,0.0057,0.005700000000000038,0.0,0.0
EM market,2004-07-31,-0.018299999999999997,-0.018299999999999983,0.0,0.0
EM market,2004-08-31,0.0414,0.0414000000000001,0.0,0.0
EM market,2004-09-30,0.0595,0.059499999999999886,0.0,0.0
EM market,2004-10-31,0.029099999999999997,0.029099999999999904,0.0,0.0
EM market,2004-11-30,0.0857,0.08570000000000011,0.0,0.0
EM market,2004-12-31,0.055799999999999995,0.05580000000000007,0.0,0.0
EM market,2005-01-31,0.0083,0.008299999999999974,0.0,0.0
EM market,2005-02-28,0.0861,0.08610000000000007,0.0,0.0
EM market,2005-03-31,-0.058600000000000006,-0.058599999999999985,0.0,0.0
EM market,2005-04-30,-0.0258,-0.025800000000000045,0.0,0.0
EM market,2005-05-31,0.033600000000000005,0.033600000000000074,0.0,0.0
EM market,2005-06-30,0.037000000000000005,0.03699999999999992,0.0,0.0
EM market,2005-07-31,0.0669,0.06689999999999996,0.0,0.0
EM market,2005-08-31,0.0101,0.010099999999999998,0.0,0.0
EM market,2005-09-30,0.08700000000000001,0.08699999999999997,0.0,0.0
EM market,2005-10-31,-0.058199999999999995,-0.05820000000000003,0.0,0.0
EM market,2005-11-30,0.0783,0.07830000000000004,0.0,0.0
EM market,2005-12-31,0.0626,0.06259999999999999,0.0,0.0
EM market,2006-01-31,0.1028,0.1028,0.0,0.0
EM market,2006-02-28,0.005,0.004999999999999893,0.0,0.0
EM market,2006-03-31,0.0111,0.01110000000000011,0.0,0.0
EM market,2006-04-30,0.0757,0.0757000000000001,0.0,0.0
EM market,2006-05-31,-0.09880000000000001,-0.0988,0.0,0.0
EM market,2006-06-30,-0.0104,-0.010399999999999965,0.0,0.0
EM market,2006-07-31,0.0127,0.012699999999999934,0.0,0.0
EM market,2006-08-31,0.0302,0.030200000000000005,0.0,0.0
EM market,2006-09-30,0.0106,0.010599999999999943,0.0,0.0
EM market,2006-10-31,0.0466,0.046599999999999975,0.0,0.0
EM market,2006-11-30,0.0764,0.07640000000000002,0.0,0.0
EM market,2006-12-31,0.04630000000000001,0.04630000000000001,0.0,0.0
EM market,2007-01-31,-0.007299999999999998,-0.007299999999999973,0.0,0.0
EM market,2007-02-28,0.0023,0.0022999999999999687,0.0,0.0
EM market,2007-03-31,0.0432,0.043199999999999905,0.0,0.0
EM market,2007-04-30,0.0503,0.05030000000000001,0.0,0.0
EM market,2007-05-31,0.055799999999999995,0.05580000000000007,0.0,0.0
EM market,2007-06-30,0.04680000000000001,0.04679999999999995,0.0,0.0
EM market,2007-07-31,0.0596,0.0596000000000001,0.0,0.0
EM market,2007-08-31,-0.0297,-0.02969999999999995,0.0,0.0
EM market,2007-09-30,0.09249999999999999,0.09250000000000003,0.0,0.0
EM market,2007-10-31,0.0988,0.0988,0.0,0.0
EM market,2007-11-30,-0.0673,-0.06730000000000003,0.0,0.0
EM market,2007-12-31,0.0126,0.012599999999999945,0.0,0.0
EM market,2008-01-31,-0.1218,-0.12180000000000002,0.0,0.0
EM market,2008-02-29,0.0697,0.0697000000000001,0.0,0.0
EM market,2008-03-31,-0.047400000000000005,-0.0474,0.0,0.0
EM market,2008-04-30,0.0717,0.0717000000000001,0.0,0.0
EM market,2008-05-31,0.02,0.020000000000000018,0.0,0.0
EM market,2008-06-30,-0.0943,-0.09430000000000005,0.0,0.0
EM market,2008-07-31,-0.0406,-0.04059999999999997,0.0,0.0
EM market,2008-08-31,-0.0804,-0.08040000000000003,0.0,0.0
EM market,2008-09-30,-0.1792,-0.17920000000000003,0.0,0.0
EM market,2008-10-31,-0.2723,-0.2723,0.0,0.0
EM market,2008-11-30,-0.0781,-0.07810000000000006,0.0,0.0
EM market,2008-12-31,0.0741,0.07410000000000005,0.0,0.0
EM market,2009-01-31,-0.0641,-0.06410000000000005,0.0,0.0
EM market,2009-02-28,-0.0506,-0.05059999999999998,0.0,0.0
EM market,2009-03-31,0.13740000000000002,0.13739999999999997,0.0,0.0
EM market,2009-04-30,0.1699,0.16989999999999994,0.0,0.0
EM market,2009-05-31,0.17980000000000002,0.17979999999999996,0.0,0.0
EM market,2009-06-30,-0.014,-0.014000000000000012,0.0,0.0
EM market,2009-07-31,0.111,0.11099999999999999,0.0,0.0
EM market,2009-08-31,0.00030000000000000003,0.00029999999999996696,0.0,0.0
EM market,2009-09-30,0.0941,0.09410000000000007,0.0,0.0
EM market,2009-10-31,-0.0025,-0.0024999999999999467,0.0,0.0
EM market,2009-11-30,0.04190000000000001,0.04190000000000005,0.0,0.0
EM market,2009-12-31,0.046400000000000004,0.0464,0.0,0.0
EM market,2010-01-31,-0.0455,-0.045499999999999985,0.0,0.0
EM market,2010-02-28,0.0066,0.006599999999999939,0.0,0.0
EM market,2010-03-31,0.0812,0.08119999999999994,0.0,0.0
EM market,2010-04-30,0.0152,0.015200000000000102,0.0,0.0
EM market,2010-05-31,-0.0887,-0.0887,0.0,0.0
EM market,2010-06-30,-0.0022,-0.0021999999999999797,0.0,0.0
EM market,2010-07-31,0.0815,0.0814999999999999,0.0,0.0
EM market,2010-08-31,-0.0144,-0.014399999999999968,0.0,0.0
EM market,2010-09-30,0.11220000000000001,0.11220000000000008,0.0,0.0
EM market,2010-10-31,0.0299,0.029900000000000038,0.0,0.0
EM market,2010-11-30,-0.022699999999999998,-0.022699999999999942,0.0,0.0
EM market,2010-12-31,0.07250000000000001,0.07250000000000001,0.0,0.0
EM market,2011-01-31,-0.0237,-0.023700000000000054,0.0,0.0
EM market,2011-02-28,-0.016900000000000002,-0.016900000000000026,0.0,0.0
EM market,2011-03-31,0.0551,0.05509999999999993,0.0,0.0
EM market,2011-04-30,0.0373,0.03730000000000011,0.0,0.0
EM market,2011-05-31,-0.025699999999999997,-0.025699999999999945,0.0,0.0
EM market,2011-06-30,-0.014499999999999999,-0.014499999999999957,0.0,0.0
EM market,2011-07-31,0.0034999999999999996,0.0035000000000000586,0.0,0.0
EM market,2011-08-31,-0.0907,-0.0907,0.0,0.0
EM market,2011-09-30,-0.1482,-0.1482,0.0,0.0
EM market,2011-10-31,0.1215,0.12149999999999994,0.0,0.0
EM market,2011-11-30,-0.0636,-0.06359999999999999,0.0,0.0
EM market,2011-12-31,-0.0128,-0.012800000000000034,0.0,0.0
EM market,2012-01-31,0.1115,0.11149999999999993,0.0,0.0
EM market,2012-02-29,0.0633,0.06329999999999991,0.0,0.0
EM market,2012-03-31,-0.0292,-0.029200000000000004,0.0,0.0
EM market,2012-04-30,-0.0161,-0.016100000000000003,0.0,0.0
EM market,2012-05-31,-0.10359999999999998,-0.10360000000000003,0.0,0.0
EM market,2012-06-30,0.036699999999999997,0.036699999999999955,0.0,0.0
EM market,2012-07-31,0.0132,0.0132000000000001,0.0,0.0
EM market,2012-08-31,0.005600000000000001,0.005600000000000049,0.0,0.0
EM market,2012-09-30,0.05790000000000001,0.05790000000000006,0.0,0.0
EM market,2012-10-31,-0.0067,-0.006700000000000039,0.0,0.0
EM market,2012-11-30,0.0109,0.01089999999999991,0.0,0.0
EM market,2012-12-31,0.051000000000000004,0.050999999999999934,0.0,0.0
EM market,2013-01-31,0.0175,0.01750000000000007,0.0,0.0
EM market,2013-02-28,-0.0083,-0.008299999999999974,0.0,0.0
EM market,2013-03-31,-0.0121,-0.0121,0.0,0.0
EM market,2013-04-30,0.0109,0.01089999999999991,0.0,0.0
EM market,2013-05-31,-0.0189,-0.018900000000000028,0.0,0.0
EM market,2013-06-30,-0.0644,-0.06440000000000001,0.0,0.0
EM market,2013-07-31,0.0158,0.015800000000000036,0.0,0.0
EM market,2013-08-31,-0.024900000000000002,-0.024900000000000033,0.0,0.0
EM market,2013-09-30,0.068,0.06800000000000006,0.0,0.0
EM market,2013-10-31,0.0425,0.04249999999999998,0.0,0.0
EM market,2013-11-30,-0.0146,-0.014599999999999946,0.0,0.0
EM market,2013-12-31,-0.0048,-0.0048000000000000265,0.0,0.0
EM market,2014-01-31,-0.059000000000000004,-0.05900000000000005,0.0,0.0
EM market,2014-02-28,0.0359,0.03590000000000004,0.0,0.0
EM market,2014-03-31,0.0255,0.025500000000000078,0.0,0.0
EM market,2014-04-30,0.005600000000000001,0.005600000000000049,0.0,0.0
EM market,2014-05-31,0.0388,0.038799999999999946,0.0,0.0
EM market,2014-06-30,0.030600000000000002,0.03059999999999996,0.0,0.0
EM market,2014-07-31,0.0168,0.016799999999999926,0.0,0.0
EM market,2014-08-31,0.0217,0.021700000000000053,0.0,0.0
EM market,2014-09-30,-0.062400000000000004,-0.06240000000000001,0.0,0.0
EM market,2014-10-31,0.004699999999999999,0.0046999999999999265,0.0,0.0
EM market,2014-11-30,-0.0113,-0.011299999999999977,0.0,0.0
EM market,2014-12-31,-0.039599999999999996,-0.03959999999999997,0.0,0.0
EM market,2015-01-31,0.0078000000000000005,0.007800000000000029,0.0,0.0
EM market,2015-02-28,0.0256,0.025600000000000067,0.0,0.0
EM market,2015-03-31,-0.0106,-0.010600000000000054,0.0,0.0
EM market,2015-04-30,0.0729,0.07289999999999996,0.0,0.0
EM market,2015-05-31,-0.0286,-0.02859999999999996,0.0,0.0
EM market,2015-06-30,-0.023399999999999997,-0.023399999999999976,0.0,0.0
EM market,2015-07-31,-0.0672,-0.06720000000000004,0.0,0.0
EM market,2015-08-31,-0.0877,-0.0877,0.0,0.0
EM market,2015-09-30,-0.020499999999999997,-0.020499999999999963,0.0,0.0
EM market,2015-10-31,0.0711,0.07109999999999994,0.0,0.0
EM market,2015-11-30,-0.0281,-0.028100000000000014,0.0,0.0
EM market,2015-12-31,-0.0162,-0.016199999999999992,0.0,0.0
EM market,2016-01-31,-0.06259999999999999,-0.06259999999999999,0.0,0.0
EM market,2016-02-29,-0.0059,-0.005900000000000016,0.0,0.0
EM market,2016-03-31,0.1208,0.12080000000000002,0.0,0.0
EM market,2016-04-30,0.0126,0.012599999999999945,0.0,0.0
EM market,2016-05-31,-0.034999999999999996,-0.03500000000000003,0.0,0.0
EM market,2016-06-30,0.0413,0.041300000000000114,0.0,0.0
EM market,2016-07-31,0.046700000000000005,0.046699999999999964,0.0,0.0
EM market,2016-08-31,0.0243,0.02429999999999999,0.0,0.0
EM market,2016-09-30,0.0124,0.012399999999999967,0.0,0.0
EM market,2016-10-31,-0.0015999999999999999,-0.0016000000000000458,0.0,0.0
EM market,2016-11-30,-0.0448,-0.04479999999999995,0.0,0.0
EM market,2016-12-31,0.0043,0.0042999999999999705,0.0,0.0
EM market,2017-01-31,0.0524,0.0524,0.0,0.0
EM market,2017-02-28,0.0347,0.03469999999999995,0.0,0.0
EM market,2017-03-31,0.0281,0.028100000000000014,0.0,0.0
EM market,2017-04-30,0.0177,0.01770000000000005,0.0,0.0
EM market,2017-05-31,0.0246,0.024599999999999955,0.0,0.0
EM market,2017-06-30,0.007699999999999999,0.00770000000000004,0.0,0.0
EM market,2017-07-31,0.0531,0.053099999999999925,0.0,0.0
EM market,2017-08-31,0.0205,0.020499999999999963,0.0,0.0
EM market,2017-09-30,-0.0024000000000000002,-0.0023999999999999577,0.0,0.0
EM market,2017-10-31,0.0329,0.03289999999999993,0.0,0.0
EM market,2017-11-30,0.005,0.004999999999999893,0.0,0.0
EM market,2017-12-31,0.036199999999999996,0.03620000000000001,0.0,0.0
EM market,2018-01-31,0.0775,0.0774999999999999,0.0,0.0
EM market,2018-02-28,-0.04340000000000001,-0.043399999999999994,0.0,0.0
EM market,2018-03-31,-0.014500000000000002,-0.014499999999999957,0.0,0.0
EM market,2018-04-30,-0.0051,-0.005099999999999993,0.0,0.0
EM market,2018-05-31,-0.0293,-0.029299999999999993,0.0,0.0
EM market,2018-06-30,-0.0432,-0.043200000000000016,0.0,0.0
EM market,2018-07-31,0.019600000000000003,0.019600000000000062,0.0,0.0
EM market,2018-08-31,-0.0255,-0.025499999999999967,0.0,0.0
EM market,2018-09-30,-0.011800000000000001,-0.011800000000000033,0.0,0.0
EM market,2018-10-31,-0.08679999999999999,-0.08679999999999999,0.0,0.0
EM market,2018-11-30,0.0444,0.044399999999999995,0.0,0.0
EM market,2018-12-31,-0.020500000000000004,-0.020499999999999963,0.0,0.0
EM market,2019-01-31,0.0748,0.07479999999999998,0.0,0.0
EM market,2019-02-28,0.0032,0.0032000000000000917,0.0,0.0
EM market,2019-03-31,0.0099,0.00990000000000002,0.0,0.0
EM market,2019-04-30,0.0172,0.017200000000000104,0.0,0.0
EM market,2019-05-31,-0.0614,-0.06140000000000001,0.0,0.0
EM market,2019-06-30,0.05580000000000001,0.05580000000000007,0.0,0.0
EM market,2019-07-31,-0.0164,-0.01639999999999997,0.0,0.0
EM market,2019-08-31,-0.044500000000000005,-0.044499999999999984,0.0,0.0
EM market,2019-09-30,0.0214,0.021400000000000086,0.0,0.0
EM market,2019-10-31,0.0393,0.03929999999999989,0.0,0.0
EM market,2019-11-30,-0.0028000000000000004,-0.0028000000000000247,0.0,0.0
EM market,2019-12-31,0.0705,0.07050000000000001,0.0,0.0
EM market,2020-01-31,-0.045,-0.04500000000000004,0.0,0.0
EM market,2020-02-29,-0.055,-0.05500000000000005,0.0,0.0
EM market,2020-03-31,-0.1697,-0.16969999999999996,0.0,0.0
EM market,2020-04-30,0.1008,0.1008,0.0,0.0
EM market,2020-05-31,0.0166,0.016599999999999948,0.0,0.0
EM market,2020-06-30,0.0731,0.07309999999999994,0.0,0.0
EM market,2020-07-31,0.0829,0.08289999999999997,0.0,0.0
EM market,2020-08-31,0.025599999999999998,0.025600000000000067,0.0,0.0
EM market,2020-09-30,-0.0171,-0.017100000000000004,0.0,0.0
EM market,2020-10-31,0.0167,0.016699999999999937,0.0,0.0
EM market,2020-11-30,0.1014,0.10139999999999993,0.0,0.0
EM market,2020-12-31,0.0744,0.07440000000000002,0.0,0.0
EM market,2021-01-31,0.021099999999999997,0.021099999999999897,0.0,0.0
EM market,2021-02-28,0.0206,0.02059999999999995,0.0,0.0
EM market,2021-03-31,-0.006500000000000001,-0.00649999999999995,0.0,0.0
EM market,2021-04-30,0.0297,0.02970000000000006,0.0,0.0
EM market,2021-05-31,0.0242,0.0242,0.0,0.0
EM market,2021-06-30,0.0060999999999999995,0.006099999999999994,0.0,0.0
EM market,2021-07-31,-0.0545,-0.05449999999999999,0.0,0.0
EM market,2021-08-31,0.0232,0.02320000000000011,0.0,0.0
EM market,2021-09-30,-0.031,-0.031000000000000028,0.0,0.0
EM market,2021-10-31,0.0059,0.005900000000000016,0.0,0.0
EM market,2021-11-30,-0.035699999999999996,-0.035699999999999954,0.0,0.0
EM market,2021-12-31,0.024,0.02400000000000002,0.0,0.0
EM market,2022-01-31,-0.0217,-0.021700000000000053,0.0,0.0
EM market,2022-02-28,-0.029300000000000003,-0.029299999999999993,0.0,0.0
EM market,2022-03-31,-0.015700000000000002,-0.015700000000000047,0.0,0.0
EM market,2022-04-30,-0.0526,-0.05259999999999998,0.0,0.0
EM market,2022-05-31,0.0029,0.0028999999999999027,0.0,0.0
EM market,2022-06-30,-0.06709999999999999,-0.06709999999999994,0.0,0.0
EM market,2022-07-31,0.0031999999999999997,0.0032000000000000917,0.0,0.0
EM market,2022-08-31,0.0094,0.009400000000000075,0.0,0.0
EM market,2022-09-30,-0.1057,-0.10570000000000002,0.0,0.0
EM market,2022-10-31,-0.0176,-0.01759999999999995,0.0,0.0
EM market,2022-11-30,0.12840000000000001,0.12840000000000007,0.0,0.0
EM market,2022-12-31,-0.0114,-0.011399999999999966,0.0,0.0
EM market,2023-01-31,0.0662,0.06620000000000004,0.0,0.0
EM market,2023-02-28,-0.0533,-0.053300000000000014,0.0,0.0
EM market,2023-03-31,0.0263,0.02629999999999999,0.0,0.0
EM market,2023-04-30,-0.0038000000000000004,-0.0038000000000000256,0.0,0.0
EM market,2023-05-31,-0.0109,-0.01090000000000002,0.0,0.0
EM market,2023-06-30,0.0412,0.0411999999999999,0.0,0.0
EM market,2023-07-31,0.057800000000000004,0.057800000000000074,0.0,0.0
EM market,2023-08-31,-0.048799999999999996,-0.048799999999999955,0.0,0.0
EM market,2023-09-30,-0.022,-0.02200000000000002,0.0,0.0
EM market,2023-10-31,-0.03949999999999999,-0.03949999999999998,0.0,0.0
EM market,2023-11-30,0.0776,0.07759999999999989,0.0,0.0
EM market,2023-12-31,0.039099999999999996,0.03909999999999991,0.0,0.0
EM market,2024-01-31,-0.0408,-0.04079999999999995,0.0,0.0
EM market,2024-02-29,0.040100000000000004,0.040100000000000025,0.0,0.0
EM market,2024-03-31,0.016399999999999998,0.01639999999999997,0.0,0.0
EM market,2024-04-30,0.005899999999999999,0.005900000000000016,0.0,0.0
EM market,2024-05-31,0.0101,0.010099999999999998,0.0,0.0
EM market,2024-06-30,0.0293,0.029300000000000104,0.0,0.0
EM market,2024-07-31,0.004900000000000001,0.004899999999999904,0.0,0.0
EM market,2024-08-31,0.013600000000000001,0.013600000000000056,0.0,0.0
EM market,2024-09-30,0.0582,0.05820000000000003,0.0,0.0
EM market,2024-10-31,-0.0364,-0.03639999999999999,0.0,0.0
EM market,2024-11-30,-0.0299,-0.029900000000000038,0.0,0.0
EM market,2024-12-31,-0.0039,-0.0039000000000000146,0.0,0.0
EM market,2025-01-31,0.0102,0.010199999999999987,0.0,0.0
EM market,2025-02-28,-0.0033,-0.0032999999999999696,0.0,0.0
EM market,2025-03-31,0.0053,0.005300000000000082,0.0,0.0
EM market,2025-04-30,0.0142,0.01419999999999999,0.0,0.0
EM market,2025-05-31,0.0493,0.0492999999999999,0.0,0.0
EM market,2025-06-30,0.057699999999999994,0.057700000000000085,0.0,0.0
EM market,2025-07-31,0.0156,0.015600000000000058,0.0,0.0
EM market,2025-08-31,0.021800000000000003,0.02180000000000004,0.0,0.0
EM market,2025-09-30,0.0552,0.055199999999999916,0.0,0.0
EM market,2025-10-31,0.035,0.03499999999999992,0.0,0.0
EM market,2025-11-30,-0.0211,-0.021100000000000008,0.0,0.0
EM market,2025-12-31,0.025400000000000002,0.02540000000000009,0.0,0.0
EM market,2026-01-31,0.0773,0.07729999999999992,0.0,0.0
EM market,2026-02-28,0.0519,0.05190000000000006,0.0,0.0
EM market,2026-03-31,-0.12069999999999999,-0.12070000000000003,0.0,0.0
EM market,2026-04-30,0.1392,0.1392,0.0,0.0
EM market,2026-05-31,0.07750000000000001,0.07750000000000012,0.0,0.0
EM market,2026-06-30,-0.0169,-0.016900000000000026,0.0,0.0
EM market,2026-07-31,-0.0389,-0.038900000000000046,0.0,0.0
EM market,2026-08-31,0.0466,0.046599999999999975,0.0,0.0
