Construction,Forecast,Accuracy %,Balanced accuracy %,Down recall %,Predicted Up %,Forecasts
Long only,Random Forest,64.81481481481481,46.666666666666664,0.0,95.37037037037037,108
Long only,Historical mean,69.44444444444444,50.0,0.0,100.0,108
Long only,Always Up,69.44444444444444,50.0,0.0,100.0,108
Long-short,Random Forest,42.592592592592595,42.37637362637363,36.53846153846153,55.55555555555556,108
Long-short,Historical mean,49.074074074074076,48.55769230769231,34.61538461538461,63.888888888888886,108
Long-short,Always Up,51.85185185185185,50.0,0.0,100.0,108
Ranked long-short,Random Forest,42.592592592592595,42.44505494505495,38.46153846153847,53.70370370370371,108
Ranked long-short,Historical mean,54.629629629629626,54.052197802197796,38.46153846153847,65.74074074074075,108
Ranked long-short,Always Up,51.85185185185185,50.0,0.0,100.0,108
Sector neutral,Random Forest,50.92592592592593,50.0,55.55555555555556,44.44444444444444,108
Sector neutral,Historical mean,57.407407407407405,51.42857142857142,87.3015873015873,13.88888888888889,108
Sector neutral,Always Up,41.66666666666667,50.0,0.0,100.0,108
