signal,Pair,Shared stocks,Overlap %
2023-01-31,Value / Profitability,2,40.0
2023-01-31,Value / Momentum,2,40.0
2023-01-31,Profitability / Momentum,1,20.0
2023-02-28,Value / Profitability,1,20.0
2023-02-28,Value / Momentum,2,40.0
2023-02-28,Profitability / Momentum,1,20.0
2023-03-31,Value / Profitability,1,20.0
2023-03-31,Value / Momentum,1,20.0
2023-03-31,Profitability / Momentum,2,40.0
2023-04-30,Value / Profitability,1,20.0
2023-04-30,Value / Momentum,0,0.0
2023-04-30,Profitability / Momentum,3,60.0
2023-05-31,Value / Profitability,1,20.0
2023-05-31,Value / Momentum,0,0.0
2023-05-31,Profitability / Momentum,3,60.0
2023-06-30,Value / Profitability,1,20.0
2023-06-30,Value / Momentum,0,0.0
2023-06-30,Profitability / Momentum,2,40.0
2023-07-31,Value / Profitability,2,40.0
2023-07-31,Value / Momentum,1,20.0
2023-07-31,Profitability / Momentum,2,40.0
2023-08-31,Value / Profitability,2,40.0
2023-08-31,Value / Momentum,1,20.0
2023-08-31,Profitability / Momentum,1,20.0
2023-09-30,Value / Profitability,2,40.0
2023-09-30,Value / Momentum,0,0.0
2023-09-30,Profitability / Momentum,1,20.0
2023-10-31,Value / Profitability,1,20.0
2023-10-31,Value / Momentum,1,20.0
2023-10-31,Profitability / Momentum,1,20.0
2023-11-30,Value / Profitability,2,40.0
2023-11-30,Value / Momentum,0,0.0
2023-11-30,Profitability / Momentum,2,40.0
2023-12-31,Value / Profitability,2,40.0
2023-12-31,Value / Momentum,0,0.0
2023-12-31,Profitability / Momentum,2,40.0
2024-01-31,Value / Profitability,2,40.0
2024-01-31,Value / Momentum,0,0.0
2024-01-31,Profitability / Momentum,2,40.0
2024-02-29,Value / Profitability,2,40.0
2024-02-29,Value / Momentum,0,0.0
2024-02-29,Profitability / Momentum,2,40.0
2024-03-31,Value / Profitability,2,40.0
2024-03-31,Value / Momentum,0,0.0
2024-03-31,Profitability / Momentum,1,20.0
2024-04-30,Value / Profitability,1,20.0
2024-04-30,Value / Momentum,0,0.0
2024-04-30,Profitability / Momentum,1,20.0
2024-05-31,Value / Profitability,1,20.0
2024-05-31,Value / Momentum,0,0.0
2024-05-31,Profitability / Momentum,0,0.0
2024-06-30,Value / Profitability,1,20.0
2024-06-30,Value / Momentum,1,20.0
2024-06-30,Profitability / Momentum,0,0.0
2024-07-31,Value / Profitability,1,20.0
2024-07-31,Value / Momentum,0,0.0
2024-07-31,Profitability / Momentum,2,40.0
2024-08-31,Value / Profitability,1,20.0
2024-08-31,Value / Momentum,1,20.0
2024-08-31,Profitability / Momentum,2,40.0
2024-09-30,Value / Profitability,1,20.0
2024-09-30,Value / Momentum,1,20.0
2024-09-30,Profitability / Momentum,1,20.0
2024-10-31,Value / Profitability,1,20.0
2024-10-31,Value / Momentum,1,20.0
2024-10-31,Profitability / Momentum,1,20.0
2024-11-30,Value / Profitability,1,20.0
2024-11-30,Value / Momentum,1,20.0
2024-11-30,Profitability / Momentum,1,20.0
2024-12-31,Value / Profitability,1,20.0
2024-12-31,Value / Momentum,0,0.0
2024-12-31,Profitability / Momentum,1,20.0
2025-01-31,Value / Profitability,1,20.0
2025-01-31,Value / Momentum,0,0.0
2025-01-31,Profitability / Momentum,1,20.0
2025-02-28,Value / Profitability,2,40.0
2025-02-28,Value / Momentum,0,0.0
2025-02-28,Profitability / Momentum,0,0.0
2025-03-31,Value / Profitability,2,40.0
2025-03-31,Value / Momentum,0,0.0
2025-03-31,Profitability / Momentum,0,0.0
2025-04-30,Value / Profitability,2,40.0
2025-04-30,Value / Momentum,0,0.0
2025-04-30,Profitability / Momentum,0,0.0
2025-05-31,Value / Profitability,2,40.0
2025-05-31,Value / Momentum,0,0.0
2025-05-31,Profitability / Momentum,1,20.0
2025-06-30,Value / Profitability,1,20.0
2025-06-30,Value / Momentum,0,0.0
2025-06-30,Profitability / Momentum,1,20.0
2025-07-31,Value / Profitability,1,20.0
2025-07-31,Value / Momentum,0,0.0
2025-07-31,Profitability / Momentum,2,40.0
2025-08-31,Value / Profitability,1,20.0
2025-08-31,Value / Momentum,1,20.0
2025-08-31,Profitability / Momentum,2,40.0
2025-09-30,Value / Profitability,1,20.0
2025-09-30,Value / Momentum,0,0.0
2025-09-30,Profitability / Momentum,2,40.0
2025-10-31,Value / Profitability,1,20.0
2025-10-31,Value / Momentum,0,0.0
2025-10-31,Profitability / Momentum,2,40.0
2025-11-30,Value / Profitability,1,20.0
2025-11-30,Value / Momentum,0,0.0
2025-11-30,Profitability / Momentum,2,40.0
2025-12-31,Value / Profitability,1,20.0
2025-12-31,Value / Momentum,1,20.0
2025-12-31,Profitability / Momentum,0,0.0
