strategy,signal,Gross exposure %,Net exposure %,Largest stock %,Largest sector net %,Active stocks,Cancelled gross %
Four-week equal factors,2023-01-31,100.0,100.0,20.000000000000004,40.0,11,0.0
Four-week equal factors,2023-02-28,100.0,100.0,13.333333333333334,33.33333333333333,11,0.0
Four-week equal factors,2023-03-28,100.0,100.0,13.333333333333334,33.33333333333333,11,0.0
Four-week equal factors,2023-04-25,100.0,100.0,13.333333333333334,33.33333333333333,11,0.0
Four-week equal factors,2023-05-23,100.0,100.0,13.333333333333334,26.666666666666668,11,0.0
Four-week equal factors,2023-06-20,100.0,100.0,13.333333333333334,26.666666666666668,11,0.0
Four-week equal factors,2023-07-18,100.0,100.0,13.333333333333334,40.0,12,0.0
Four-week equal factors,2023-08-15,100.0,100.0,20.000000000000004,33.333333333333336,12,0.0
Four-week equal factors,2023-09-12,100.0,100.0,20.000000000000004,33.333333333333336,12,0.0
Four-week equal factors,2023-10-10,100.00000000000003,100.00000000000003,13.333333333333334,33.33333333333333,12,0.0
Four-week equal factors,2023-11-07,100.00000000000003,100.00000000000003,13.333333333333334,40.0,12,0.0
Four-week equal factors,2023-12-05,100.0,100.0,13.333333333333334,40.0,11,0.0
Four-week equal factors,2024-01-02,100.0,100.0,13.333333333333334,33.33333333333333,11,0.0
Four-week equal factors,2024-01-30,100.0,100.0,13.333333333333334,33.33333333333333,11,0.0
Four-week equal factors,2024-02-27,100.0,100.0,13.333333333333334,33.33333333333333,11,0.0
Four-week equal factors,2024-03-26,100.0,100.0,13.333333333333334,26.666666666666668,12,0.0
Four-week equal factors,2024-04-23,100.00000000000003,100.00000000000003,13.333333333333334,26.666666666666668,13,0.0
Four-week equal factors,2024-05-21,100.00000000000003,100.00000000000003,13.333333333333334,26.666666666666668,13,0.0
Four-week equal factors,2024-06-18,100.00000000000003,100.00000000000003,13.333333333333334,26.666666666666668,14,0.0
Four-week equal factors,2024-07-16,100.0,100.0,13.333333333333334,26.666666666666668,13,0.0
Four-week equal factors,2024-08-13,100.0,100.0,13.333333333333334,26.666666666666668,12,0.0
Four-week equal factors,2024-09-10,100.0,100.0,13.333333333333334,20.0,12,0.0
Four-week equal factors,2024-10-08,100.0,100.0,13.333333333333334,20.0,12,0.0
Four-week equal factors,2024-11-05,100.0,100.0,13.333333333333334,26.666666666666668,12,0.0
Four-week equal factors,2024-12-03,100.0,100.0,13.333333333333334,26.666666666666668,12,0.0
Four-week equal factors,2024-12-31,100.0,100.0,13.333333333333334,26.666666666666668,13,0.0
Four-week equal factors,2025-01-28,100.0,100.0,13.333333333333334,26.666666666666668,12,0.0
Four-week equal factors,2025-02-25,100.0,100.0,13.333333333333334,26.666666666666668,12,0.0
Four-week equal factors,2025-03-25,100.0,100.0,13.333333333333334,20.0,13,0.0
Four-week equal factors,2025-04-22,100.0,100.0,13.333333333333334,26.666666666666668,12,0.0
Four-week equal factors,2025-05-20,100.0,100.0,13.333333333333334,20.0,12,0.0
Four-week equal factors,2025-06-17,100.0,100.0,13.333333333333334,20.0,12,0.0
Four-week equal factors,2025-07-15,100.00000000000003,100.00000000000003,13.333333333333334,20.0,13,0.0
Four-week equal factors,2025-08-12,100.0,100.0,13.333333333333334,33.33333333333333,12,0.0
Four-week equal factors,2025-09-09,100.0,100.0,13.333333333333334,33.33333333333333,12,0.0
Four-week equal factors,2025-10-07,100.0,100.0,13.333333333333334,26.666666666666668,12,0.0
Four-week equal factors,2025-11-04,100.0,100.0,13.333333333333334,33.33333333333333,12,0.0
Four-week equal factors,2025-12-02,100.0,100.0,13.333333333333334,33.33333333333333,12,0.0
Four-week equal factors,2025-12-30,100.0,100.0,13.333333333333334,26.666666666666668,13,0.0
Four-week equal factors,2026-01-27,100.0,100.0,13.333333333333334,26.666666666666668,13,0.0
Monthly equal stocks,2023-01-31,100.00000000000003,100.00000000000003,5.0,20.0,20,0.0
Monthly equal stocks,2023-02-28,100.00000000000003,100.00000000000003,5.0,20.0,20,0.0
Monthly equal stocks,2023-03-31,100.00000000000003,100.00000000000003,5.0,20.0,20,0.0
Monthly equal stocks,2023-04-30,100.00000000000003,100.00000000000003,5.0,20.0,20,0.0
Monthly equal stocks,2023-05-31,100.00000000000003,100.00000000000003,5.0,20.0,20,0.0
Monthly equal stocks,2023-06-30,100.00000000000003,100.00000000000003,5.0,20.0,20,0.0
Monthly equal stocks,2023-07-31,100.00000000000003,100.00000000000003,5.0,20.0,20,0.0
Monthly equal stocks,2023-08-31,100.00000000000003,100.00000000000003,5.0,20.0,20,0.0
Monthly equal stocks,2023-09-30,100.00000000000003,100.00000000000003,5.0,20.0,20,0.0
Monthly equal stocks,2023-10-31,100.00000000000003,100.00000000000003,5.0,20.0,20,0.0
Monthly equal stocks,2023-11-30,100.00000000000003,100.00000000000003,5.0,20.0,20,0.0
Monthly equal stocks,2023-12-31,100.00000000000003,100.00000000000003,5.0,20.0,20,0.0
Monthly equal stocks,2024-01-31,100.00000000000003,100.00000000000003,5.0,20.0,20,0.0
Monthly equal stocks,2024-02-29,100.00000000000003,100.00000000000003,5.0,20.0,20,0.0
Monthly equal stocks,2024-03-31,100.00000000000003,100.00000000000003,5.0,20.0,20,0.0
Monthly equal stocks,2024-04-30,100.00000000000003,100.00000000000003,5.0,20.0,20,0.0
Monthly equal stocks,2024-05-31,100.00000000000003,100.00000000000003,5.0,20.0,20,0.0
Monthly equal stocks,2024-06-30,100.00000000000003,100.00000000000003,5.0,20.0,20,0.0
Monthly equal stocks,2024-07-31,100.00000000000003,100.00000000000003,5.0,20.0,20,0.0
Monthly equal stocks,2024-08-31,100.00000000000003,100.00000000000003,5.0,20.0,20,0.0
Monthly equal stocks,2024-09-30,100.00000000000003,100.00000000000003,5.0,20.0,20,0.0
Monthly equal stocks,2024-10-31,100.00000000000003,100.00000000000003,5.0,20.0,20,0.0
Monthly equal stocks,2024-11-30,100.00000000000003,100.00000000000003,5.0,20.0,20,0.0
Monthly equal stocks,2024-12-31,100.00000000000003,100.00000000000003,5.0,20.0,20,0.0
Monthly equal stocks,2025-01-31,100.00000000000003,100.00000000000003,5.0,20.0,20,0.0
Monthly equal stocks,2025-02-28,100.00000000000003,100.00000000000003,5.0,20.0,20,0.0
Monthly equal stocks,2025-03-31,100.00000000000003,100.00000000000003,5.0,20.0,20,0.0
Monthly equal stocks,2025-04-30,100.00000000000003,100.00000000000003,5.0,20.0,20,0.0
Monthly equal stocks,2025-05-31,100.00000000000003,100.00000000000003,5.0,20.0,20,0.0
Monthly equal stocks,2025-06-30,100.00000000000003,100.00000000000003,5.0,20.0,20,0.0
Monthly equal stocks,2025-07-31,100.00000000000003,100.00000000000003,5.0,20.0,20,0.0
Monthly equal stocks,2025-08-31,100.00000000000003,100.00000000000003,5.0,20.0,20,0.0
Monthly equal stocks,2025-09-30,100.00000000000003,100.00000000000003,5.0,20.0,20,0.0
Monthly equal stocks,2025-10-31,100.00000000000003,100.00000000000003,5.0,20.0,20,0.0
Monthly equal stocks,2025-11-30,100.00000000000003,100.00000000000003,5.0,20.0,20,0.0
Monthly equal stocks,2025-12-31,100.00000000000003,100.00000000000003,5.0,20.0,20,0.0
Long only | Equal factors,2023-01-31,100.0,100.0,20.0,40.0,11,0.0
Long only | Equal factors,2023-02-28,100.0,100.0,13.333333333333334,33.33333333333333,11,0.0
Long only | Equal factors,2023-03-31,100.0,100.0,13.333333333333334,33.33333333333333,11,0.0
Long only | Equal factors,2023-04-30,100.0,100.0,13.333333333333334,33.33333333333333,11,0.0
Long only | Equal factors,2023-05-31,100.0,100.0,13.333333333333334,26.666666666666668,11,0.0
Long only | Equal factors,2023-06-30,100.0,100.0,13.333333333333334,40.0,12,0.0
Long only | Equal factors,2023-07-31,100.0,100.0,20.0,33.333333333333336,11,0.0
Long only | Equal factors,2023-08-31,100.0,100.0,20.0,33.333333333333336,12,0.0
Long only | Equal factors,2023-09-30,100.00000000000003,100.00000000000003,13.333333333333334,33.33333333333333,12,0.0
Long only | Equal factors,2023-10-31,100.0,100.0,13.333333333333334,33.33333333333333,12,0.0
Long only | Equal factors,2023-11-30,100.0,100.0,13.333333333333334,40.0,11,0.0
Long only | Equal factors,2023-12-31,100.0,100.0,13.333333333333334,33.33333333333333,11,0.0
Long only | Equal factors,2024-01-31,100.0,100.0,13.333333333333334,33.33333333333333,11,0.0
Long only | Equal factors,2024-02-29,100.0,100.0,13.333333333333334,33.33333333333333,11,0.0
Long only | Equal factors,2024-03-31,100.0,100.0,13.333333333333334,26.666666666666668,12,0.0
Long only | Equal factors,2024-04-30,100.00000000000003,100.00000000000003,13.333333333333334,26.666666666666668,13,0.0
Long only | Equal factors,2024-05-31,100.00000000000003,100.00000000000003,13.333333333333334,26.666666666666668,14,0.0
Long only | Equal factors,2024-06-30,100.0,100.0,13.333333333333334,20.0,13,0.0
Long only | Equal factors,2024-07-31,100.0,100.0,13.333333333333334,26.666666666666668,12,0.0
Long only | Equal factors,2024-08-31,100.0,100.0,13.333333333333334,26.666666666666668,11,0.0
Long only | Equal factors,2024-09-30,100.0,100.0,13.333333333333334,20.0,12,0.0
Long only | Equal factors,2024-10-31,100.0,100.0,13.333333333333334,20.0,12,0.0
Long only | Equal factors,2024-11-30,100.0,100.0,13.333333333333334,26.666666666666668,12,0.0
Long only | Equal factors,2024-12-31,100.0,100.0,13.333333333333334,26.666666666666668,13,0.0
Long only | Equal factors,2025-01-31,100.0,100.0,13.333333333333334,26.666666666666668,13,0.0
Long only | Equal factors,2025-02-28,100.0,100.0,13.333333333333334,20.0,13,0.0
Long only | Equal factors,2025-03-31,100.0,100.0,13.333333333333334,20.0,13,0.0
Long only | Equal factors,2025-04-30,100.0,100.0,13.333333333333334,20.0,13,0.0
Long only | Equal factors,2025-05-31,100.0,100.0,13.333333333333334,20.0,12,0.0
Long only | Equal factors,2025-06-30,100.0,100.0,13.333333333333334,20.0,13,0.0
Long only | Equal factors,2025-07-31,100.0,100.0,13.333333333333334,33.33333333333333,12,0.0
Long only | Equal factors,2025-08-31,100.0,100.0,13.333333333333334,33.33333333333333,11,0.0
Long only | Equal factors,2025-09-30,100.0,100.0,13.333333333333334,33.33333333333333,12,0.0
Long only | Equal factors,2025-10-31,100.0,100.0,13.333333333333334,33.33333333333333,12,0.0
Long only | Equal factors,2025-11-30,100.0,100.0,13.333333333333334,33.33333333333333,12,0.0
Long only | Equal factors,2025-12-31,100.0,100.0,13.333333333333334,26.666666666666668,13,0.0
Long only | Random Forest,2023-01-31,100.00000000000003,100.00000000000003,20.0,34.0,11,0.0
Long only | Random Forest,2023-02-28,100.00000000000003,100.00000000000003,16.0,34.0,11,0.0
Long only | Random Forest,2023-03-31,100.0,100.0,16.0,36.0,11,0.0
Long only | Random Forest,2023-04-30,100.0,100.0,16.0,34.0,11,0.0
Long only | Random Forest,2023-05-31,99.99999999999999,99.99999999999999,16.0,26.0,11,1.1102230246251565e-14
Long only | Random Forest,2023-06-30,100.0,100.0,16.0,42.00000000000001,12,0.0
Long only | Random Forest,2023-07-31,100.0,100.0,20.0,34.0,11,0.0
Long only | Random Forest,2023-08-31,100.0,100.0,20.0,36.0,12,0.0
Long only | Random Forest,2023-09-30,100.0,100.0,16.0,38.0,12,0.0
Long only | Random Forest,2023-10-31,100.0,100.0,16.0,38.0,12,0.0
Long only | Random Forest,2023-11-30,100.0,100.0,16.0,44.0,11,0.0
Long only | Random Forest,2023-12-31,100.0,100.0,16.0,38.0,11,0.0
Long only | Random Forest,2024-01-31,100.0,100.0,16.0,38.0,11,0.0
Long only | Random Forest,2024-02-29,100.0,100.0,16.0,32.0,11,0.0
Long only | Random Forest,2024-03-31,100.00000000000003,100.00000000000003,16.0,32.0,12,0.0
Long only | Random Forest,2024-04-30,100.0,100.0,16.0,32.0,13,0.0
Long only | Random Forest,2024-05-31,100.0,100.0,10.0,22.0,14,0.0
Long only | Random Forest,2024-06-30,100.0,100.0,14.000000000000002,22.0,13,0.0
Long only | Random Forest,2024-07-31,100.00000000000003,100.00000000000003,16.0,32.0,12,0.0
Long only | Random Forest,2024-08-31,100.0,100.0,16.0,32.0,11,0.0
Long only | Random Forest,2024-09-30,100.0,100.0,16.0,30.000000000000004,12,0.0
Long only | Random Forest,2024-10-31,100.0,100.0,16.0,30.000000000000004,12,0.0
Long only | Random Forest,2024-11-30,100.0,100.0,16.0,32.0,12,0.0
Long only | Random Forest,2024-12-31,100.0,100.0,16.0,32.0,13,0.0
Long only | Random Forest,2025-01-31,100.00000000000003,100.00000000000003,16.0,32.0,13,0.0
Long only | Random Forest,2025-02-28,100.0,100.0,10.0,22.0,13,0.0
Long only | Random Forest,2025-03-31,100.0,100.0,16.0,20.0,13,0.0
Long only | Random Forest,2025-04-30,100.0,100.0,16.0,20.0,13,0.0
Long only | Random Forest,2025-05-31,100.00000000000003,100.00000000000003,16.0,20.0,12,0.0
Long only | Random Forest,2025-06-30,100.0,100.0,16.0,20.0,13,0.0
Long only | Random Forest,2025-07-31,100.00000000000003,100.00000000000003,16.0,38.0,12,0.0
Long only | Random Forest,2025-08-31,100.0,100.0,16.0,32.00000000000001,11,0.0
Long only | Random Forest,2025-09-30,100.0,100.0,16.0,38.0,12,0.0
Long only | Random Forest,2025-10-31,100.0,100.0,16.0,38.0,12,0.0
Long only | Random Forest,2025-11-30,100.00000000000003,100.00000000000003,16.0,30.000000000000004,12,0.0
Long only | Random Forest,2025-12-31,100.0,100.0,14.000000000000002,24.000000000000004,13,0.0
Long-short | Equal factors,2023-01-31,60.00000000000001,4.6259292692714846e-17,10.0,20.0,11,39.99999999999999
Long-short | Equal factors,2023-02-28,60.0,-2.0816681711721685e-15,10.0,13.333333333333334,13,40.0
Long-short | Equal factors,2023-03-31,53.333333333333336,-1.3877787807814457e-15,10.0,10.0,10,46.666666666666664
Long-short | Equal factors,2023-04-30,60.0,-1.3877787807814457e-15,10.0,13.333333333333334,13,40.0
Long-short | Equal factors,2023-05-31,60.0,-1.3877787807814457e-15,10.0,6.666666666666667,13,40.0
Long-short | Equal factors,2023-06-30,66.66666666666666,0.0,6.666666666666667,13.333333333333334,15,33.333333333333336
Long-short | Equal factors,2023-07-31,66.66666666666666,1.3877787807814457e-15,10.0,13.333333333333334,14,33.333333333333336
Long-short | Equal factors,2023-08-31,60.0,1.3877787807814457e-15,10.0,13.333333333333334,13,40.0
Long-short | Equal factors,2023-09-30,66.66666666666667,1.3877787807814457e-15,6.666666666666667,13.333333333333334,15,33.33333333333333
Long-short | Equal factors,2023-10-31,66.66666666666666,1.3877787807814457e-15,6.666666666666667,13.333333333333334,16,33.333333333333336
Long-short | Equal factors,2023-11-30,60.0,1.3877787807814457e-15,6.666666666666667,13.333333333333334,15,40.0
Long-short | Equal factors,2023-12-31,53.333333333333336,0.0,6.666666666666667,13.333333333333334,13,46.666666666666664
Long-short | Equal factors,2024-01-31,46.666666666666664,0.0,6.666666666666667,10.0,11,53.333333333333336
Long-short | Equal factors,2024-02-29,46.666666666666664,0.0,6.666666666666667,13.333333333333334,11,53.333333333333336
Long-short | Equal factors,2024-03-31,53.333333333333336,1.3877787807814457e-15,6.666666666666667,13.333333333333334,13,46.666666666666664
Long-short | Equal factors,2024-04-30,46.666666666666664,0.0,6.666666666666667,13.333333333333334,13,53.333333333333336
Long-short | Equal factors,2024-05-31,40.0,1.3877787807814457e-15,3.3333333333333335,6.666666666666667,12,60.00000000000001
Long-short | Equal factors,2024-06-30,60.0,-4.163336342344337e-15,10.0,13.333333333333336,14,40.0
Long-short | Equal factors,2024-07-31,46.666666666666664,-1.3877787807814457e-15,10.0,13.333333333333336,10,53.333333333333336
Long-short | Equal factors,2024-08-31,53.333333333333336,-1.3877787807814457e-15,10.0,13.333333333333336,10,46.666666666666664
Long-short | Equal factors,2024-09-30,53.333333333333336,-1.3877787807814457e-15,10.0,13.333333333333336,11,46.666666666666664
Long-short | Equal factors,2024-10-31,60.00000000000001,-5.551115123125783e-15,10.0,16.666666666666668,12,39.99999999999999
Long-short | Equal factors,2024-11-30,66.66666666666666,-6.938893903907228e-15,10.0,16.666666666666668,14,33.333333333333336
Long-short | Equal factors,2024-12-31,60.0,-6.938893903907228e-15,10.0,16.666666666666668,13,40.0
Long-short | Equal factors,2025-01-31,53.333333333333336,-1.3877787807814457e-15,10.0,16.666666666666668,12,46.666666666666664
Long-short | Equal factors,2025-02-28,53.333333333333336,-3.469446951953614e-15,10.0,16.666666666666668,11,46.666666666666664
Long-short | Equal factors,2025-03-31,60.0,-6.2450045135165055e-15,10.0,13.333333333333336,11,40.0
Long-short | Equal factors,2025-04-30,60.0,-6.2450045135165055e-15,10.0,13.333333333333336,11,40.0
Long-short | Equal factors,2025-05-31,60.0,-6.938893903907228e-15,10.0,13.333333333333336,11,40.0
Long-short | Equal factors,2025-06-30,46.666666666666664,-1.3877787807814457e-15,6.666666666666667,6.666666666666667,13,53.333333333333336
Long-short | Equal factors,2025-07-31,46.666666666666664,0.0,6.666666666666667,6.666666666666667,13,53.333333333333336
Long-short | Equal factors,2025-08-31,46.666666666666664,-1.4340380734741603e-15,6.666666666666667,10.0,11,53.333333333333336
Long-short | Equal factors,2025-09-30,40.0,0.0,6.666666666666667,16.666666666666664,11,60.0
Long-short | Equal factors,2025-10-31,53.333333333333336,-1.3877787807814457e-15,6.666666666666667,10.0,13,46.666666666666664
Long-short | Equal factors,2025-11-30,73.33333333333334,-1.3877787807814457e-15,10.0,20.0,17,26.66666666666666
Long-short | Equal factors,2025-12-31,73.33333333333333,-1.3877787807814457e-15,10.0,13.333333333333334,17,26.66666666666667
Long-short | Random Forest,2023-01-31,72.0,0.0,10.0,18.0,16,28.000000000000004
Long-short | Random Forest,2023-02-28,72.00000000000001,-1.3877787807814457e-15,10.0,14.000000000000002,17,27.999999999999993
Long-short | Random Forest,2023-03-31,66.0,0.0,10.0,11.000000000000002,16,34.0
Long-short | Random Forest,2023-04-30,72.00000000000001,0.0,10.0,15.000000000000002,17,27.999999999999993
Long-short | Random Forest,2023-05-31,72.00000000000001,0.0,10.0,12.0,16,27.999999999999993
Long-short | Random Forest,2023-06-30,72.00000000000001,1.3877787807814457e-15,8.0,20.0,17,27.999999999999993
Long-short | Random Forest,2023-07-31,68.0,0.0,10.0,13.0,15,31.999999999999996
Long-short | Random Forest,2023-08-31,74.0,0.0,10.0,16.0,17,26.0
Long-short | Random Forest,2023-09-30,78.00000000000001,1.3877787807814457e-15,8.0,16.0,18,21.999999999999986
Long-short | Random Forest,2023-10-31,68.00000000000001,0.0,8.0,17.0,17,31.999999999999986
Long-short | Random Forest,2023-11-30,64.00000000000001,0.0,8.0,20.0,16,35.999999999999986
Long-short | Random Forest,2023-12-31,54.0,1.3877787807814457e-15,8.0,17.0,13,46.0
Long-short | Random Forest,2024-01-31,50.0,1.3877787807814457e-15,8.0,17.0,12,50.0
Long-short | Random Forest,2024-02-29,50.0,1.3877787807814457e-15,8.0,17.0,12,50.0
Long-short | Random Forest,2024-03-31,66.0,0.0,8.0,14.000000000000002,16,34.0
Long-short | Random Forest,2024-04-30,48.0,0.0,6.0,12.0,14,52.0
Long-short | Random Forest,2024-05-31,36.0,0.0,5.0,7.000000000000001,13,64.0
Long-short | Random Forest,2024-06-30,54.0,-1.3877787807814457e-15,10.0,15.000000000000002,14,46.0
Long-short | Random Forest,2024-07-31,66.0,0.0,10.0,12.000000000000002,14,34.0
Long-short | Random Forest,2024-08-31,56.00000000000001,1.3877787807814457e-15,10.0,15.000000000000002,12,43.99999999999999
Long-short | Random Forest,2024-09-30,70.0,0.0,10.0,12.000000000000002,15,29.999999999999993
Long-short | Random Forest,2024-10-31,70.00000000000001,1.3877787807814457e-15,10.0,16.0,15,29.999999999999982
Long-short | Random Forest,2024-11-30,78.00000000000001,-1.3877787807814457e-15,10.0,14.000000000000002,16,21.999999999999986
Long-short | Random Forest,2024-12-31,60.00000000000001,0.0,10.0,20.0,14,39.99999999999999
Long-short | Random Forest,2025-01-31,70.0,-1.3877787807814457e-15,10.0,14.000000000000002,15,29.999999999999993
Long-short | Random Forest,2025-02-28,70.0,1.3877787807814457e-15,10.0,14.000000000000002,15,29.999999999999993
Long-short | Random Forest,2025-03-31,74.00000000000001,0.0,10.0,12.000000000000002,16,25.99999999999999
Long-short | Random Forest,2025-04-30,66.00000000000001,2.7755575615628914e-15,10.0,15.000000000000002,15,33.999999999999986
Long-short | Random Forest,2025-05-31,62.000000000000014,2.7755575615628914e-15,10.0,15.000000000000002,13,37.999999999999986
Long-short | Random Forest,2025-06-30,50.000000000000014,0.0,8.0,9.0,14,49.999999999999986
Long-short | Random Forest,2025-07-31,54.0,0.0,6.0,15.0,14,46.0
Long-short | Random Forest,2025-08-31,62.000000000000014,0.0,8.0,13.0,16,37.999999999999986
Long-short | Random Forest,2025-09-30,48.00000000000001,0.0,6.0,15.000000000000002,14,51.99999999999999
Long-short | Random Forest,2025-10-31,64.00000000000001,1.3877787807814457e-15,8.0,15.0,17,35.999999999999986
Long-short | Random Forest,2025-11-30,80.00000000000001,0.0,10.0,20.0,19,19.999999999999986
Long-short | Random Forest,2025-12-31,78.00000000000003,0.0,10.0,10.0,19,21.999999999999975
Ranked long-short | Equal factors,2023-01-31,55.333333333333336,-2.42861286636753e-15,7.499999999999998,16.499999999999996,20,44.666666666666664
Ranked long-short | Equal factors,2023-02-28,55.666666666666664,-6.938893903907228e-16,7.499999999999998,13.83333333333333,20,44.333333333333336
Ranked long-short | Equal factors,2023-03-31,50.66666666666666,-6.938893903907228e-16,7.499999999999998,10.666666666666666,20,49.33333333333334
Ranked long-short | Equal factors,2023-04-30,46.33333333333333,-3.469446951953614e-16,6.5,14.000000000000002,20,53.66666666666667
Ranked long-short | Equal factors,2023-05-31,41.66666666666666,-1.3877787807814457e-15,6.5,7.500000000000001,20,58.33333333333335
Ranked long-short | Equal factors,2023-06-30,48.00000000000001,2.7755575615628914e-15,6.499999999999999,10.333333333333334,20,52.0
Ranked long-short | Equal factors,2023-07-31,51.33333333333333,-1.3877787807814457e-15,7.5,10.166666666666666,20,48.66666666666667
Ranked long-short | Equal factors,2023-08-31,49.33333333333333,0.0,7.833333333333332,11.166666666666666,20,50.66666666666667
Ranked long-short | Equal factors,2023-09-30,49.66666666666666,-6.938893903907228e-16,7.166666666666666,7.666666666666666,20,50.33333333333334
Ranked long-short | Equal factors,2023-10-31,40.66666666666666,-1.3877787807814457e-15,4.833333333333332,6.999999999999999,20,59.33333333333335
Ranked long-short | Equal factors,2023-11-30,40.66666666666667,-1.3877787807814457e-15,4.166666666666666,7.666666666666666,20,59.33333333333333
Ranked long-short | Equal factors,2023-12-31,38.0,0.0,4.166666666666667,7.666666666666666,20,62.0
Ranked long-short | Equal factors,2024-01-31,37.666666666666664,-6.938893903907228e-16,4.166666666666667,6.999999999999999,20,62.33333333333333
Ranked long-short | Equal factors,2024-02-29,37.333333333333336,0.0,4.166666666666667,7.833333333333334,20,62.66666666666667
Ranked long-short | Equal factors,2024-03-31,41.666666666666664,-1.3877787807814457e-15,4.833333333333334,9.833333333333332,20,58.333333333333336
Ranked long-short | Equal factors,2024-04-30,37.66666666666666,-6.938893903907228e-16,3.833333333333334,8.5,20,62.33333333333334
Ranked long-short | Equal factors,2024-05-31,37.33333333333333,-1.3877787807814457e-15,4.166666666666666,7.833333333333334,20,62.66666666666667
Ranked long-short | Equal factors,2024-06-30,46.33333333333333,3.469446951953614e-15,7.833333333333332,9.833333333333332,20,53.666666666666664
Ranked long-short | Equal factors,2024-07-31,40.33333333333333,8.673617379884035e-16,7.833333333333332,9.833333333333332,20,59.66666666666667
Ranked long-short | Equal factors,2024-08-31,51.66666666666666,-6.938893903907228e-16,7.833333333333332,11.833333333333332,20,48.33333333333334
Ranked long-short | Equal factors,2024-09-30,51.99999999999999,-6.938893903907228e-16,7.833333333333332,11.5,20,48.00000000000001
Ranked long-short | Equal factors,2024-10-31,51.66666666666666,0.0,8.5,12.166666666666664,20,48.33333333333334
Ranked long-short | Equal factors,2024-11-30,50.0,3.469446951953614e-16,9.166666666666666,13.166666666666666,20,50.0
Ranked long-short | Equal factors,2024-12-31,50.0,-2.0816681711721685e-15,9.166666666666666,13.166666666666666,20,50.0
Ranked long-short | Equal factors,2025-01-31,48.0,0.0,9.499999999999998,12.833333333333332,20,52.0
Ranked long-short | Equal factors,2025-02-28,45.666666666666664,-1.3877787807814457e-15,9.499999999999998,12.5,20,54.333333333333336
Ranked long-short | Equal factors,2025-03-31,50.66666666666666,2.0816681711721685e-15,9.499999999999998,11.166666666666664,20,49.33333333333334
Ranked long-short | Equal factors,2025-04-30,50.33333333333333,6.938893903907228e-16,9.499999999999998,8.833333333333332,20,49.66666666666667
Ranked long-short | Equal factors,2025-05-31,51.0,3.469446951953614e-15,9.499999999999998,9.499999999999998,20,49.0
Ranked long-short | Equal factors,2025-06-30,33.666666666666664,-1.0408340855860843e-15,5.5,4.666666666666666,20,66.33333333333333
Ranked long-short | Equal factors,2025-07-31,37.66666666666667,-1.3877787807814457e-15,3.5000000000000004,5.666666666666666,20,62.33333333333333
Ranked long-short | Equal factors,2025-08-31,38.66666666666666,-2.7755575615628914e-15,4.5,8.666666666666666,20,61.33333333333334
Ranked long-short | Equal factors,2025-09-30,35.666666666666664,-5.204170427930421e-16,5.166666666666667,10.0,20,64.33333333333333
Ranked long-short | Equal factors,2025-10-31,39.0,6.938893903907228e-16,5.166666666666667,8.333333333333332,20,61.0
Ranked long-short | Equal factors,2025-11-30,44.0,-1.3877787807814457e-15,7.500000000000001,12.666666666666668,20,56.00000000000001
Ranked long-short | Equal factors,2025-12-31,53.33333333333332,0.0,7.833333333333334,9.333333333333336,20,46.66666666666668
Ranked long-short | Random Forest,2023-01-31,63.000000000000014,2.7755575615628914e-15,8.1,14.400000000000002,20,36.999999999999986
Ranked long-short | Random Forest,2023-02-28,57.00000000000001,-2.42861286636753e-15,8.1,12.8,20,42.99999999999999
Ranked long-short | Random Forest,2023-03-31,54.400000000000006,-6.938893903907228e-16,8.1,9.700000000000001,20,45.599999999999994
Ranked long-short | Random Forest,2023-04-30,53.6,3.469446951953614e-16,6.9,14.500000000000002,20,46.4
Ranked long-short | Random Forest,2023-05-31,52.6,-1.0408340855860843e-15,6.800000000000001,11.5,20,47.4
Ranked long-short | Random Forest,2023-06-30,56.60000000000001,0.0,5.9,17.2,20,43.39999999999999
Ranked long-short | Random Forest,2023-07-31,56.400000000000006,0.0,6.7,13.8,20,43.599999999999994
Ranked long-short | Random Forest,2023-08-31,56.800000000000004,0.0,8.5,14.400000000000002,20,43.199999999999996
Ranked long-short | Random Forest,2023-09-30,58.20000000000001,6.938893903907228e-16,8.1,11.9,20,41.79999999999999
Ranked long-short | Random Forest,2023-10-31,47.2,0.0,6.1,11.7,19,52.800000000000004
Ranked long-short | Random Forest,2023-11-30,44.199999999999996,-2.7755575615628914e-15,5.8,15.2,20,55.800000000000004
Ranked long-short | Random Forest,2023-12-31,38.8,0.0,5.299999999999999,14.6,20,61.20000000000001
Ranked long-short | Random Forest,2024-01-31,39.599999999999994,0.0,5.8,13.899999999999999,20,60.400000000000006
Ranked long-short | Random Forest,2024-02-29,38.4,-2.7755575615628914e-15,5.299999999999999,12.899999999999997,20,61.6
Ranked long-short | Random Forest,2024-03-31,41.6,0.0,5.5,9.9,19,58.4
Ranked long-short | Random Forest,2024-04-30,35.4,1.3877787807814457e-15,4.5,9.4,19,64.60000000000001
Ranked long-short | Random Forest,2024-05-31,34.20000000000001,3.469446951953614e-16,3.9999999999999996,5.4,20,65.8
Ranked long-short | Random Forest,2024-06-30,44.800000000000004,-1.734723475976807e-15,8.200000000000001,11.2,20,55.199999999999996
Ranked long-short | Random Forest,2024-07-31,55.2,-2.6020852139652106e-16,7.400000000000001,9.1,20,44.8
Ranked long-short | Random Forest,2024-08-31,55.00000000000001,-1.3877787807814457e-15,8.200000000000001,14.000000000000002,20,44.99999999999999
Ranked long-short | Random Forest,2024-09-30,62.20000000000001,3.469446951953614e-16,7.7,11.799999999999999,20,37.79999999999999
Ranked long-short | Random Forest,2024-10-31,63.20000000000001,1.0408340855860843e-15,8.600000000000001,11.7,20,36.79999999999999
Ranked long-short | Random Forest,2024-11-30,48.6,1.734723475976807e-15,9.0,16.299999999999997,19,51.4
Ranked long-short | Random Forest,2024-12-31,48.20000000000001,-2.7755575615628914e-15,9.0,16.299999999999997,20,51.79999999999999
Ranked long-short | Random Forest,2025-01-31,60.400000000000006,2.949029909160572e-15,9.5,10.6,20,39.599999999999994
Ranked long-short | Random Forest,2025-02-28,55.20000000000002,-6.938893903907228e-16,9.5,10.2,20,44.79999999999998
Ranked long-short | Random Forest,2025-03-31,57.800000000000004,1.3877787807814457e-15,9.5,9.7,20,42.199999999999996
Ranked long-short | Random Forest,2025-04-30,58.80000000000002,0.0,9.5,9.8,19,41.19999999999998
Ranked long-short | Random Forest,2025-05-31,57.800000000000004,0.0,9.5,10.8,20,42.199999999999996
Ranked long-short | Random Forest,2025-06-30,39.2,1.3877787807814457e-15,6.6000000000000005,7.3999999999999995,20,60.8
Ranked long-short | Random Forest,2025-07-31,44.60000000000001,3.469446951953614e-16,4.5,9.899999999999999,20,55.39999999999999
Ranked long-short | Random Forest,2025-08-31,46.80000000000001,1.734723475976807e-15,6.0,10.299999999999999,20,53.19999999999999
Ranked long-short | Random Forest,2025-09-30,43.400000000000006,1.5612511283791264e-15,5.8999999999999995,12.2,20,56.599999999999994
Ranked long-short | Random Forest,2025-10-31,50.6,0.0,6.4,15.4,20,49.4
Ranked long-short | Random Forest,2025-11-30,59.60000000000001,-1.3877787807814457e-15,7.600000000000001,14.200000000000001,19,40.39999999999999
Ranked long-short | Random Forest,2025-12-31,62.60000000000001,1.0408340855860843e-15,7.9,9.8,20,37.39999999999999
Sector neutral | Equal factors,2023-01-31,53.24611896040467,6.2450045135165055e-15,8.898357877949714,3.469446951953614e-15,20,46.75388103959533
Sector neutral | Equal factors,2023-02-28,45.73552279541391,-2.0816681711721685e-15,9.564929927906334,6.938893903907228e-16,20,54.26447720458609
Sector neutral | Equal factors,2023-03-31,54.937629937629936,6.938893903907228e-16,10.344190344190343,1.3877787807814457e-15,20,45.062370062370064
Sector neutral | Equal factors,2023-04-30,47.386217948717956,1.3877787807814457e-15,8.273351648351648,1.3877787807814457e-15,20,52.613782051282044
Sector neutral | Equal factors,2023-05-31,47.3018995781144,-6.938893903907228e-16,8.010142741600543,2.0816681711721685e-15,20,52.6981004218856
Sector neutral | Equal factors,2023-06-30,48.099217755876964,1.3877787807814457e-15,7.2655118046366844,2.0816681711721685e-15,20,51.90078224412304
Sector neutral | Equal factors,2023-07-31,57.04803675856308,-2.0816681711721685e-15,9.051900584795321,1.3877787807814457e-15,20,42.95196324143692
Sector neutral | Equal factors,2023-08-31,55.921101774042945,-2.0816681711721685e-15,9.866830065359478,1.3877787807814457e-15,20,44.078898225957055
Sector neutral | Equal factors,2023-09-30,59.208671163091054,-2.0816681711721685e-15,9.042740945365255,4.163336342344337e-15,20,40.791328836908946
Sector neutral | Equal factors,2023-10-31,44.31125021383103,-4.163336342344337e-15,5.184830675826138,2.7755575615628914e-15,20,55.68874978616897
Sector neutral | Equal factors,2023-11-30,47.30336871590741,-2.0816681711721685e-15,5.101655793896506,2.0816681711721685e-15,20,52.69663128409259
Sector neutral | Equal factors,2023-12-31,40.8825084129962,-4.163336342344337e-15,4.198587658953514,2.7755575615628914e-15,20,59.11749158700379
Sector neutral | Equal factors,2024-01-31,41.357920248765325,-6.2450045135165055e-15,4.9872848200313,3.816391647148976e-15,20,58.642079751234675
Sector neutral | Equal factors,2024-02-29,38.17830771549126,-5.204170427930421e-15,4.754746835443039,3.1225022567582528e-15,20,61.82169228450874
Sector neutral | Equal factors,2024-03-31,40.92956958760884,1.3877787807814457e-15,5.307679934025701,2.0816681711721685e-15,20,59.07043041239116
Sector neutral | Equal factors,2024-04-30,36.816673884024475,6.938893903907228e-16,5.0509553049940745,1.3877787807814457e-15,20,63.183326115975525
Sector neutral | Equal factors,2024-05-31,45.895468359886316,-2.42861286636753e-15,5.908134905328842,1.734723475976807e-15,20,54.104531640113684
Sector neutral | Equal factors,2024-06-30,52.57568105394475,-2.7755575615628914e-15,10.206776654018984,6.938893903907228e-16,20,47.42431894605525
Sector neutral | Equal factors,2024-07-31,45.058006584436846,-2.7755575615628914e-15,10.045843569390087,2.0816681711721685e-15,20,54.941993415563154
Sector neutral | Equal factors,2024-08-31,50.85179648237189,-2.7755575615628914e-15,11.770579149519973,1.734723475976807e-15,20,49.14820351762811
Sector neutral | Equal factors,2024-09-30,52.67607259385208,-2.7755575615628914e-15,11.722440455472128,1.3877787807814457e-15,20,47.32392740614792
Sector neutral | Equal factors,2024-10-31,58.79417854098159,5.551115123125783e-15,12.514188284009254,6.938893903907228e-16,20,41.20582145901841
Sector neutral | Equal factors,2024-11-30,52.037513890962174,2.7755575615628914e-15,11.419269321568171,1.734723475976807e-15,20,47.962486109037826
Sector neutral | Equal factors,2024-12-31,52.606313621822764,-1.3877787807814457e-15,11.202628688939287,1.3877787807814457e-15,20,47.393686378177236
Sector neutral | Equal factors,2025-01-31,43.40413736694726,-4.163336342344337e-15,11.000831762581006,2.7755575615628914e-15,20,56.59586263305274
Sector neutral | Equal factors,2025-02-28,42.17191451488609,1.3877787807814457e-15,10.845145966519414,1.0408340855860843e-15,20,57.82808548511391
Sector neutral | Equal factors,2025-03-31,55.760883807776715,5.551115123125783e-15,14.20404077942684,1.3877787807814457e-15,20,44.239116192223285
Sector neutral | Equal factors,2025-04-30,58.43573379056327,-5.551115123125783e-15,15.435417514945266,2.7755575615628914e-15,20,41.56426620943673
Sector neutral | Equal factors,2025-05-31,62.8858593555479,2.7755575615628914e-15,15.183334913590752,2.7755575615628914e-15,20,37.1141406444521
Sector neutral | Equal factors,2025-06-30,44.472292019801586,-3.1225022567582528e-15,6.949927446245654,1.3877787807814457e-15,20,55.527707980198414
Sector neutral | Equal factors,2025-07-31,40.92948805647523,6.938893903907228e-16,5.4219961230112546,6.938893903907228e-16,20,59.07051194352477
Sector neutral | Equal factors,2025-08-31,44.00109868052694,2.7755575615628914e-15,5.64341478359163,1.3877787807814457e-15,20,55.99890131947306
Sector neutral | Equal factors,2025-09-30,46.258631745377684,1.0408340855860843e-15,5.0474924437263065,6.938893903907228e-16,20,53.741368254622316
Sector neutral | Equal factors,2025-10-31,38.95214168061597,-1.3877787807814457e-15,5.140941821102558,6.938893903907228e-16,20,61.04785831938403
Sector neutral | Equal factors,2025-11-30,45.939728548424206,6.938893903907228e-16,6.640587614730499,6.938893903907228e-16,20,54.060271451575794
Sector neutral | Equal factors,2025-12-31,54.83102236591456,4.85722573273506e-15,7.792500291121414,2.0816681711721685e-15,20,45.16897763408544
Sector neutral | Random Forest,2023-01-31,61.43320624953279,2.42861286636753e-15,8.877476265231369,3.469446951953614e-15,20,38.56679375046721
Sector neutral | Random Forest,2023-02-28,54.60498847794675,-6.938893903907228e-16,9.102226267380534,8.673617379884035e-16,20,45.39501152205325
Sector neutral | Random Forest,2023-03-31,60.72626472626473,-6.938893903907228e-16,9.886347886347886,6.938893903907228e-16,20,39.27373527373527
Sector neutral | Random Forest,2023-04-30,55.868131868131854,2.7755575615628914e-15,8.287087912087912,2.7755575615628914e-15,20,44.131868131868146
Sector neutral | Random Forest,2023-05-31,57.7985441668306,-6.938893903907228e-16,8.082103744507837,2.7755575615628914e-15,20,42.2014558331694
Sector neutral | Random Forest,2023-06-30,51.69040014600535,4.163336342344337e-15,7.272862770147981,1.3877787807814457e-15,20,48.30959985399465
Sector neutral | Random Forest,2023-07-31,54.996867167919795,0.0,8.018640350877192,1.3877787807814457e-15,20,45.003132832080205
Sector neutral | Random Forest,2023-08-31,53.88848039215688,-2.0816681711721685e-15,8.807598039215687,2.0816681711721685e-15,20,46.11151960784312
Sector neutral | Random Forest,2023-09-30,57.64673172131736,-6.938893903907228e-16,8.084944751381215,3.469446951953614e-15,20,42.35326827868264
Sector neutral | Random Forest,2023-10-31,40.85316897604192,-1.3877787807814457e-15,4.818879480323042,2.0816681711721685e-15,20,59.14683102395808
Sector neutral | Random Forest,2023-11-30,39.6311090225564,-2.0816681711721685e-15,4.55827067669173,1.734723475976807e-15,20,60.3688909774436
Sector neutral | Random Forest,2023-12-31,33.26867238452604,-1.734723475976807e-15,3.1698522514071295,2.0816681711721685e-15,20,66.73132761547396
Sector neutral | Random Forest,2024-01-31,31.450372690689587,-4.163336342344337e-15,4.475712227912931,2.42861286636753e-15,20,68.54962730931041
Sector neutral | Random Forest,2024-02-29,30.833973779385172,-6.2450045135165055e-15,4.591376582278481,2.7755575615628914e-15,20,69.16602622061482
Sector neutral | Random Forest,2024-03-31,36.51696384877697,0.0,4.635502031273061,1.3877787807814457e-15,20,63.48303615122304
Sector neutral | Random Forest,2024-04-30,29.86192882538513,-6.938893903907228e-16,3.0197515728106623,6.938893903907228e-16,20,70.13807117461486
Sector neutral | Random Forest,2024-05-31,40.832571090613214,3.469446951953614e-15,4.593584579554263,1.3877787807814457e-15,20,59.167428909386786
Sector neutral | Random Forest,2024-06-30,42.14002667668121,-1.3877787807814457e-15,6.7429034848033575,1.214306433183765e-15,20,57.85997332331879
Sector neutral | Random Forest,2024-07-31,58.69009506586183,0.0,13.62095731520693,1.3877787807814457e-15,20,41.30990493413817
Sector neutral | Random Forest,2024-08-31,62.16935181716,-2.7755575615628914e-15,14.691676678034712,2.0816681711721685e-15,20,37.83064818284
Sector neutral | Random Forest,2024-09-30,63.03416950558547,0.0,14.810551439510714,1.3877787807814457e-15,20,36.96583049441453
Sector neutral | Random Forest,2024-10-31,57.081841432225055,2.7755575615628914e-15,10.497332846181951,6.938893903907228e-16,20,42.918158567774945
Sector neutral | Random Forest,2024-11-30,47.361961155064606,1.3877787807814457e-15,8.728520840589807,1.3877787807814457e-15,20,52.638038844935394
Sector neutral | Random Forest,2024-12-31,52.37444934544233,-1.3877787807814457e-15,8.9834021617128,1.3877787807814457e-15,20,47.62555065455767
Sector neutral | Random Forest,2025-01-31,44.828916601299944,0.0,8.366602949644038,1.908195823574488e-15,20,55.17108339870005
Sector neutral | Random Forest,2025-02-28,59.57885611018854,0.0,13.762834706348432,1.3877787807814457e-15,20,40.42114388981146
Sector neutral | Random Forest,2025-03-31,64.26323277415244,2.7755575615628914e-15,16.01225399109663,1.3877787807814457e-15,20,35.73676722584756
Sector neutral | Random Forest,2025-04-30,62.74881490031714,-2.7755575615628914e-15,15.018481578190428,2.7755575615628914e-15,20,37.25118509968286
Sector neutral | Random Forest,2025-05-31,70.60168204912365,-2.7755575615628914e-15,16.208090416933572,2.7755575615628914e-15,20,29.39831795087635
Sector neutral | Random Forest,2025-06-30,46.35877512521456,-1.3877787807814457e-15,7.4031794009606795,1.3877787807814457e-15,20,53.64122487478544
Sector neutral | Random Forest,2025-07-31,39.80007829749259,2.7755575615628914e-15,5.185440875921627,1.3877787807814457e-15,20,60.19992170250741
Sector neutral | Random Forest,2025-08-31,46.199252052102814,2.7755575615628914e-15,6.276423794884797,2.0816681711721685e-15,20,53.800747947897186
Sector neutral | Random Forest,2025-09-30,39.60809040212416,6.938893903907228e-16,3.4442863227780856,1.0408340855860843e-15,20,60.39190959787584
Sector neutral | Random Forest,2025-10-31,39.09374802246939,-1.3877787807814457e-15,4.077533504741634,6.938893903907228e-16,20,60.906251977530616
Sector neutral | Random Forest,2025-11-30,50.945795824554686,2.7755575615628914e-15,6.921553068651326,2.42861286636753e-15,20,49.054204175445314
Sector neutral | Random Forest,2025-12-31,57.72592400833414,2.7755575615628914e-15,7.920456803349466,2.0816681711721685e-15,20,42.27407599166586
