signal,entry,exit,turnover_fraction,traded_value_usd,pre_trade_value_usd,post_trade_value_usd,cost_usd,borrow_usd,strategy
2023-01-31,2023-02-01,2023-03-01,0.9990009990009993,99900.09990009993,100000.0,99900.09990009991,99.90009990008548,0.0,Four-week equal factors
2023-02-28,2023-03-01,2023-03-29,0.30207189063787226,29213.14019026037,96709.23080122494,96680.01766103468,29.213140190258855,0.0,Four-week equal factors
2023-03-28,2023-03-29,2023-04-26,0.17476029983677588,17059.440579820577,97616.22402658898,97599.16458600917,17.05944057981833,0.0,Four-week equal factors
2023-04-25,2023-04-26,2023-05-24,0.15447818754751855,15443.04446838066,99969.09410676685,99953.65106229848,15.443044468367589,0.0,Four-week equal factors
2023-05-23,2023-05-24,2023-06-21,0.29313157252358524,29645.9113952599,101135.16991716955,101105.52400577429,29.645911395258736,0.0,Four-week equal factors
2023-06-20,2023-06-21,2023-07-19,0.2360334097502529,26071.050338391073,110454.91553918943,110428.84448885106,26.071050338374334,0.0,Four-week equal factors
2023-07-18,2023-07-19,2023-08-16,0.4173038363405962,46210.37689386811,110735.5669171275,110689.35654023362,46.21037689386867,0.0,Four-week equal factors
2023-08-15,2023-08-16,2023-09-13,0.27266145701525174,29500.385639981665,108194.19056479081,108164.69017915084,29.500385639970773,0.0,Four-week equal factors
2023-09-12,2023-09-13,2023-10-11,0.031733758659176076,3453.9271430994913,108840.7830977425,108837.3291705994,3.4539271430985536,0.0,Four-week equal factors
2023-10-10,2023-10-11,2023-11-08,0.15548583183807657,16349.512310862052,105151.13896607947,105134.78945376861,16.3495123108587,0.0,Four-week equal factors
2023-11-07,2023-11-08,2023-12-06,0.3169333906234591,33121.297548413015,104505.54762708367,104472.42632953526,33.12129754840862,0.0,Four-week equal factors
2023-12-05,2023-12-06,2024-01-03,0.171517536127696,18198.171137631878,106100.93608202961,106082.737910892,18.198171137613826,0.0,Four-week equal factors
2024-01-02,2024-01-03,2024-01-31,0.15438183271847078,16732.35169517312,108382.90620429462,108366.17385259946,16.732351695158286,0.0,Four-week equal factors
2024-01-30,2024-01-31,2024-02-28,0.057843987709646175,6473.9089662346705,111920.1704891288,111913.69658016256,6.473908966232557,0.0,Four-week equal factors
2024-02-27,2024-02-28,2024-03-27,0.0457034673041897,5360.039669830969,117278.62208256585,117273.26204289604,5.360039669816615,0.0,Four-week equal factors
2024-03-26,2024-03-27,2024-04-24,0.14882708433897376,17887.687557573106,120191.0770275623,120173.18934000476,17.887687557551544,0.0,Four-week equal factors
2024-04-23,2024-04-24,2024-05-22,0.16607507365411184,19331.908853215806,116404.63814261972,116385.30623376652,19.33190885320073,0.0,Four-week equal factors
2024-05-21,2024-05-22,2024-06-20,0.05617994242379909,6860.905249765714,122123.75011013326,122116.88920488351,6.860905249748612,0.0,Four-week equal factors
2024-06-18,2024-06-20,2024-07-17,0.2036493423074002,25490.15552110102,125166.89340751561,125141.40325199452,25.490155521096312,0.0,Four-week equal factors
2024-07-16,2024-07-17,2024-08-14,0.5606805727584634,72361.26611572522,129059.69928602797,128987.33801991225,72.36126611572399,0.0,Four-week equal factors
2024-08-13,2024-08-14,2024-09-11,0.17635984181250158,22461.64863865378,127362.60368465325,127340.14203601461,22.46164863863669,0.0,Four-week equal factors
2024-09-10,2024-09-11,2024-10-09,0.3039510629609422,39733.08882515404,130721.99333041896,130682.26024159382,39.73308882514539,0.0,Four-week equal factors
2024-10-08,2024-10-09,2024-11-06,0.06281343829927981,8494.890716835404,135240.02103436523,135231.52614364843,8.4948907168,0.0,Four-week equal factors
2024-11-05,2024-11-06,2024-12-04,0.2901312279130753,39604.211263341196,136504.47608902966,136464.87187776633,39.60421126332949,0.0,Four-week equal factors
2024-12-03,2024-12-04,2025-01-02,0.03947235296808163,5420.660370203268,137328.02740658898,137322.6067462188,5.420660370175028,0.0,Four-week equal factors
2024-12-31,2025-01-02,2025-01-29,0.14618957475839015,18851.383765715153,128951.6287113574,128932.7773275917,18.851383765708306,0.0,Four-week equal factors
2025-01-28,2025-01-29,2025-02-26,0.4389009696639721,57491.71319833574,130990.171296163,130932.67958296466,57.4917131983384,0.0,Four-week equal factors
2025-02-25,2025-02-26,2025-03-26,0.18243457137294575,24008.824827988978,131602.38570631674,131578.37688148877,24.008824827964418,0.0,Four-week equal factors
2025-03-25,2025-03-26,2025-04-23,0.4188160573104,52868.397727426374,126232.97699458466,126180.10859685726,52.868397727404954,0.0,Four-week equal factors
2025-04-22,2025-04-23,2025-05-21,0.19395889206558603,23700.617376430047,122194.02330064778,122170.32268327137,23.700617376409355,0.0,Four-week equal factors
2025-05-20,2025-05-21,2025-06-23,0.33966086050922367,44209.36335361215,130157.36722604111,130113.15786268751,44.20936335359875,0.0,Four-week equal factors
2025-06-17,2025-06-23,2025-07-16,0.04619800918801983,6073.780449717673,131472.77461671963,131466.70083626994,6.073780449689366,0.0,Four-week equal factors
2025-07-15,2025-07-16,2025-08-13,0.5720659995599021,78521.37267180176,137259.28954388003,137180.76817120827,78.52137267176295,0.0,Four-week equal factors
2025-08-12,2025-08-13,2025-09-10,0.4120316849559208,57422.68560793116,139364.73262747802,139307.3099418701,57.42268560791854,0.0,Four-week equal factors
2025-09-09,2025-09-10,2025-10-08,0.04641830949990504,6604.812305342495,142288.94538600135,142282.340573696,6.604812305333326,0.0,Four-week equal factors
2025-10-07,2025-10-08,2025-11-05,0.29766777167960295,43860.34902519602,147346.65018558156,147302.78983655636,43.86034902519896,0.0,Four-week equal factors
2025-11-04,2025-11-05,2025-12-03,0.1633460818913133,24048.55401059173,147224.55373366765,147200.50517965708,24.048554010572843,0.0,Four-week equal factors
2025-12-02,2025-12-03,2026-01-05,0.21720312574473952,32552.682114933996,149872.0702260538,149839.51754393888,32.55268211491057,0.0,Four-week equal factors
2025-12-30,2026-01-05,2026-01-28,0.42188519537451274,63945.80913764241,151571.5882868962,151507.64247775858,63.94580913762911,0.0,Four-week equal factors
2026-01-27,2026-01-28,2026-02-02,0.15507431443232786,24492.11460821222,157937.919621758,157913.4275071498,24.492114608176053,0.0,Four-week equal factors
2023-01-31,2023-02-01,2023-03-01,0.9990009990009995,99900.09990009994,100000.0,99900.09990009991,99.90009990008548,0.0,Monthly equal stocks
2023-02-28,2023-03-01,2023-04-03,0.03670764942811002,3501.1165344880455,95378.3908540588,95374.88973752433,3.5011165344767505,0.0,Monthly equal stocks
2023-03-31,2023-04-03,2023-05-01,0.04423281324985569,4496.39592453629,101652.9493418771,101648.45294595257,4.496395924536046,0.0,Monthly equal stocks
2023-04-30,2023-05-01,2023-06-01,0.027657319098491534,2857.322891323136,103311.63628505766,103308.77896216634,2.8573228913155617,0.0,Monthly equal stocks
2023-05-31,2023-06-01,2023-07-03,0.08524236427960531,8847.394266972027,103791.0473476721,103782.19995340513,8.847394266966148,0.0,Monthly equal stocks
2023-06-30,2023-07-03,2023-08-01,0.028869953922955414,3152.7689485074316,109205.88778635234,109202.73501740384,3.152768948493758,0.0,Monthly equal stocks
2023-07-31,2023-08-01,2023-09-01,0.03520142744854093,3900.53607869237,110806.19058401407,110802.29004793538,3.900536078683217,0.0,Monthly equal stocks
2023-08-31,2023-09-01,2023-10-02,0.030890776103966667,3405.1846301331825,110233.0552872035,110229.65010257339,3.4051846301154,0.0,Monthly equal stocks
2023-09-30,2023-10-02,2023-11-01,0.04181909508075158,4361.649126581297,104298.02744796527,104293.66579883869,4.361649126585689,0.0,Monthly equal stocks
2023-10-31,2023-11-01,2023-12-01,0.054747821681572065,5642.2133209622,103058.22492406762,103052.58271074668,5.642213320941664,0.0,Monthly equal stocks
2023-11-30,2023-12-01,2024-01-02,0.043816708491986246,4734.3304254727855,108048.51821169222,108043.78388126675,4.734330425475491,0.0,Monthly equal stocks
2023-12-31,2024-01-02,2024-02-01,0.035814119517696856,3983.109829188147,111216.1874374706,111212.2043276414,3.983109829190653,0.0,Monthly equal stocks
2024-01-31,2024-02-01,2024-03-01,0.055144038361637705,6387.594075511443,115834.7169574568,115828.32936338129,6.387594075509696,0.0,Monthly equal stocks
2024-02-29,2024-03-01,2024-04-01,0.05303993942246966,6313.106631797117,119025.52492589489,119019.21181926309,6.313106631801929,0.0,Monthly equal stocks
2024-03-31,2024-04-01,2024-05-01,0.041730344625618,5119.650821380299,122684.12512072516,122679.00546990379,5.119650821376126,0.0,Monthly equal stocks
2024-04-30,2024-05-01,2024-06-03,0.0355574908022488,4267.186950909262,120008.10109580027,120003.83390884937,4.267186950906762,0.0,Monthly equal stocks
2024-05-31,2024-06-03,2024-07-01,0.06396346037676245,8079.868918215254,126320.07196956816,126311.99210064995,8.079868918212014,0.0,Monthly equal stocks
2024-06-30,2024-07-01,2024-08-01,0.05017742758264751,6494.91605862986,129439.0001945008,129432.50527844217,6.494916058625677,0.0,Monthly equal stocks
2024-07-31,2024-08-01,2024-09-03,0.06042874061469149,7909.826408762702,130895.10600920349,130887.19618279472,7.909826408766094,0.0,Monthly equal stocks
2024-08-31,2024-09-03,2024-10-01,0.03318690709587676,4419.620211367596,133173.60965875315,133169.1900385418,4.419620211352594,0.0,Monthly equal stocks
2024-09-30,2024-10-01,2024-11-01,0.042846182984566425,5949.020528956189,138845.98614301486,138840.03712248593,5.949020528933033,0.0,Monthly equal stocks
2024-10-31,2024-11-01,2024-12-02,0.0404109674374572,5528.4389372677115,136805.40922025449,136799.88078131725,5.528438937239116,0.0,Monthly equal stocks
2024-11-30,2024-12-02,2025-01-02,0.04324304752696214,6152.592209062657,142279.3387821823,142273.18618997326,6.152592209051363,0.0,Monthly equal stocks
2024-12-31,2025-01-02,2025-02-03,0.04140498255647351,5626.336017278443,135885.48213018838,135879.8557941711,5.626336017274298,0.0,Monthly equal stocks
2025-01-31,2025-02-03,2025-03-03,0.03936544645603345,5414.444590868939,137543.0759286887,137537.66148409783,5.414444590860512,0.0,Monthly equal stocks
2025-02-28,2025-03-03,2025-04-01,0.05107738914981011,7022.7781960461325,137492.89681679514,137485.87403859908,7.022778196056606,0.0,Monthly equal stocks
2025-03-31,2025-04-01,2025-05-01,0.04805837387011803,6430.228671414588,133800.37969642595,133793.94946775457,6.4302286713791545,0.0,Monthly equal stocks
2025-04-30,2025-05-01,2025-06-02,0.0500914930393032,6563.950871122568,131039.23386696233,131032.66991609122,6.563950871102861,0.0,Monthly equal stocks
2025-05-31,2025-06-02,2025-07-01,0.05440305653501174,7421.874749245897,136423.85597341318,136416.43409866397,7.421874749212293,0.0,Monthly equal stocks
2025-06-30,2025-07-01,2025-08-01,0.051182647648078075,7308.979662854642,142801.90648029317,142794.5975006303,7.308979662862839,0.0,Monthly equal stocks
2025-07-31,2025-08-01,2025-09-02,0.0482413815244074,6967.062610862694,144420.8766562325,144413.90959362162,6.967062610870926,0.0,Monthly equal stocks
2025-08-31,2025-09-02,2025-10-01,0.04655512824993873,6891.932732007549,148038.10001353867,148031.20808080665,6.8919327320181765,0.0,Monthly equal stocks
2025-09-30,2025-10-01,2025-11-03,0.0564975742299705,8672.516324585944,153502.4546237137,153493.78210738912,8.672516324586468,0.0,Monthly equal stocks
2025-10-31,2025-11-03,2025-12-01,0.05272628733932655,8152.906496146344,154626.9784496167,154618.82554312056,8.152906496135984,0.0,Monthly equal stocks
2025-11-30,2025-12-01,2026-01-05,0.06505891442549748,10069.347969402861,154772.76339945424,154762.69405148487,10.069347969372757,0.0,Monthly equal stocks
2025-12-31,2026-01-05,2026-02-02,0.04014880604543528,6210.590052566626,154689.2837993308,154683.07320927823,6.21059005256393,0.0,Monthly equal stocks
2023-01-31,2023-02-01,2023-03-01,0.9990009990009993,99900.09990009993,100000.0,99900.09990009991,99.90009990008548,0.0,Long only | Equal factors
2023-02-28,2023-03-01,2023-04-03,0.3020718906378722,29213.14019026036,96709.23080122494,96680.01766103468,29.213140190258855,0.0,Long only | Equal factors
2023-03-31,2023-04-03,2023-05-01,0.17768531409297916,17986.493588074096,101226.67525951033,101208.68876592227,17.98649358806142,0.0,Long only | Equal factors
2023-04-30,2023-05-01,2023-06-01,0.1545520515946746,15804.356781370687,102259.1199424444,102243.31558566305,15.804356781358365,0.0,Long only | Equal factors
2023-05-31,2023-06-01,2023-07-03,0.23176332807533362,24367.300939863668,105138.72553617795,105114.35823523809,24.367300939862616,0.0,Long only | Equal factors
2023-06-30,2023-07-03,2023-08-01,0.29408238441926965,32346.99811838734,109992.9809881799,109960.63399006153,32.34699811837345,0.0,Long only | Equal factors
2023-07-31,2023-08-01,2023-09-01,0.4433582339683905,49880.22322687183,112505.46263775506,112455.58241452818,49.880223226879025,0.0,Long only | Equal factors
2023-08-31,2023-09-01,2023-10-02,0.14674945885887825,16700.64633691422,113803.80184552784,113787.10119919092,16.700646336918,0.0,Long only | Equal factors
2023-09-30,2023-10-02,2023-11-01,0.15540333411941343,16727.808412218994,107641.24532466712,107624.51751625491,16.727808412208105,0.0,Long only | Equal factors
2023-10-31,2023-11-01,2023-12-01,0.19503543087364178,20326.520384166928,104219.62970069748,104199.30318031332,20.326520384158357,0.0,Long only | Equal factors
2023-11-30,2023-12-01,2024-01-02,0.4387789355116788,47902.939540181585,109173.28901470607,109125.38607516588,47.90293954018853,0.0,Long only | Equal factors
2023-12-31,2024-01-02,2024-02-01,0.1553353563138992,17233.808102936935,110945.81756461892,110928.58375651599,17.233808102930197,0.0,Long only | Equal factors
2024-01-31,2024-02-01,2024-03-01,0.06523550796260012,7597.690245499328,116465.56427298958,116457.96658274409,7.597690245485865,0.0,Long only | Equal factors
2024-02-29,2024-03-01,2024-04-01,0.053096942967040484,6404.961045974372,120627.68001446339,120621.27505341743,6.404961045962409,0.0,Long only | Equal factors
2024-03-31,2024-04-01,2024-05-01,0.15470638725917674,18945.157096658226,122458.7906956922,122439.84553859555,18.945157096648472,0.0,Long only | Equal factors
2024-04-30,2024-05-01,2024-06-03,0.16583326889854427,19600.662158942432,118194.99361695626,118175.39295479731,19.60066215894767,0.0,Long only | Equal factors
2024-05-31,2024-06-03,2024-07-01,0.201980352191343,25125.592825900687,124396.22247068043,124371.09687785452,25.125592825905187,0.0,Long only | Equal factors
2024-06-30,2024-07-01,2024-08-01,0.5560752414453786,70830.17285725246,127375.16001098543,127304.32983812818,70.83017285725509,0.0,Long only | Equal factors
2024-07-31,2024-08-01,2024-09-03,0.32201087079928775,41719.140621667524,129558.17459861918,129516.45545799751,41.71914062167343,0.0,Long only | Equal factors
2024-08-31,2024-09-03,2024-10-01,0.16002638494018648,21045.675979569118,131513.7874759554,131492.74179997586,21.045675979548832,0.0,Long only | Equal factors
2024-09-30,2024-10-01,2024-11-01,0.1655024497163926,22594.65742973654,136521.58906683902,136498.9944094093,22.594657429726794,0.0,Long only | Equal factors
2024-10-31,2024-11-01,2024-12-02,0.17461110992888126,23760.936600665507,136079.1796715758,136055.41873497516,23.760936600650894,0.0,Long only | Equal factors
2024-11-30,2024-12-02,2025-01-02,0.16326809043900156,22900.054745922673,140260.44332574797,140237.54327100207,22.90005474589998,0.0,Long only | Equal factors
2024-12-31,2025-01-02,2025-02-03,0.15297371325855882,20187.42626584607,131966.63554688595,131946.4481206201,20.18742626585299,0.0,Long only | Equal factors
2025-01-31,2025-02-03,2025-03-03,0.3170581000353696,42046.39135024518,132614.15288098514,132572.1064896349,42.04639135024627,0.0,Long only | Equal factors
2025-02-28,2025-03-03,2025-04-01,0.30823799371941557,41102.49608259122,133346.62475128294,133305.52225520037,41.10249608257436,0.0,Long only | Equal factors
2025-03-31,2025-04-01,2025-05-01,0.3028337654595548,39428.87413867367,130199.72881438686,130160.2999402482,39.428874138669926,0.0,Long only | Equal factors
2025-04-30,2025-05-01,2025-06-02,0.06073921685226757,7758.638262000564,127736.88341868887,127729.12478042688,7.758638261992019,0.0,Long only | Equal factors
2025-05-31,2025-06-02,2025-07-01,0.17237179563105706,22852.335636862335,132575.84022490116,132552.9878892643,22.85233563685324,0.0,Long only | Equal factors
2025-06-30,2025-07-01,2025-08-01,0.4401100808026853,59668.53011451351,135576.37672304243,135516.70819292794,59.66853011448984,0.0,Long only | Equal factors
2025-07-31,2025-08-01,2025-09-02,0.4123043797391966,56548.32003962303,137151.87812313007,137095.32980309048,56.548320039582904,0.0,Long only | Equal factors
2025-08-31,2025-09-02,2025-10-01,0.17343191046396303,24030.47964885868,138558.5823541505,138534.5518745017,24.03047964881989,0.0,Long only | Equal factors
2025-09-30,2025-10-01,2025-11-03,0.32495383753171125,48184.67546501203,148281.60156843765,148233.41689297266,48.184675464988686,0.0,Long only | Equal factors
2025-10-31,2025-11-03,2025-12-01,0.18920200419185856,28125.77335845011,148654.73269474157,148626.60692138312,28.125773358449806,0.0,Long only | Equal factors
2025-11-30,2025-12-01,2026-01-05,0.22639132960424405,33974.27817216672,150068.81328696353,150034.83900879137,33.97427817215794,0.0,Long only | Equal factors
2025-12-31,2026-01-05,2026-02-02,0.42331096870853263,64477.11814421299,152316.19993435178,152251.72281620756,64.47711814421928,0.0,Long only | Equal factors
2023-01-31,2023-02-01,2023-03-01,0.9990009990009991,99900.09990009991,100000.0,99900.09990009991,99.90009990008548,0.0,Long only | Random Forest
2023-02-28,2023-03-01,2023-04-03,0.45106521558838647,43743.30012725902,96977.7730925197,96934.02979239245,43.743300127243856,0.0,Long only | Random Forest
2023-03-31,2023-04-03,2023-05-01,0.4025253686815194,41442.630280597055,102956.56747385461,102915.12484357401,41.44263028059504,0.0,Long only | Random Forest
2023-04-30,2023-05-01,2023-06-01,0.5676134939582381,58698.54086959716,103412.87071994077,103354.17217907117,58.69854086959094,0.0,Long only | Random Forest
2023-05-31,2023-06-01,2023-07-03,0.6188406599737243,66810.38714933248,107960.56476342266,107893.75437627334,66.8103871493222,0.0,Long only | Random Forest
2023-06-30,2023-07-03,2023-08-01,0.469844618087705,53104.68426407863,113026.05631669846,112972.95163243439,53.10468426407897,0.0,Long only | Random Forest
2023-07-31,2023-08-01,2023-09-01,0.5427376991183566,62699.330093727636,115524.1845104528,115461.48518035907,62.69933009373199,0.0,Long only | Random Forest
2023-08-31,2023-09-01,2023-10-02,0.24906793028392335,28947.21125458728,116222.15361724449,116193.20640598991,28.94721125457727,0.0,Long only | Random Forest
2023-09-30,2023-10-02,2023-11-01,0.2879746858828211,31641.677556458537,109876.59369939813,109844.95202184169,31.641677556443028,0.0,Long only | Random Forest
2023-10-31,2023-11-01,2023-12-01,0.1387870374522135,14918.876008205589,107494.73641111754,107479.81753510935,14.918876008188818,0.0,Long only | Random Forest
2023-11-30,2023-12-01,2024-01-02,0.3545983220261588,39979.84810710623,112746.86207950217,112706.88223139508,39.97984810709022,0.0,Long only | Random Forest
2023-12-31,2024-01-02,2024-02-01,0.14367885581878875,16442.09769557937,114436.44648949975,114420.00439180419,16.442097695558914,0.0,Long only | Random Forest
2024-01-31,2024-02-01,2024-03-01,0.06518816223452766,7823.5154284677965,120014.35782651935,120006.53431109089,7.823515428462997,0.0,Long only | Random Forest
2024-02-29,2024-03-01,2024-04-01,0.45674051813630956,56332.48098272546,123335.85207764203,123279.51959665932,56.33248098271724,0.0,Long only | Random Forest
2024-03-31,2024-04-01,2024-05-01,0.6847917822260953,86104.24455466022,125737.84731288071,125651.74306832606,86.10424455464818,0.0,Long only | Random Forest
2024-04-30,2024-05-01,2024-06-03,0.674932725753211,81547.3738617072,120822.96612703438,120741.41875317268,81.54737386170018,0.0,Long only | Random Forest
2024-05-31,2024-06-03,2024-07-01,0.6668568847286802,83486.20187260855,125193.58168818495,125110.09548631235,83.48620187259803,0.0,Long only | Random Forest
2024-06-30,2024-07-01,2024-08-01,0.4250224312426654,54869.47367473789,129097.83023524778,129042.96076157305,54.86947367472749,0.0,Long only | Random Forest
2024-07-31,2024-08-01,2024-09-03,0.37979492772381457,49210.80286254356,129572.03814562123,129522.82734275871,49.21080286252254,0.0,Long only | Random Forest
2024-08-31,2024-09-03,2024-10-01,0.22738567232890278,29971.710650665445,131810.02278504497,131780.05107439432,29.97171065065777,0.0,Long only | Random Forest
2024-09-30,2024-10-01,2024-11-01,0.22971886157306062,31394.902380506956,136666.62878930385,136635.23388692335,31.39490238050348,0.0,Long only | Random Forest
2024-10-31,2024-11-01,2024-12-02,0.2449631588655754,33500.25320820452,136756.29169440916,136722.79144120094,33.50025320821442,0.0,Long only | Random Forest
2024-11-30,2024-12-02,2025-01-02,0.22987622500280772,32598.54839239768,141809.1339893872,141776.53544099483,32.59854839235777,0.0,Long only | Random Forest
2024-12-31,2025-01-02,2025-02-03,0.21986466513108907,29421.9528697851,133818.46897609928,133789.04702322953,29.42195286974311,0.0,Long only | Random Forest
2025-01-31,2025-02-03,2025-03-03,0.45822201699983856,61644.667105719716,134530.12910495183,134468.4844378461,61.644667105720146,0.0,Long only | Random Forest
2025-02-28,2025-03-03,2025-04-01,0.43901181795150523,59005.07364921064,134404.29445507214,134345.28938142298,59.00507364916848,0.0,Long only | Random Forest
2025-03-31,2025-04-01,2025-05-01,0.7379683184804893,95489.08056916084,129394.55282548883,129299.0637449197,95.48908056913933,0.0,Long only | Random Forest
2025-04-30,2025-05-01,2025-06-02,0.0656124381698667,8190.46914756406,124831.04386944779,124822.85340030023,8.190469147564727,0.0,Long only | Random Forest
2025-05-31,2025-06-02,2025-07-01,0.5044877476018496,65454.11405673083,129743.71403047105,129678.25991641433,65.45411405671621,0.0,Long only | Random Forest
2025-06-30,2025-07-01,2025-08-01,0.4007182084765588,53081.1056780151,132464.92062294253,132411.8395172645,53.08110567802214,0.0,Long only | Random Forest
2025-07-31,2025-08-01,2025-09-02,0.3642738284349375,49005.337369154666,134528.84490686777,134479.8395694986,49.00533736916259,0.0,Long only | Random Forest
2025-08-31,2025-09-02,2025-10-01,0.2519908114465616,34187.77375550693,135670.71576638403,135636.52799262851,34.18777375551872,0.0,Long only | Random Forest
2025-09-30,2025-10-01,2025-11-03,0.3624867989042519,52111.791097999056,143761.9004485843,143709.78865748632,52.11179109796649,0.0,Long only | Random Forest
2025-10-31,2025-11-03,2025-12-01,0.17698964900083378,25620.995895008906,144759.85482568084,144734.23382978584,25.620995895005763,0.0,Long only | Random Forest
2025-11-30,2025-12-01,2026-01-05,0.5613874398034683,81901.79017689855,145891.7395899896,145809.83779981273,81.90179017686751,0.0,Long only | Random Forest
2025-12-31,2026-01-05,2026-02-02,0.507262661757735,75380.66566159019,148602.82718303334,148527.44651737175,75.3806656615925,0.0,Long only | Random Forest
2023-01-31,2023-02-01,2023-03-01,0.5996402158704778,59964.02158704778,100000.0,99940.03597841295,59.96402158704586,67.5767154632661,Long-short | Equal factors
2023-02-28,2023-03-01,2023-04-03,0.2843801278983639,28623.895326922215,100653.64109109712,100625.0171957702,28.62389532692032,85.05826509129993,Long-short | Equal factors
2023-03-31,2023-04-03,2023-05-01,0.24576906993364153,24129.458429325365,98179.39432264767,98155.26486421836,24.129458429306396,60.94214851429825,Long-short | Equal factors
2023-04-30,2023-05-01,2023-06-01,0.14247240635430355,13997.325771894399,98245.87181524496,98231.87448947306,13.997325771895703,76.8701688229494,Long-short | Equal factors
2023-05-31,2023-06-01,2023-07-03,0.1823735376877998,17774.951626349168,97464.53269321131,97446.75774158497,17.774951626342954,78.96571795250061,Long-short | Equal factors
2023-06-30,2023-07-03,2023-08-01,0.4279576426891541,41644.60553875579,97310.11059195931,97268.46598642058,41.64460553873505,77.82706798417279,Long-short | Equal factors
2023-07-31,2023-08-01,2023-09-01,0.28464029636834914,27751.17281529418,97495.58713001676,97467.83595720149,27.751172815274913,82.31457066241158,Long-short | Equal factors
2023-08-31,2023-09-01,2023-10-02,0.14916489077586106,14657.26688614166,98262.1769097531,98247.51964286697,14.657266886133584,75.44202143260526,Long-short | Equal factors
2023-09-30,2023-10-02,2023-11-01,0.15537144528059066,15205.997029062892,97868.67208193794,97853.4660849089,15.20599702904292,80.22298735706723,Long-short | Equal factors
2023-10-31,2023-11-01,2023-12-01,0.17546367049689993,16822.02062018132,95871.81535951358,95854.9933388934,16.82202062018041,80.28915633082134,Long-short | Equal factors
2023-11-30,2023-12-01,2024-01-02,0.23392938728509236,22444.732839926968,95946.61491834423,95924.1701855043,22.444732839925564,77.6643547094699,Long-short | Equal factors
2023-12-31,2024-01-02,2024-02-01,0.15956101398591443,15189.534873303404,95195.77805292896,95180.58851805565,15.18953487330873,63.034955253275385,Long-short | Equal factors
2024-01-31,2024-02-01,2024-03-01,0.0912849492734197,8687.946518039684,95173.92064290094,95165.23269638291,8.687946518024546,53.241954580129075,Long-short | Equal factors
2024-02-29,2024-03-01,2024-04-01,0.08788263452677789,8290.810400611841,94339.57510781754,94331.28429741695,8.290810400590999,57.38979991033683,Long-short | Equal factors
2024-03-31,2024-04-01,2024-05-01,0.14466532665984116,13519.808326790208,93455.7619226894,93442.24211436263,13.519808326775092,61.46611906253878,Long-short | Equal factors
2024-04-30,2024-05-01,2024-06-03,0.14689718556636122,13544.339121307905,92202.84969441577,92189.30535529446,13.544339121304802,61.446577663848394,Long-short | Equal factors
2024-05-31,2024-06-03,2024-07-01,0.23177824763627566,21129.363323077327,91161.97718534466,91140.84782202158,21.129363323081634,42.4716482650612,Long-short | Equal factors
2024-06-30,2024-07-01,2024-08-01,0.5387902370269865,49078.30452665567,91089.81780640075,91040.73950187411,49.07830452664348,69.8178212678849,Long-short | Equal factors
2024-07-31,2024-08-01,2024-09-03,0.2949713355560747,27202.7662735046,92221.727993408,92194.5252271345,27.202766273505404,57.14700045376015,Long-short | Equal factors
2024-08-31,2024-09-03,2024-10-01,0.14923021074656323,13833.343827778866,92698.01174020956,92684.17839638179,13.833343827776844,58.278733044402266,Long-short | Equal factors
2024-09-30,2024-10-01,2024-11-01,0.08411484662529206,7850.411897860891,93329.68212891434,93321.8317170165,7.850411897845333,62.92745045219907,Long-short | Equal factors
2024-10-31,2024-11-01,2024-12-02,0.15898391169898793,14820.804354186248,93222.03860631639,93207.21780196222,14.820804354167194,70.21655998449751,Long-short | Equal factors
2024-11-30,2024-12-02,2025-01-02,0.22425666238031308,21018.23497829293,93724.01584506087,93702.99761008259,21.018234978284454,80.62363572968914,Long-short | Equal factors
2024-12-31,2025-01-02,2025-02-03,0.14617535930407574,13359.199363291918,91391.59586741259,91378.2366680493,13.359199363287189,72.65599329742828,Long-short | Equal factors
2025-01-31,2025-02-03,2025-03-03,0.15738231941657374,14236.904310360003,90460.63346338466,90446.39655907432,14.236904310339014,52.807076743983615,Long-short | Equal factors
2025-02-28,2025-03-03,2025-04-01,0.15731774208123284,14381.348744668781,91415.93665413024,91401.55530538558,14.3813487446605,56.70268831793479,Long-short | Equal factors
2025-03-31,2025-04-01,2025-05-01,0.3559844909123532,32961.15935671543,92591.56002060433,92558.59886124762,32.961159356709686,64.25062894421899,Long-short | Equal factors
2025-04-30,2025-05-01,2025-06-02,0.02504946134033115,2307.922681828637,92134.6231949803,92132.3152722985,2.3079226818081224,71.87531486874586,Long-short | Equal factors
2025-05-31,2025-06-02,2025-07-01,0.22712081110472707,20964.75541874997,92306.62446464656,92285.65970922782,20.964755418739514,67.3590336577603,Long-short | Equal factors
2025-06-30,2025-07-01,2025-08-01,0.5707353207932079,52058.16354281613,91212.44409837067,91160.38593482788,52.05816354279523,55.11648928309443,Long-short | Equal factors
2025-07-31,2025-08-01,2025-09-02,0.4127523778775798,37596.22843644291,91086.64286749125,91049.04663905481,37.59622843643592,57.91861003868518,Long-short | Equal factors
2025-08-31,2025-09-02,2025-10-01,0.22408413339923064,20227.74002071967,90268.50635909021,90248.27861906949,20.227740020724013,50.77148840854299,Long-short | Equal factors
2025-09-30,2025-10-01,2025-11-03,0.2882354168933862,26419.140084792412,91658.20206808395,91631.78292799916,26.41914008479216,49.83844312407164,Long-short | Equal factors
2025-10-31,2025-11-03,2025-12-01,0.34532304094124433,31705.865175939856,91815.08737302737,91783.38150785145,31.70586517592892,54.63625783018777,Long-short | Equal factors
2025-11-30,2025-12-01,2026-01-05,0.2906739875295711,26977.978220678626,92811.80765421632,92784.82967599566,26.97797822066059,96.32790042787519,Long-short | Equal factors
2025-12-31,2026-01-05,2026-02-02,0.2861206188127396,26804.169208054976,93681.36179517278,93654.55762596472,26.804169208058738,82.53923427996362,Long-short | Equal factors
2023-01-31,2023-02-01,2023-03-01,0.719481972979455,71948.1972979455,100000.0,99928.05180270207,71.94819729792653,81.9328927073024,Long-short | Random Forest
2023-02-28,2023-03-01,2023-04-03,0.41464457828999496,41600.59627943195,100328.32564938843,100286.725053109,41.60059627942974,102.52230721626145,Long-short | Random Forest
2023-03-31,2023-04-03,2023-05-01,0.2503939171137145,24243.786844878552,96822.58708332926,96798.34329648438,24.243786844876013,74.08426738995823,Long-short | Random Forest
2023-04-30,2023-05-01,2023-06-01,0.5352266492878887,51624.76188112601,96454.01989944262,96402.39513756149,51.624761881132144,89.3693127315314,Long-short | Random Forest
2023-05-31,2023-06-01,2023-07-03,0.1850621565293785,17994.371206072065,97234.2025162528,97216.20814504672,17.99437120607763,94.555007501108,Long-short | Random Forest
2023-06-30,2023-07-03,2023-08-01,0.7059693625136441,68316.42918991647,96769.67984371437,96701.36341452447,68.3164291899011,83.6258298668936,Long-short | Random Forest
2023-07-31,2023-08-01,2023-09-01,0.25988570137967626,25166.990285772656,96838.68774683107,96813.5207565453,25.166990285768406,82.9912309610127,Long-short | Random Forest
2023-08-31,2023-09-01,2023-10-02,0.4870724940365653,47769.05448988073,98073.80846739958,98026.03941290971,47.769054489865084,92.40463353503213,Long-short | Random Forest
2023-09-30,2023-10-02,2023-11-01,0.2427005368195458,23622.01163960027,97329.86976111987,97306.24774948027,23.622011639599805,92.91898704179758,Long-short | Random Forest
2023-10-31,2023-11-01,2023-12-01,0.677288167805944,64308.53719843555,94950.03789415257,94885.72935695414,64.30853719843435,81.18280882323208,Long-short | Random Forest
2023-11-30,2023-12-01,2024-01-02,0.27632732623288425,26381.195750687693,95470.81756385557,95444.43636810489,26.381195750684128,82.05600048546717,Long-short | Random Forest
2023-12-31,2024-01-02,2024-02-01,0.22451868737211095,21124.857357263998,94089.5281569692,94068.40329961193,21.124857357266592,62.34021612578222,Long-short | Random Forest
2024-01-31,2024-02-01,2024-03-01,0.12580900826553668,12052.713872018174,95801.67619300612,95789.62347913411,12.05271387200628,56.65814782817883,Long-short | Random Forest
2024-02-29,2024-03-01,2024-04-01,0.1263568587670659,12181.203789591433,96403.18624924842,96391.00504545885,12.181203789572464,63.5180010554768,Long-short | Random Forest
2024-03-31,2024-04-01,2024-05-01,0.4523859515178193,42939.12613080071,94917.01938739217,94874.08026126138,42.9391261307901,76.80485032723746,Long-short | Random Forest
2024-04-30,2024-05-01,2024-06-03,0.4639120779108979,43422.64358832631,93601.01979639848,93557.59715281017,43.42264358831744,63.17920931863737,Long-short | Random Forest
2024-05-31,2024-06-03,2024-07-01,0.4319109269234025,40588.2793370273,93973.72654159651,93933.13826225948,40.5882793370256,38.706702839058195,Long-short | Random Forest
2024-06-30,2024-07-01,2024-08-01,0.4911286114606061,46469.93595909659,94618.66988546235,94572.19994950327,46.469935959088616,65.68465789911751,Long-short | Random Forest
2024-07-31,2024-08-01,2024-09-03,0.5799040325651071,54815.308708702185,94524.79312177906,94469.97781307038,54.815308708683006,83.60737975189409,Long-short | Random Forest
2024-08-31,2024-09-03,2024-10-01,0.45955165400601716,43567.78135251648,94804.97126433153,94761.40348297902,43.56778135251079,62.15473620991966,Long-short | Random Forest
2024-09-30,2024-10-01,2024-11-01,0.4846358119760267,46221.90774354632,95374.51959046056,95328.29768271704,46.2219077435293,84.42406841792886,Long-short | Random Forest
2024-10-31,2024-11-01,2024-12-02,0.23745903764222373,22605.827174101814,95198.84944603247,95176.24361885837,22.605827174105798,84.39288588865257,Long-short | Random Forest
2024-11-30,2024-12-02,2025-01-02,0.2656221663104073,25302.79775224871,95258.60775745552,95233.3049597033,25.3027977522288,95.91799372195088,Long-short | Random Forest
2024-12-31,2025-01-02,2025-02-03,0.514217799775065,47815.81622077931,92987.47776077656,92939.66194455579,47.81581622076919,73.7552689533793,Long-short | Random Forest
2025-01-31,2025-02-03,2025-03-03,0.47300649742922646,43541.630922899756,92052.9235000935,92009.38186917061,43.54163092288945,71.3397290436017,Long-short | Random Forest
2025-02-28,2025-03-03,2025-04-01,0.28488085946997543,26648.835487819808,93543.79068288517,93517.14184739735,26.648835487823817,75.60898221522207,Long-short | Random Forest
2025-03-31,2025-04-01,2025-05-01,0.2354732290934987,22515.463266763363,95617.93225260105,95595.4167893343,22.515463266754523,82.58427971875903,Long-short | Random Forest
2025-04-30,2025-05-01,2025-06-02,0.47287338675734214,44606.68291829934,94331.13422640029,94286.52754348199,44.60668291829643,81.30842995063891,Long-short | Random Forest
2025-05-31,2025-06-02,2025-07-01,0.330108274765766,31216.7946612467,94565.32007080741,94534.10327614617,31.21679466124624,72.20938613535459,Long-short | Random Forest
2025-06-30,2025-07-01,2025-08-01,0.475857444958938,44109.387078278865,92694.540235858,92650.43084877974,44.10938707826426,60.4602262433221,Long-short | Random Forest
2025-07-31,2025-08-01,2025-09-02,0.547105240841796,50832.267201942275,92911.31469281833,92860.48242561638,50.83226720194216,68.51074049377272,Long-short | Random Forest
2025-08-31,2025-09-02,2025-10-01,0.5648766220023229,51366.35041218825,90933.75156881075,90882.38521839856,51.36635041219415,68.60130978369943,Long-short | Random Forest
2025-09-30,2025-10-01,2025-11-03,0.6202141578652772,57270.52922623979,92339.92565303562,92282.65512380938,57.27052922623989,59.70688800503132,Long-short | Random Forest
2025-10-31,2025-11-03,2025-12-01,0.40199064257221645,37431.64217061261,93115.70520920304,93078.27356703242,37.431642170617124,67.33915759259807,Long-short | Random Forest
2025-11-30,2025-12-01,2026-01-05,0.6118667953366581,56631.71315488383,92555.62417588657,92498.9924627317,56.63171315487125,104.7528809198079,Long-short | Random Forest
2025-12-31,2026-01-05,2026-02-02,0.5466643379880589,50977.04429920546,93251.08802015723,93200.11097585803,50.977044299201225,87.86048520040293,Long-short | Random Forest
2023-01-31,2023-02-01,2023-03-01,0.553027324880233,55302.7324880233,100000.0,99944.69726751198,55.30273248802405,62.17765315253592,Ranked long-short | Equal factors
2023-02-28,2023-03-01,2023-04-03,0.18409790826571704,18493.984832357866,100457.3327670005,100438.83878216814,18.493984832355636,78.75856800035281,Ranked long-short | Equal factors
2023-03-31,2023-04-03,2023-05-01,0.2240637396401689,22059.133265936525,98450.25929390446,98428.20016063852,22.059133265938726,58.00484357295189,Ranked long-short | Equal factors
2023-04-30,2023-05-01,2023-06-01,0.23003602917167013,22676.4817819512,98577.95695572674,98555.28047394479,22.676481781949406,59.40898271970999,Ranked long-short | Equal factors
2023-05-31,2023-06-01,2023-07-03,0.21373692266931565,20940.55709140463,97973.51262422233,97952.57206713094,20.94055709139502,55.123396878093516,Ranked long-short | Equal factors
2023-06-30,2023-07-03,2023-08-01,0.19418165252342423,18957.270301874243,97626.47529012772,97607.51801982586,18.9572703018639,56.188626600671924,Ranked long-short | Equal factors
2023-07-31,2023-08-01,2023-09-01,0.16072619143831748,15665.153940316279,97464.84876006134,97449.18360612105,15.665153940295568,63.45560864892755,Ranked long-short | Equal factors
2023-08-31,2023-09-01,2023-10-02,0.09950316187234595,9719.99800291246,97685.3179337395,97675.59793573659,9.71999800291087,61.549257560136475,Ranked long-short | Equal factors
2023-09-30,2023-10-02,2023-11-01,0.10921936600068295,10633.305072223542,97357.32280442877,97346.68949935655,10.6333050722169,59.55354773251483,Ranked long-short | Equal factors
2023-10-31,2023-11-01,2023-12-01,0.13491153254397975,12921.46555987362,95777.32397088705,95764.40250532719,12.921465559862554,48.82351401873942,Ranked long-short | Equal factors
2023-11-30,2023-12-01,2024-01-02,0.12169351026910223,11642.781562421053,95672.98647787576,95661.34369631336,11.642781562404707,52.83653137255805,Ranked long-short | Equal factors
2023-12-31,2024-01-02,2024-02-01,0.1328615718608825,12620.399788341376,94989.08985930124,94976.46945951291,12.620399788327632,44.7389206666241,Ranked long-short | Equal factors
2024-01-31,2024-02-01,2024-03-01,0.0743885084169069,7069.983387803363,95041.33821557455,95034.26823218676,7.069983387787943,43.0117766456249,Ranked long-short | Equal factors
2024-02-29,2024-03-01,2024-04-01,0.07310148908378136,6916.338895009436,94612.83185466501,94605.91551577,6.916338895010995,45.86918410704019,Ranked long-short | Equal factors
2024-03-31,2024-04-01,2024-05-01,0.09345115855588758,8785.736026620474,94014.20124038642,94005.41550435981,8.785736026606173,48.1660716597012,Ranked long-short | Equal factors
2024-04-30,2024-05-01,2024-06-03,0.1172969197287934,10927.15811260341,93158.09944428636,93147.17228617377,10.927158112594043,49.91001584942955,Ranked long-short | Equal factors
2024-05-31,2024-06-03,2024-07-01,0.1679069913301753,15540.402452644146,92553.63537593989,92538.09497348726,15.540402452636044,40.705086395782196,Ranked long-short | Equal factors
2024-06-30,2024-07-01,2024-08-01,0.46342364629807087,42676.56249961126,92089.73870997077,92047.06214747118,42.676562499589636,54.698015072159926,Ranked long-short | Equal factors
2024-07-31,2024-08-01,2024-09-03,0.2115794868263869,19677.904794529237,93004.78552855215,92985.10762375762,19.67790479453106,50.08594168187237,Ranked long-short | Equal factors
2024-08-31,2024-09-03,2024-10-01,0.24824684952139572,23175.243115958532,93355.63839234592,93332.46314922997,23.1752431159548,56.98196040752714,Ranked long-short | Equal factors
2024-09-30,2024-10-01,2024-11-01,0.07587414574040771,7074.447643406585,93239.23945859993,93232.16501095652,7.07444764340471,61.12763847518169,Ranked long-short | Equal factors
2024-10-31,2024-11-01,2024-12-02,0.15838718107224942,14816.856621831168,93548.33214104844,93533.5152844266,14.81685662183736,60.93535474343872,Ranked long-short | Equal factors
2024-11-30,2024-12-02,2025-01-02,0.106201508164693,9954.779418905931,93734.82157587125,93724.86679645235,9.954779418898397,60.13576734223902,Ranked long-short | Equal factors
2024-12-31,2025-01-02,2025-02-03,0.08392851412315744,7756.522087528962,92418.19861301218,92410.44209092465,7.756522087525809,61.10866441602677,Ranked long-short | Equal factors
2025-01-31,2025-02-03,2025-03-03,0.16049523769680032,14713.780128310056,91677.36276453637,91662.64898440806,14.713780128309736,48.07766651620219,Ranked long-short | Equal factors
2025-02-28,2025-03-03,2025-04-01,0.1163103985665642,10782.414044026253,92703.78381392529,92693.00139988126,10.782414044020697,49.290514453506105,Ranked long-short | Equal factors
2025-03-31,2025-04-01,2025-05-01,0.2059601488169805,19227.49318346288,93355.4053728556,93336.17787967215,19.2274931834545,54.89662128844654,Ranked long-short | Equal factors
2025-04-30,2025-05-01,2025-06-02,0.08734696981490672,8148.824708629457,93292.58617553978,93284.43735083117,8.148824708609027,60.835277505263115,Ranked long-short | Equal factors
2025-05-31,2025-06-02,2025-07-01,0.15773150439629577,14778.367578426745,93693.18852939189,93678.41016181346,14.778367578430334,58.13126606466396,Ranked long-short | Equal factors
2025-06-30,2025-07-01,2025-08-01,0.43976350642610357,40797.249194754244,92770.88389236246,92730.08664316771,40.79724919474393,40.13678999199259,Ranked long-short | Equal factors
2025-07-31,2025-08-01,2025-09-02,0.25488385788960527,23737.93414969855,93132.35583549537,93108.61790134569,23.737934149685316,47.924309691123995,Ranked long-short | Equal factors
2025-08-31,2025-09-02,2025-10-01,0.14256571210578975,13138.494936883193,92157.4671975396,92144.32870260274,13.138494936865754,42.808319498788364,Ranked long-short | Equal factors
2025-09-30,2025-10-01,2025-11-03,0.14309092699747578,13322.420396236785,93104.57815729856,93091.25573690233,13.322420396230882,44.732299665799744,Ranked long-short | Equal factors
2025-10-31,2025-11-03,2025-12-01,0.19223808330851036,18061.38013381569,93953.18462903191,93935.1232488981,18.06138013380405,41.16470408527642,Ranked long-short | Equal factors
2025-11-30,2025-12-01,2026-01-05,0.16987891775218664,16005.297471235164,94215.91379916327,94199.90850169206,16.00529747121618,58.639147313666854,Ranked long-short | Equal factors
2025-12-31,2026-01-05,2026-02-02,0.2276219762255584,21541.339096325653,94636.46460471638,94614.92326562008,21.541339096307638,60.84414498398051,Ranked long-short | Equal factors
2023-01-31,2023-02-01,2023-03-01,0.6296033498895697,62960.33498895697,100000.0,99937.03966501105,62.96033498895122,70.95909297985149,Ranked long-short | Random Forest
2023-02-28,2023-03-01,2023-04-03,0.2393690931822204,24086.778796735693,100626.10204400767,100602.01526521094,24.08677879672905,81.17257676726854,Ranked long-short | Random Forest
2023-03-31,2023-04-03,2023-05-01,0.31226614896343663,30716.854321399984,98367.5445557073,98336.82770138589,30.716854321406572,62.41034853386548,Ranked long-short | Random Forest
2023-04-30,2023-05-01,2023-06-01,0.43048922349907764,42441.99954278407,98590.15563225825,98547.71363271546,42.441999542788835,68.24583169862184,Ranked long-short | Random Forest
2023-05-31,2023-06-01,2023-07-03,0.2004555914208624,19927.892151119944,99413.00220097502,99393.07430882391,19.927892151114065,70.859878945442,Ranked long-short | Random Forest
2023-06-30,2023-07-03,2023-08-01,0.3990738588979299,39392.63340930355,98710.1323000435,98670.73966663421,39.39263340928301,67.04112323311074,Ranked long-short | Random Forest
2023-07-31,2023-08-01,2023-09-01,0.1848321597716389,18223.19417895425,98593.20045531634,98574.97726113739,18.223194178950507,70.24979990980984,Ranked long-short | Random Forest
2023-08-31,2023-09-01,2023-10-02,0.4977074578158507,49333.88632658681,99122.25656228786,99072.92267596128,49.333886326581705,71.05662474501517,Ranked long-short | Random Forest
2023-09-30,2023-10-02,2023-11-01,0.09124211970905344,9034.57804322521,99017.62554436535,99008.59096632214,9.034578043210786,70.65140095822399,Ranked long-short | Random Forest
2023-10-31,2023-11-01,2023-12-01,0.3691410022531754,35720.16022543823,96765.62616292501,96729.90600269957,35.72016022543539,57.426734829526296,Ranked long-short | Random Forest
2023-11-30,2023-12-01,2024-01-02,0.28752057642360473,27849.32890554266,96860.29866784971,96832.44933894416,27.849328905547736,57.77344309885051,Ranked long-short | Random Forest
2023-12-31,2024-01-02,2024-02-01,0.18958613302221097,18158.78119189477,95781.1676541099,95763.008872918,18.158781191901653,45.37258259350328,Ranked long-short | Random Forest
2024-01-31,2024-02-01,2024-03-01,0.11227098433341677,10939.687702924311,97440.02662732672,97429.08693962381,10.939687702906667,45.63615973545374,Ranked long-short | Random Forest
2024-02-29,2024-03-01,2024-04-01,0.09641616447056685,9479.036124673783,98313.76488293585,98304.2858468112,9.479036124655977,49.67562775971454,Ranked long-short | Random Forest
2024-03-31,2024-04-01,2024-05-01,0.15961671366706606,15526.88501616274,97276.06000302224,97260.53311800607,15.526885016166489,49.93249333868968,Ranked long-short | Random Forest
2024-04-30,2024-05-01,2024-06-03,0.14441053849888139,13835.6503428844,95807.76089268287,95793.92524233999,13.835650342880399,47.61163303976212,Ranked long-short | Random Forest
2024-05-31,2024-06-03,2024-07-01,0.24361061405341336,23487.263457369652,96413.13679468786,96389.6495312305,23.487263457354857,38.2721616793637,Ranked long-short | Random Forest
2024-06-30,2024-07-01,2024-08-01,0.37476677685534204,36291.490941657205,96837.53518969352,96801.24369875187,36.29149094164313,55.969202678395966,Ranked long-short | Random Forest
2024-07-31,2024-08-01,2024-09-03,0.44671133678680547,43114.77666936697,96515.96706609585,96472.85228942649,43.11477666936116,71.79008805117975,Ranked long-short | Random Forest
2024-08-31,2024-09-03,2024-10-01,0.4249737034282699,41125.85465016445,96772.70456595668,96731.57871130653,41.12585465014854,62.52582304422844,Ranked long-short | Random Forest
2024-09-30,2024-10-01,2024-11-01,0.24418405993130637,23572.568733088396,96536.06684940781,96512.49428067473,23.572568733085063,75.77979797024697,Ranked long-short | Random Forest
2024-10-31,2024-11-01,2024-12-02,0.14539711868737834,14127.659599881157,97166.02177143111,97151.89411183124,14.127659599878825,78.28371399919735,Ranked long-short | Random Forest
2024-11-30,2024-12-02,2025-01-02,0.35186810190417095,34152.92856477669,97061.73529215791,97027.58236359316,34.15292856475571,59.878549376586164,Ranked long-short | Random Forest
2024-12-31,2025-01-02,2025-02-03,0.11906509719471,11426.546869303964,95968.90388975921,95957.4773428899,11.42654686930473,60.93988889276087,Ranked long-short | Random Forest
2025-01-31,2025-02-03,2025-03-03,0.43547408571000257,41517.20371764298,95337.94335879435,95296.42615507671,41.51720371763804,63.5862436049746,Ranked long-short | Random Forest
2025-02-28,2025-03-03,2025-04-01,0.2434999711068927,23600.530683999565,96922.1087654228,96898.50823473881,23.600530683994293,61.62020052718784,Ranked long-short | Random Forest
2025-03-31,2025-04-01,2025-05-01,0.13907842805893286,13703.569878858892,98531.23931665494,98517.53574677609,13.703569878853159,66.69044925364733,Ranked long-short | Random Forest
2025-04-30,2025-05-01,2025-06-02,0.40621101723182773,39669.31755162796,97656.92181851478,97617.25250096316,39.66931755161204,74.89218140963851,Ranked long-short | Random Forest
2025-05-31,2025-06-02,2025-07-01,0.2333657150241146,22928.889765091204,98253.03499582992,98230.10610606484,22.928889765084023,69.75682918752398,Ranked long-short | Random Forest
2025-06-30,2025-07-01,2025-08-01,0.39535169609948373,38340.620312030536,96978.514801623,96940.17418131098,38.34062031201029,49.21861881417299,Ranked long-short | Random Forest
2025-07-31,2025-08-01,2025-09-02,0.36859744798248334,36062.11511392286,97836.0412187027,97799.97910358879,36.06211511390575,59.75736607033777,Ranked long-short | Random Forest
2025-08-31,2025-09-02,2025-10-01,0.41891637001327336,40119.29058064811,95769.21183427835,95729.09254369771,40.119290580638335,54.106586325396464,Ranked long-short | Random Forest
2025-09-30,2025-10-01,2025-11-03,0.44890940160370063,43482.12070314107,96861.68422359595,96818.20210289283,43.48212070312002,55.981516580874995,Ranked long-short | Random Forest
2025-10-31,2025-11-03,2025-12-01,0.27163615613585257,26731.496043900697,98409.1971561089,98382.465660065,26.731496043896186,56.637240322131305,Ranked long-short | Random Forest
2025-11-30,2025-12-01,2026-01-05,0.3334431537945867,32448.282956550698,97312.78806383902,97280.33978088247,32.44828295655316,82.30417911081973,Ranked long-short | Random Forest
2025-12-31,2026-01-05,2026-02-02,0.20456658275754544,19903.05309907461,97293.7653392975,97273.86228619845,19.903053099056706,73.64793799363935,Ranked long-short | Random Forest
2023-01-31,2023-02-01,2023-03-01,0.532177825565965,53217.7825565965,100000.0,99946.7822174434,53.2177825566032,59.25032718051352,Sector neutral | Equal factors
2023-02-28,2023-03-01,2023-04-03,0.23389775728117684,23650.595989063302,101115.10372727549,101091.45313128643,23.65059598906373,65.04210292999386,Sector neutral | Equal factors
2023-03-31,2023-04-03,2023-05-01,0.2693344644937829,27016.02379441154,100306.59776567569,100279.5817418813,27.016023794392822,64.13729488054508,Sector neutral | Equal factors
2023-04-30,2023-05-01,2023-06-01,0.15323792528857333,15473.700532700206,100978.26959977805,100962.79589924536,15.47370053268969,63.02164883307496,Sector neutral | Equal factors
2023-05-31,2023-06-01,2023-07-03,0.20288001210791196,20010.035236628384,98629.89965706941,98609.88962183279,20.010035236628028,63.6514844188432,Sector neutral | Equal factors
2023-06-30,2023-07-03,2023-08-01,0.19199865159411839,18823.612808514255,98040.33857647619,98021.5149636677,18.823612808497273,56.448162636623756,Sector neutral | Equal factors
2023-07-31,2023-08-01,2023-09-01,0.20971789424977033,20525.326951369152,97871.12837841033,97850.60305145898,20.52532695134869,71.21257504462382,Sector neutral | Equal factors
2023-08-31,2023-09-01,2023-10-02,0.12242617029232648,11910.249762367781,97285.16161151453,97273.25136175216,11.91024976236804,68.38998639389196,Sector neutral | Equal factors
2023-09-30,2023-10-02,2023-11-01,0.09559344666917426,9197.688412766116,96216.7254476877,96207.52775927493,9.197688412765274,69.38463961402067,Sector neutral | Equal factors
2023-10-31,2023-11-01,2023-12-01,0.20374738779645063,19521.436197373096,95811.95817281133,95792.43673661395,19.521436197377625,54.419021508207976,Sector neutral | Equal factors
2023-11-30,2023-12-01,2024-01-02,0.14266189843323945,13642.539072827074,95628.46998851122,95614.8274494384,13.642539072825457,60.49488032050585,Sector neutral | Equal factors
2023-12-31,2024-01-02,2024-02-01,0.1677791218831907,16048.851669527865,95654.64099103592,95638.5921393664,16.048851669518626,49.61738460088351,Sector neutral | Equal factors
2024-01-31,2024-02-01,2024-03-01,0.11825093419537253,11230.830536437765,94974.56077499011,94963.32994445367,11.230830536442227,48.28934680915384,Sector neutral | Equal factors
2024-02-29,2024-03-01,2024-04-01,0.14447320455927934,13546.530195916692,93765.00117956728,93751.45464937136,13.546530195919331,46.690001045341404,Sector neutral | Equal factors
2024-03-31,2024-04-01,2024-05-01,0.10578673371877201,9869.577764620657,93296.93258947163,93287.06301170701,9.869577764620772,46.19627467095698,Sector neutral | Equal factors
2024-04-30,2024-05-01,2024-06-03,0.09617514250323446,8971.677273921137,93284.78274538986,93275.81106811596,8.971677273904788,49.18127429752443,Sector neutral | Equal factors
2024-05-31,2024-06-03,2024-07-01,0.15819030790093655,14590.654405141751,92234.81892632038,92220.22827191526,14.590654405124951,50.87021904443062,Sector neutral | Equal factors
2024-06-30,2024-07-01,2024-08-01,0.45234359965649756,41192.37392775063,91064.3456855175,91023.15331158976,41.192373927740846,61.24984443026394,Sector neutral | Equal factors
2024-07-31,2024-08-01,2024-09-03,0.18925001092940746,17481.553086923024,92372.79829507569,92355.31674198876,17.481553086923668,55.56924865992282,Sector neutral | Equal factors
2024-08-31,2024-09-03,2024-10-01,0.21591923648237288,20117.334916013468,93170.64678327444,93150.52944835843,20.117334916008986,56.894131527861965,Sector neutral | Equal factors
2024-09-30,2024-10-01,2024-11-01,0.14030019412838562,12906.521200788917,91992.18348178793,91979.27696058716,12.90652120076993,61.77268599519272,Sector neutral | Equal factors
2024-10-31,2024-11-01,2024-12-02,0.28798163313946,26579.85759381427,92297.05833685068,92270.47847925688,26.579857593795168,69.76934788468759,Sector neutral | Equal factors
2024-11-30,2024-12-02,2025-01-02,0.09687659249794232,8843.799208026854,91289.32985761961,91280.4860584116,8.843799208014389,60.86773733014618,Sector neutral | Equal factors
2024-12-31,2025-01-02,2025-02-03,0.12782001185852424,11541.62651723289,90295.92744841531,90284.38582189809,11.541626517224358,62.74042909388535,Sector neutral | Equal factors
2025-01-31,2025-02-03,2025-03-03,0.2448621484408888,22068.803529512403,90127.46016495867,90105.39136142915,22.068803529517027,42.96498346685539,Sector neutral | Equal factors
2025-02-28,2025-03-03,2025-04-01,0.14937936091004517,13748.747422565379,92039.13672414722,92025.38797672465,13.74874742256361,45.52405732748941,Sector neutral | Equal factors
2025-03-31,2025-04-01,2025-05-01,0.324813523015051,29851.084692526805,91902.22259047873,91872.37150578623,29.851084692505538,60.09513583722871,Sector neutral | Equal factors
2025-04-30,2025-05-01,2025-06-02,0.1240114224784709,11364.102923790557,91637.5499665237,91626.18586359991,11.364102923791506,70.31201309825815,Sector neutral | Equal factors
2025-05-31,2025-06-02,2025-07-01,0.18816501834802868,17165.39853844406,91225.23776813319,91208.07236959474,17.165398538447334,69.84637268050805,Sector neutral | Equal factors
2025-06-30,2025-07-01,2025-08-01,0.5463862604257602,48943.14122348564,89576.08338347985,89527.14024225637,48.94314122348442,51.12189582466734,Sector neutral | Equal factors
2025-07-31,2025-08-01,2025-09-02,0.32669089526986933,29382.13640055631,89938.64483515717,89909.26269875662,29.382136400556192,50.41522256943125,Sector neutral | Equal factors
2025-08-31,2025-09-02,2025-10-01,0.18539131236315146,16562.664692238694,89338.94733856311,89322.3846738709,16.562664692217368,47.887128276406294,Sector neutral | Equal factors
2025-09-30,2025-10-01,2025-11-03,0.16538907648509896,14726.235328312072,89039.95137574192,89025.22514041362,14.72623532830039,55.55670130575561,Sector neutral | Equal factors
2025-10-31,2025-11-03,2025-12-01,0.17478752178571466,15647.410211442331,89522.46734538455,89506.81993517312,15.647410211429815,38.740140663368386,Sector neutral | Equal factors
2025-11-30,2025-12-01,2026-01-05,0.21176085835220199,19237.96812985163,90847.61121365933,90828.37324552948,19.237968129848014,59.19879362926084,Sector neutral | Equal factors
2025-12-31,2026-01-05,2026-02-02,0.13709361601312758,12457.753715456338,90870.41452217169,90857.95676845624,12.4577537154546,59.66826392555024,Sector neutral | Equal factors
2023-01-31,2023-02-01,2023-03-01,0.6139548903212778,61395.48903212778,100000.0,99938.60451096788,61.39548903211835,68.7595915287166,Sector neutral | Random Forest
2023-02-28,2023-03-01,2023-04-03,0.2240415379932272,22535.185606739844,100584.85497194312,100562.31978633639,22.53518560672819,77.2482559754549,Sector neutral | Random Forest
2023-03-31,2023-04-03,2023-05-01,0.2267500494936668,22608.374231291073,99706.14904726858,99683.54067303729,22.608374231291236,70.32630749665176,Sector neutral | Random Forest
2023-04-30,2023-05-01,2023-06-01,0.11680834286438599,11689.749255947285,100076.32134220957,100064.63159295364,11.689749255936476,73.38382011384743,Sector neutral | Random Forest
2023-05-31,2023-06-01,2023-07-03,0.13693027871352242,13272.903037923948,96931.83394224111,96918.5610392032,13.272903037912329,76.45626648457373,Sector neutral | Random Forest
2023-06-30,2023-07-03,2023-08-01,0.6032751717061792,58133.705206033104,96363.49701185233,96305.36330664632,58.133705206011655,59.60645864906401,Sector neutral | Random Forest
2023-07-31,2023-08-01,2023-09-01,0.22569190184066898,21605.77249886243,95731.27047383113,95709.66470133228,21.605772498849547,67.28241465927857,Sector neutral | Random Forest
2023-08-31,2023-09-01,2023-10-02,0.19221748485080706,18373.25077209572,95585.741257391,95567.3680066189,18.37325077209971,64.77983598386903,Sector neutral | Random Forest
2023-09-30,2023-10-02,2023-11-01,0.17213043176690396,16296.064030788588,94672.76566677318,94656.4696027424,16.29606403077196,66.2122061092873,Sector neutral | Random Forest
2023-10-31,2023-11-01,2023-12-01,0.2936182538466241,27609.77882770795,94032.9099638687,94005.30018504101,27.609778827696573,48.8203538917509,Sector neutral | Random Forest
2023-11-30,2023-12-01,2024-01-02,0.19086246957599665,17900.591429620945,93787.9063882351,93770.00579680549,17.900591429613996,49.410572726884595,Sector neutral | Random Forest
2023-12-31,2024-01-02,2024-02-01,0.30581251653628816,28791.252305985745,94146.74269085821,94117.95143855223,28.79125230597856,38.84541291589082,Sector neutral | Random Forest
2024-01-31,2024-02-01,2024-03-01,0.1613642485532992,15239.323722944848,94440.5211164928,94425.28179276988,15.239323722926201,35.47189225399587,Sector neutral | Random Forest
2024-02-29,2024-03-01,2024-04-01,0.15705791971051863,14847.125155087453,94532.80154514295,94517.95441998786,14.847125155094545,38.252224444841644,Sector neutral | Random Forest
2024-03-31,2024-04-01,2024-05-01,0.1661241610508572,15627.37912958293,94070.47735096625,94054.84997183667,15.62737912958255,41.178274249021605,Sector neutral | Random Forest
2024-04-30,2024-05-01,2024-06-03,0.127976015011602,11988.033948104876,93674.06812142159,93662.0800874735,11.988033948087832,38.86485308485975,Sector neutral | Random Forest
2024-05-31,2024-06-03,2024-07-01,0.19151826214644851,17901.786954766063,93473.0022825556,93455.10049560084,17.901786954753334,45.3237093370054,Sector neutral | Random Forest
2024-06-30,2024-07-01,2024-08-01,0.39408974162405463,36585.48179739971,92835.40760698296,92798.82212518557,36.58548179738864,50.489775845009014,Sector neutral | Random Forest
2024-07-31,2024-08-01,2024-09-03,0.44903444029547857,41682.669564444,92827.33310392742,92785.650434363,41.68266956442676,72.91444220376724,Sector neutral | Random Forest
2024-08-31,2024-09-03,2024-10-01,0.16286432582107058,15302.297391051336,93957.33113378719,93942.02883639614,15.302297391041066,69.46674711320972,Sector neutral | Random Forest
2024-09-30,2024-10-01,2024-11-01,0.10768636740369623,10015.37101683792,93005.00386731545,92994.98849629861,10.01537101683789,74.39761010929541,Sector neutral | Random Forest
2024-10-31,2024-11-01,2024-12-02,0.5460709901284666,50631.05865561476,92718.82149187873,92668.19043322312,50.631058655606466,68.07619824687421,Sector neutral | Random Forest
2024-11-30,2024-12-02,2025-01-02,0.15768146595141203,14508.056487791082,92008.63525876653,91994.12720227876,14.508056487771682,55.51015119923461,Sector neutral | Random Forest
2024-12-31,2025-01-02,2025-02-03,0.18456402482960374,16832.126434464382,91199.38975108728,91182.5576246528,16.83212643447041,62.72912244770073,Sector neutral | Random Forest
2025-01-31,2025-02-03,2025-03-03,0.34957937094365715,31963.56634740175,91434.36084663423,91402.39728028682,31.963566347403685,45.97337233909168,Sector neutral | Random Forest
2025-02-28,2025-03-03,2025-04-01,0.5587933833092796,51523.20169092855,92204.38757846138,92152.86437677045,51.523201690928545,63.795031337832334,Sector neutral | Random Forest
2025-03-31,2025-04-01,2025-05-01,0.21312792259947194,19684.04820459956,92357.90395044337,92338.21990223878,19.684048204595456,69.59398932240421,Sector neutral | Random Forest
2025-04-30,2025-05-01,2025-06-02,0.3281787809823005,30281.067603850177,92270.03498889621,92239.75392129237,30.281067603835254,76.51847937883956,Sector neutral | Random Forest
2025-05-31,2025-06-02,2025-07-01,0.43415708607851794,39784.13485452754,91635.34612292962,91595.56198807509,39.78413485453348,78.57122693320086,Sector neutral | Random Forest
2025-06-30,2025-07-01,2025-08-01,0.6385585572413257,57370.613855967946,89843.93554103808,89786.56492718213,57.37061385595007,53.344163297149166,Sector neutral | Random Forest
2025-07-31,2025-08-01,2025-09-02,0.46954921508828734,42795.770581293626,91142.24708744731,91099.45131686603,42.795770581273246,50.2947984568852,Sector neutral | Random Forest
2025-08-31,2025-09-02,2025-10-01,0.44823237178765624,40198.84097044606,89683.03830917792,89642.83946820747,40.198840970449965,50.60339453405736,Sector neutral | Random Forest
2025-09-30,2025-10-01,2025-11-03,0.3769258433616284,33668.66908398149,89324.3848278115,89290.71615872753,33.6686690839706,47.57415124488113,Sector neutral | Random Forest
2025-10-31,2025-11-03,2025-12-01,0.23177419732544138,20916.508997853816,90245.20088612061,90224.28437712276,20.916508997848723,39.74387932104878,Sector neutral | Random Forest
2025-11-30,2025-12-01,2026-01-05,0.39097966295780157,35586.97204750492,91020.0079929626,90984.42102091509,35.58697204750206,65.89239522821813,Sector neutral | Random Forest
2025-12-31,2026-01-05,2026-02-02,0.21024585589381464,19172.203864705076,91189.4495289746,91170.2773251099,19.17220386469853,63.03982143011729,Sector neutral | Random Forest
