date,close,volume,stock
2025-03-21,218.27,93568368,AAPL
2025-03-21,217.8909,94127768,AAPL
2025-03-28,217.4618,79637234,AAPL
2025-03-28,217.231,39818617,AAPL
2025-04-04,188.341,125910913,AAPL
2025-04-04,187.261,125910913,AAPL
2025-04-11,198.231,87435915,AAPL
2025-04-11,196.851,87435915,AAPL
2025-04-17,197.611,104329350,AAPL
2025-04-17,197.0234,52164675,AAPL
2025-04-25,208.781,38222258,AAPL
2025-04-25,208.601,38222258,AAPL
2025-05-02,205.0606,101010621,AAPL
2025-05-02,205.0722,101010621,AAPL
2025-05-09,198.591,36453923,AAPL
2025-05-09,198.5354,36453923,AAPL
2025-05-16,210.351,54737850,AAPL
2025-05-16,207.941,54737850,AAPL
2025-05-23,195.331,78432918,AAPL
2025-05-23,195.4893,78432918,AAPL
2025-05-30,200.521,70819942,AAPL
2025-05-30,200.411,70819942,AAPL
2025-06-06,204.021,46607693,AAPL
2025-06-06,204.5272,46607693,AAPL
2025-06-13,196.461,51447349,AAPL
2025-06-13,196.4108,51447349,AAPL
2025-06-18,196.251,90789378,AAPL
2025-06-18,196.111,45394689,AAPL
2025-06-20,200.701,96813542,AAPL
2025-06-20,201.611,96813542,AAPL
2025-06-27,201.241,73188571,AAPL
2025-06-27,201.161,73188571,AAPL
2025-07-11,210.511,39765812,AAPL
2025-07-11,210.541,39765812,AAPL
2025-07-18,211.0599,48974591,AAPL
2025-07-18,211.211,48974591,AAPL
2025-07-25,213.961,40268781,AAPL
2025-07-25,214.011,40268781,AAPL
2025-08-08,230.001,113853967,AAPL
2025-08-08,229.9688,113853967,AAPL
2025-08-15,231.271,56038657,AAPL
2025-08-15,231.201,56038657,AAPL
2025-08-22,227.841,42477811,AAPL
2025-08-22,228.091,42477811,AAPL
2025-08-29,232.0715,39418437,AAPL
2025-08-29,232.111,39418437,AAPL
2025-09-05,239.6111,54870397,AAPL
2025-09-05,239.021,54870397,AAPL
2025-09-12,234.031,55824216,AAPL
2025-09-12,234.001,55824216,AAPL
2025-09-19,245.4827,163741314,AAPL
2025-09-19,245.671,163741314,AAPL
2025-09-24,252.321,84607420,AAPL
2025-09-24,256.87,152707860,AAPL
2025-10-03,257.8773,49155614,AAPL
2025-10-03,258.011,49155614,AAPL
2025-10-10,242.661,61999098,AAPL
2025-10-10,243.7311,61999098,AAPL
2025-10-17,252.561,49146961,AAPL
2025-10-17,252.271,49146961,AAPL
2025-10-24,262.761,38253717,AAPL
2025-10-24,262.951,38253717,AAPL
2025-10-31,270.261,172334246,AAPL
2025-10-31,270.111,86167123,AAPL
2026-03-13,249.9213,73859976,AAPL
2026-03-13,249.891,36929988,AAPL
2026-03-17,254.23,65321711,AAPL
2026-03-17,249.94,68119481,AAPL
2026-03-20,250.001,123616649,AAPL
2026-03-20,249.761,88331081,AAPL
2026-03-27,248.011,95799996,AAPL
2026-03-27,247.261,47899998,AAPL
2026-04-02,255.92,31289370,AAPL
2026-04-02,255.44,31289369,AAPL
2026-03-27,356.77,75766801,MSFT
2026-03-27,356.1655,37883400,MSFT
2026-04-02,373.46,24099067,MSFT
2026-04-02,373.4,24099067,MSFT
2025-03-21,196.21,59897917,AMZN
2025-03-21,196.7085,60056917,AMZN
2025-03-28,192.371,105090752,AMZN
2025-03-28,192.671,52548226,AMZN
2025-04-04,171.661,123159359,AMZN
2025-04-04,170.371,123159359,AMZN
2025-04-11,185.0117,50594339,AMZN
2025-04-11,184.741,50594339,AMZN
2025-04-17,172.61,44726453,AMZN
2025-04-17,173.111,44726453,AMZN
2025-04-25,189.031,36414330,AMZN
2025-04-25,188.989,36414330,AMZN
2025-05-02,190.011,77903487,AMZN
2025-05-02,189.961,77903487,AMZN
2025-05-09,193.251,29663143,AMZN
2025-05-09,193.211,29663143,AMZN
2025-05-16,204.891,43318478,AMZN
2025-05-16,202.061,43318478,AMZN
2025-05-23,200.711,33393545,AMZN
2025-05-23,200.4109,33393545,AMZN
2025-05-30,205.101,51679406,AMZN
2025-05-30,204.591,51679406,AMZN
2025-06-06,213.514,39832500,AMZN
2025-06-06,213.521,39832500,AMZN
2025-06-13,211.961,29337763,AMZN
2025-06-13,211.871,29337763,AMZN
2025-06-18,212.881,88721018,AMZN
2025-06-18,212.951,44360509,AMZN
2025-06-20,209.8742,75350733,AMZN
2025-06-20,210.191,75350733,AMZN
2025-06-27,222.491,119217138,AMZN
2025-06-27,222.4846,119217138,AMZN
2025-07-11,225.011,50518307,AMZN
2025-07-11,224.961,50518307,AMZN
2025-07-18,225.991,37833807,AMZN
2025-07-18,226.011,37833807,AMZN
2025-07-25,231.681,28712095,AMZN
2025-07-25,231.6761,28712095,AMZN
2025-08-08,222.711,32970477,AMZN
2025-08-08,222.661,32970477,AMZN
2025-08-15,230.721,39649244,AMZN
2025-08-15,230.8219,39649244,AMZN
2025-08-22,228.7911,37315341,AMZN
2025-08-22,228.881,37315341,AMZN
2025-08-29,228.721,26199170,AMZN
2025-08-29,228.801,26199170,AMZN
2025-09-05,232.081,36721802,AMZN
2025-09-05,232.102,36721802,AMZN
2025-09-12,228.0611,38496218,AMZN
2025-09-12,228.271,38496218,AMZN
2025-09-19,231.5628,97943172,AMZN
2025-09-19,231.761,97943172,AMZN
2025-09-24,220.21,49509033,AMZN
2025-09-24,218.15,153961689,AMZN
2025-10-03,219.771,43639033,AMZN
2025-10-03,219.818,43639033,AMZN
2025-10-10,213.911,72367511,AMZN
2025-10-10,214.761,72367511,AMZN
2025-10-17,213.411,45986944,AMZN
2025-10-17,213.571,45986944,AMZN
2025-10-24,224.0011,38685053,AMZN
2025-10-24,224.311,38685053,AMZN
2025-10-31,244.6211,332681491,AMZN
2025-10-31,244.361,166340808,AMZN
