signal,entry,strategy,traded_value_fraction,cost_usd
2023-01-06,2023-01-09,Equal stocks,0.9990009990009989,99.90009990009652
2023-02-03,2023-02-06,Equal stocks,0.014306769115419893,1.6512571186932277
2023-03-03,2023-03-06,Equal stocks,0.04077060948450012,4.598504314199415
2023-03-31,2023-04-03,Equal stocks,0.012919140853091371,1.598318851540675
2023-04-28,2023-05-01,Equal stocks,0.023917392342772792,3.0387284144010795
2023-05-26,2023-05-30,Equal stocks,0.05114646345722934,7.194574472868609
2023-06-23,2023-06-26,Equal stocks,0.023208986092859374,3.3556071153185507
2023-07-21,2023-07-24,Equal stocks,0.01451673122632735,2.170285563601137
2023-08-18,2023-08-21,Equal stocks,0.05679639587175733,8.181459348803246
2023-09-15,2023-09-18,Equal stocks,0.009601792951619004,1.4170595561489352
2023-10-13,2023-10-16,Equal stocks,0.02729946463229954,3.9778799753549983
2023-11-10,2023-11-13,Equal stocks,0.022845955122880457,3.5642033937706437
2023-12-08,2023-12-11,Equal stocks,0.011885734324587505,1.9043740943617773
2024-01-05,2024-01-08,Equal stocks,0.024525687494803883,3.918657464930981
2024-02-02,2024-02-05,Equal stocks,0.041631703482513605,7.175597351558155
2024-03-01,2024-03-04,Equal stocks,0.04439173612708136,7.647195426857437
2024-03-29,2024-04-01,Equal stocks,0.022187766949203935,3.839094808680039
2024-04-26,2024-04-29,Equal stocks,0.02819982976965585,4.826839345725153
2024-05-24,2024-05-28,Equal stocks,0.031894245428064294,5.770938519400472
2024-06-21,2024-06-24,Equal stocks,0.027879511919774946,5.304348401856216
2024-07-19,2024-07-22,Equal stocks,0.039091222508462475,7.559166467637124
2024-08-16,2024-08-19,Equal stocks,0.020264312401335527,3.8355483890268003
2024-09-13,2024-09-16,Equal stocks,0.03213209702333558,6.11887603215128
2024-10-11,2024-10-14,Equal stocks,0.033253454418718076,6.448931145076167
2024-11-08,2024-11-11,Equal stocks,0.05190722641717055,10.299871846226953
2024-12-06,2024-12-09,Equal stocks,0.01216653040907023,2.6236878874025673
2025-01-03,2025-01-06,Equal stocks,0.0182802617062659,3.8880380972351603
2025-01-31,2025-02-03,Equal stocks,0.04431714785696317,9.218875107654684
2025-02-28,2025-03-03,Equal stocks,0.06516186183078054,12.889755646656484
2025-03-28,2025-03-31,Equal stocks,0.017638168324080883,3.2842381256479936
2025-04-25,2025-04-28,Equal stocks,0.03395457039925548,6.268475045565639
2025-05-23,2025-05-27,Equal stocks,0.07672851472969644,15.261372698649854
2025-06-20,2025-06-23,Equal stocks,0.02009956991729195,4.093674425964468
2025-07-18,2025-07-21,Equal stocks,0.019968805912630394,4.343188563766243
2025-08-15,2025-08-18,Equal stocks,0.03302616330715491,7.446416872875883
2025-09-12,2025-09-15,Equal stocks,0.010843775728010985,2.4619898241858746
2025-10-10,2025-10-13,Equal stocks,0.03244451697917372,7.352917003546104
2025-11-07,2025-11-10,Equal stocks,0.0520258409834754,12.58761950717148
2025-12-05,2025-12-08,Equal stocks,0.03997094150158187,9.395201124762991
2026-01-02,2026-01-05,Equal stocks,0.028420030196091517,6.573659840361976
2026-01-30,2026-02-02,Equal stocks,0.05827074337868915,13.222883634174961
2026-02-27,2026-03-02,Equal stocks,0.05008583114625925,10.54713083913029
2023-01-06,2023-01-09,Equal factors,0.999000999000999,99.90009990009652
2023-02-03,2023-02-06,Equal factors,0.01535517485755955,1.7612864243901827
2023-03-03,2023-03-06,Equal factors,0.006677947355335778,0.7714194256506546
2023-03-31,2023-04-03,Equal factors,0.017273233813704658,2.193295392735779
2023-04-28,2023-05-01,Equal factors,0.02074226024957776,2.744875554053885
2023-05-26,2023-05-30,Equal factors,0.018071533792249406,2.5461338527198345
2023-06-23,2023-06-26,Equal factors,0.025935391137759223,3.721752809499805
2023-07-21,2023-07-24,Equal factors,0.004721069578112025,0.7081550147691817
2023-08-18,2023-08-21,Equal factors,0.011067108267308612,1.5313572141729175
2023-09-15,2023-09-18,Equal factors,0.005010354860288335,0.7052069669275005
2023-10-13,2023-10-16,Equal factors,0.003307678233211264,0.4690665138063612
2023-11-10,2023-11-13,Equal factors,0.3335557038025351,50.526711943881914
2023-12-08,2023-12-11,Equal factors,0.013048374126999607,2.0258321410865596
2024-01-05,2024-01-08,Equal factors,0.023140710207873283,3.575013962261674
2024-02-02,2024-02-05,Equal factors,0.03581832952122774,5.914329631572953
2024-03-01,2024-03-04,Equal factors,0.04232604547844407,6.962060979112593
2024-03-29,2024-04-01,Equal factors,0.02263326824881859,3.7419130313352373
2024-04-26,2024-04-29,Equal factors,0.03373651872296837,5.468749587345308
2024-05-24,2024-05-28,Equal factors,0.019086150795963597,3.303146433333209
2024-06-21,2024-06-24,Equal factors,0.025516792708565023,4.6594458344548855
2024-07-19,2024-07-22,Equal factors,0.03843142118777296,7.139203592744606
2024-08-16,2024-08-19,Equal factors,0.023685367383427525,4.288649417810215
2024-09-13,2024-09-16,Equal factors,0.3639634974408638,66.14763666591271
2024-10-11,2024-10-14,Equal factors,0.38099412095812824,70.63538355605822
2024-11-08,2024-11-11,Equal factors,0.35731963044641013,66.5927891135606
2024-12-06,2024-12-09,Equal factors,0.012905205035232903,2.615979023626849
2025-01-03,2025-01-06,Equal factors,0.016762528915755054,3.3434604615329966
2025-01-31,2025-02-03,Equal factors,0.029882449753279083,5.717800766399189
2025-02-28,2025-03-03,Equal factors,0.06412847591711038,12.037450055759193
2025-03-28,2025-03-31,Equal factors,0.016984496862156945,3.0038750001753463
2025-04-25,2025-04-28,Equal factors,0.03836113447285691,6.6846642054786685
2025-05-23,2025-05-27,Equal factors,0.09437718222491384,17.313927967480872
2025-06-20,2025-06-23,Equal factors,0.3156425417371484,59.219734795066955
2025-07-18,2025-07-21,Equal factors,0.3237758896383478,64.34083784434935
2025-08-15,2025-08-18,Equal factors,0.033026163307154965,6.801441995642283
2025-09-12,2025-09-15,Equal factors,0.01084377572801093,2.2487434250501
2025-10-10,2025-10-13,Equal factors,0.03244451697917372,6.716040661187982
2025-11-07,2025-11-10,Equal factors,0.704626969426124,155.717496273222
2025-12-05,2025-12-08,Equal factors,0.36291540929505495,80.153304827696
2026-01-02,2026-01-05,Equal factors,0.017955130059241126,3.859415193327097
2026-01-30,2026-02-02,Equal factors,0.36259386755850687,74.56186640863875
2026-02-27,2026-03-02,Equal factors,0.6885567737403113,136.28796855962432
2023-01-06,2023-01-09,Historical mean,0.999000999000999,99.90009990009652
2023-02-03,2023-02-06,Historical mean,0.01535517485755955,1.7612864243901827
2023-03-03,2023-03-06,Historical mean,0.006677947355335778,0.7714194256506546
2023-03-31,2023-04-03,Historical mean,0.017273233813704658,2.193295392735779
2023-04-28,2023-05-01,Historical mean,0.02074226024957776,2.744875554053885
2023-05-26,2023-05-30,Historical mean,0.018071533792249406,2.5461338527198345
2023-06-23,2023-06-26,Historical mean,0.025935391137759223,3.721752809499805
2023-07-21,2023-07-24,Historical mean,0.004721069578112025,0.7081550147691817
2023-08-18,2023-08-21,Historical mean,0.011067108267308612,1.5313572141729175
2023-09-15,2023-09-18,Historical mean,0.005010354860288335,0.7052069669275005
2023-10-13,2023-10-16,Historical mean,0.003307678233211264,0.4690665138063612
2023-11-10,2023-11-13,Historical mean,0.20016012810248202,30.32007253958903
2023-12-08,2023-12-11,Historical mean,0.014484482447812058,2.2523430253276864
2024-01-05,2024-01-08,Historical mean,0.02457223307833764,3.7865001209488707
2024-02-02,2024-02-05,Historical mean,0.03674663450897693,6.002759657673413
2024-03-01,2024-03-04,Historical mean,0.045241637290743666,7.308037008245581
2024-03-29,2024-04-01,Historical mean,0.024685208512829862,3.9951044336003156
2024-04-26,2024-04-29,Historical mean,0.035079059636957,5.574213207224623
2024-05-24,2024-05-28,Historical mean,0.016001101913120014,2.7296005172344677
2024-06-21,2024-06-24,Historical mean,0.02661619607047043,4.813891813904605
2024-07-19,2024-07-22,Historical mean,0.04103890017487169,7.596596628617189
2024-08-16,2024-08-19,Historical mean,0.025962951269087167,4.694753818655792
2024-09-13,2024-09-16,Historical mean,0.2326898028471622,42.00911453825999
2024-10-11,2024-10-14,Historical mean,0.24773823801751071,45.631398575187866
2024-11-08,2024-11-11,Historical mean,0.22189826732321324,40.72759173390998
2024-12-06,2024-12-09,Historical mean,0.01422931051463494,2.8364984291798576
2025-01-03,2025-01-06,Historical mean,0.017595989416674382,3.44033213109081
2025-01-31,2025-02-03,Historical mean,0.02427688037156285,4.527235958249611
2025-02-28,2025-03-03,Historical mean,0.05824005791561222,10.713838902980642
2025-03-28,2025-03-31,Historical mean,0.018065198843133026,3.140102119031213
2025-04-25,2025-04-28,Historical mean,0.04277970814061416,7.354857169289061
2025-05-23,2025-05-27,Historical mean,0.09875373908659711,17.961077276084048
2025-06-20,2025-06-23,Historical mean,0.17966376282561153,33.51054619505293
2025-07-18,2025-07-21,Historical mean,0.4931531093824031,97.15960400126623
2025-08-15,2025-08-18,Historical mean,0.21337386672057201,43.762455702104
2025-09-12,2025-09-15,Historical mean,0.20374898975323907,42.131456837483995
2025-10-10,2025-10-13,Historical mean,0.03683986456591293,7.6215956550419115
2025-11-07,2025-11-10,Historical mean,0.7334028745864303,163.410770654481
2025-12-05,2025-12-08,Historical mean,0.5294383286005196,117.89050207707295
2026-01-02,2026-01-05,Historical mean,0.02411988625392278,5.254272313452599
2026-01-30,2026-02-02,Historical mean,0.5422125908804065,113.34692098900062
2026-02-27,2026-03-02,Historical mean,0.7218438542248475,145.22012183644145
2023-01-06,2023-01-09,Random Forest,0.999000999000999,99.90009990009652
2023-02-03,2023-02-06,Random Forest,0.01535517485755955,1.7612864243901827
2023-03-03,2023-03-06,Random Forest,0.006677947355335778,0.7714194256506546
2023-03-31,2023-04-03,Random Forest,0.017273233813704658,2.193295392735779
2023-04-28,2023-05-01,Random Forest,0.02074226024957776,2.744875554053885
2023-05-26,2023-05-30,Random Forest,0.018071533792249406,2.5461338527198345
2023-06-23,2023-06-26,Random Forest,0.025935391137759223,3.721752809499805
2023-07-21,2023-07-24,Random Forest,0.004721069578112025,0.7081550147691817
2023-08-18,2023-08-21,Random Forest,0.011067108267308612,1.5313572141729175
2023-09-15,2023-09-18,Random Forest,0.005010354860288335,0.7052069669275005
2023-10-13,2023-10-16,Random Forest,0.003307678233211264,0.4690665138063612
2023-11-10,2023-11-13,Random Forest,0.20016012810248202,30.32007253958903
2023-12-08,2023-12-11,Random Forest,0.014484482447812058,2.2523430253276864
2024-01-05,2024-01-08,Random Forest,0.02457223307833764,3.7865001209488707
2024-02-02,2024-02-05,Random Forest,0.03674663450897693,6.002759657673413
2024-03-01,2024-03-04,Random Forest,0.045241637290743666,7.308037008245581
2024-03-29,2024-04-01,Random Forest,0.024685208512829862,3.9951044336003156
2024-04-26,2024-04-29,Random Forest,0.035079059636957,5.574213207224623
2024-05-24,2024-05-28,Random Forest,0.016001101913120014,2.7296005172344677
2024-06-21,2024-06-24,Random Forest,0.02661619607047043,4.813891813904605
2024-07-19,2024-07-22,Random Forest,0.3408766696200966,63.098731890469615
2024-08-16,2024-08-19,Random Forest,0.30193117331523023,54.309366026313945
2024-09-13,2024-09-16,Random Forest,0.23268980284716217,41.776463153047914
2024-10-11,2024-10-14,Random Forest,0.24773823801751077,45.37868655770382
2024-11-08,2024-11-11,Random Forest,0.22189826732321322,40.50203757173841
2024-12-06,2024-12-09,Random Forest,0.014229310514634996,2.8207895694251586
2025-01-03,2025-01-06,Random Forest,0.017595989416674396,3.4212791697350315
2025-01-31,2025-02-03,Random Forest,0.024276880371562823,4.502163596490843
2025-02-28,2025-03-03,Random Forest,0.12501606509725077,22.870585379183694
2025-03-28,2025-03-31,Random Forest,0.0946026800505623,16.317054263601552
2025-04-25,2025-04-28,Random Forest,0.0427797081406141,7.297570404680677
2025-05-23,2025-05-27,Random Forest,0.0987537390865971,17.821178977266715
2025-06-20,2025-06-23,Random Forest,0.27961581083492626,51.747192285306625
2025-07-18,2025-07-21,Random Forest,0.49101574148353944,96.18246363162815
2025-08-15,2025-08-18,Random Forest,0.21337386672057201,43.51100695776241
2025-09-12,2025-09-15,Random Forest,0.20374898975323905,41.8893794277705
2025-10-10,2025-10-13,Random Forest,0.20168200635621367,41.485132615532734
2025-11-07,2025-11-10,Random Forest,0.5310185701926535,116.03219123562883
2025-12-05,2025-12-08,Random Forest,0.5294383286005195,115.63717724931432
2026-01-02,2026-01-05,Random Forest,0.024119886253922806,5.153843678006063
2026-01-30,2026-02-02,Random Forest,0.5422125908804066,111.18044085095241
2026-02-27,2026-03-02,Random Forest,0.7218438542248475,142.4444265916264
2023-01-06,2023-01-09,XGBoost,0.999000999000999,99.90009990009652
2023-02-03,2023-02-06,XGBoost,0.01535517485755955,1.7612864243901827
2023-03-03,2023-03-06,XGBoost,0.006677947355335778,0.7714194256506546
2023-03-31,2023-04-03,XGBoost,0.017273233813704658,2.193295392735779
2023-04-28,2023-05-01,XGBoost,0.02074226024957776,2.744875554053885
2023-05-26,2023-05-30,XGBoost,0.018071533792249406,2.5461338527198345
2023-06-23,2023-06-26,XGBoost,0.025935391137759223,3.721752809499805
2023-07-21,2023-07-24,XGBoost,0.004721069578112025,0.7081550147691817
2023-08-18,2023-08-21,XGBoost,0.011067108267308612,1.5313572141729175
2023-09-15,2023-09-18,XGBoost,0.005010354860288335,0.7052069669275005
2023-10-13,2023-10-16,XGBoost,0.003307678233211264,0.4690665138063612
2023-11-10,2023-11-13,XGBoost,0.20016012810248202,30.32007253958903
2023-12-08,2023-12-11,XGBoost,0.014484482447812058,2.2523430253276864
2024-01-05,2024-01-08,XGBoost,0.02457223307833764,3.7865001209488707
2024-02-02,2024-02-05,XGBoost,0.03674663450897693,6.002759657673413
2024-03-01,2024-03-04,XGBoost,0.2892629284182823,46.72563400858287
2024-03-29,2024-04-01,XGBoost,0.018895110619571887,3.079266902014757
2024-04-26,2024-04-29,XGBoost,0.03205307984144551,5.112751220029094
2024-05-24,2024-05-28,XGBoost,0.28367113413063,47.974810163997645
2024-06-21,2024-06-24,XGBoost,0.02661619607047043,4.771214923950541
2024-07-19,2024-07-22,XGBoost,0.04103890017487169,7.529250055225472
2024-08-16,2024-08-19,XGBoost,0.025962951269087223,4.653133130068343
2024-09-13,2024-09-16,XGBoost,0.2326898028471622,41.636688562038714
2024-10-11,2024-10-14,XGBoost,0.5475140286507888,99.95364615071182
2024-11-08,2024-11-11,XGBoost,0.5232629288872304,97.07215578918237
2024-12-06,2024-12-09,XGBoost,0.014229310514634969,2.866101094344275
2025-01-03,2025-01-06,XGBoost,0.29486782481229756,58.25363403394606
2025-01-31,2025-02-03,XGBoost,0.03977015018949667,7.589198162768551
2025-02-28,2025-03-03,XGBoost,0.07158179604365353,13.30688658223761
2025-03-28,2025-03-31,XGBoost,0.014558953733427499,2.5409991355900483
2025-04-25,2025-04-28,XGBoost,0.3019526112493232,51.67350539125831
2025-05-23,2025-05-27,XGBoost,0.0987537390865971,17.873619693626722
2025-06-20,2025-06-23,XGBoost,0.4794599655953789,88.99251836021037
2025-07-18,2025-07-21,XGBoost,0.4867684933059076,96.02359222133832
2025-08-15,2025-08-18,XGBoost,0.3133725290663692,64.35402007956151
2025-09-12,2025-09-15,XGBoost,0.2915519373120653,60.278347736493494
2025-10-10,2025-10-13,XGBoost,0.20168200635621372,41.71490764914756
2025-11-07,2025-11-10,XGBoost,0.5310185701926535,116.67486245205363
2025-12-05,2025-12-08,XGBoost,0.5294383286005195,116.27766058911291
2026-01-02,2026-01-05,XGBoost,0.223975163582542,48.12321707145645
2026-01-30,2026-02-02,XGBoost,0.32653661449352533,67.06433754879501
2026-02-27,2026-03-02,XGBoost,0.7218438542248475,142.70530849232904
2023-01-06,2023-01-09,MLP,0.999000999000999,99.90009990009652
2023-02-03,2023-02-06,MLP,0.01535517485755955,1.7612864243901827
2023-03-03,2023-03-06,MLP,0.006677947355335778,0.7714194256506546
2023-03-31,2023-04-03,MLP,0.017273233813704658,2.193295392735779
2023-04-28,2023-05-01,MLP,0.02074226024957776,2.744875554053885
2023-05-26,2023-05-30,MLP,0.018071533792249406,2.5461338527198345
2023-06-23,2023-06-26,MLP,0.025935391137759223,3.721752809499805
2023-07-21,2023-07-24,MLP,0.004721069578112025,0.7081550147691817
2023-08-18,2023-08-21,MLP,0.011067108267308612,1.5313572141729175
2023-09-15,2023-09-18,MLP,0.005010354860288335,0.7052069669275005
2023-10-13,2023-10-16,MLP,0.003307678233211264,0.4690665138063612
2023-11-10,2023-11-13,MLP,0.20016012810248202,30.32007253958903
2023-12-08,2023-12-11,MLP,0.014484482447812058,2.2523430253276864
2024-01-05,2024-01-08,MLP,0.2938874124007653,45.28708152209058
2024-02-02,2024-02-05,MLP,0.33169861764827546,55.172928414631784
2024-03-01,2024-03-04,MLP,0.04524163729074379,7.439120730919263
2024-03-29,2024-04-01,MLP,0.2967282143512974,48.884485487009066
2024-04-26,2024-04-29,MLP,0.03205307984144551,5.167116945898848
2024-05-24,2024-05-28,MLP,0.28367113413062994,48.4849436060106
2024-06-21,2024-06-24,MLP,0.026616196070470485,4.821948971327032
2024-07-19,2024-07-22,MLP,0.34087666962009655,63.20434216083933
2024-08-16,2024-08-19,MLP,0.20203129634643982,36.400865776279915
2024-09-13,2024-09-16,MLP,0.33127568885036657,59.81987143411231
2024-10-11,2024-10-14,MLP,0.24773823801751077,45.63632728429098
2024-11-08,2024-11-11,MLP,0.22189826732321338,40.7319907762009
2024-12-06,2024-12-09,MLP,0.29890840666933194,59.591418915739524
2025-01-03,2025-01-06,MLP,0.014526320938420684,2.8602659717743193
2025-01-31,2025-02-03,MLP,0.039770150189496645,7.566112766899848
2025-02-28,2025-03-03,MLP,0.07158179604365342,13.26640869011484
2025-03-28,2025-03-31,MLP,0.29299230908759016,50.98089890830844
2025-04-25,2025-04-28,MLP,0.04277970814061416,7.3604618802600426
2025-05-23,2025-05-27,MLP,0.0987537390865971,17.974764373541262
2025-06-20,2025-06-23,MLP,0.17966376282561153,33.53608264281528
2025-07-18,2025-07-21,MLP,0.2933116924293655,57.8314605660928
2025-08-15,2025-08-18,MLP,0.03527129429661632,7.244932816390653
2025-09-12,2025-09-15,MLP,0.3117154100973332,64.56529700338325
2025-10-10,2025-10-13,MLP,0.2718754908872364,55.78610905366285
2025-11-07,2025-11-10,MLP,0.5310185701926535,115.73872276188906
2025-12-05,2025-12-08,MLP,0.5294383286005196,115.34470784445737
2026-01-02,2026-01-05,MLP,0.024119886253922834,5.1408085829865575
2026-01-30,2026-02-02,MLP,0.5422125908804066,110.89924341825044
2026-02-27,2026-03-02,MLP,0.8216917914896132,161.73772799994592
