Model,Direction accuracy %,Balanced accuracy %,Actual Up %,Predicted Up %,Down recall %,Forecasts,MAE percentage points
Historical mean,68.25396825396825,50.0,68.25396825396825,100.0,0.0,126,2.6351748958812227
Ridge,57.14285714285714,51.88953488372092,68.25396825396825,65.07936507936508,37.5,126,3.9073692584973174
Elastic Net,59.523809523809526,52.96511627906977,68.25396825396825,69.04761904761905,35.0,126,3.5387183184321556
KNN,58.730158730158735,44.36046511627907,68.25396825396825,87.3015873015873,5.0,126,3.069783683787092
SVR,59.523809523809526,50.2906976744186,68.25396825396825,75.39682539682539,25.0,126,3.064929290266263
Random Forest,67.46031746031747,49.41860465116279,68.25396825396825,99.20634920634922,0.0,126,2.753131263205015
Extra Trees,65.07936507936508,48.343023255813954,68.25396825396825,95.23809523809523,2.5,126,2.748130504648019
XGBoost,61.904761904761905,45.348837209302324,68.25396825396825,93.65079365079364,0.0,126,2.887589889307956
MLP,47.61904761904761,44.912790697674424,68.25396825396825,55.55555555555556,37.5,126,5.813956380326842
LSTM,61.904761904761905,46.01744186046512,68.25396825396825,92.06349206349206,2.5,126,2.7384425439622175
CNN,59.523809523809526,46.27906976744186,68.25396825396825,84.92063492063492,10.0,126,2.767597243605428
