Strategy,Annual return %,Volatility %,Sharpe (0% reference),Max drawdown %,Final value CNY,Annual traded notional %,Trading costs CNY,Borrowing costs CNY,Rebalances
Four-week equal factors,6.815493173427689,9.110352034718762,0.852879814929611,-8.352548331128439,112368.35220259245,365.22464375956065,690.1376160979999,0.0,23.0
Monthly equal stocks,3.196917707223501,9.876880765188826,0.48330750389889404,-10.916064596435282,105723.53522916781,118.16331391179487,216.91995146065892,0.0,21.0
Long only | Equal factors,6.917898754980989,9.002703415143916,0.8650991671922559,-10.112475002338872,112558.9578053083,355.3426819706309,676.7857666048221,0.0,21.0
Long only | Ridge,8.334859118684212,8.759413576156588,1.040089986296195,-11.421712437809772,115210.7153908227,558.5871619173669,1070.1924510199024,0.0,21.0
Long only | Elastic Net,8.10781109751677,8.911659346065713,0.9998920516330668,-10.426488928081257,114784.00358708002,518.4087811963194,989.2020441460481,0.0,21.0
Long only | KNN,6.911593499076174,9.872182112855961,0.8043736626646887,-9.972176994285931,112547.21789400416,464.52297822944377,888.6272800927836,0.0,21.0
Long only | SVR,6.098540409589437,9.449874826994513,0.7560180050350631,-11.4210263506764,111037.83573560591,557.9175325414805,1062.5301449094986,0.0,21.0
Long only | Random Forest,5.580264755084752,10.109081584449784,0.6535262881686579,-10.257975961935683,110080.31481152297,445.17919060648364,835.2608119573852,0.0,21.0
Long only | Extra Trees,6.044431828550989,10.009795678358527,0.7103500527288075,-9.879957618264735,110937.70097040471,472.6466748442581,889.4101743073697,0.0,21.0
Long only | XGBoost,5.581664566435096,9.61256724289325,0.6837803821590231,-11.914732121867399,110082.89612609553,522.0655506036716,993.3313155968644,0.0,21.0
Long only | MLP,6.621042007045652,9.52961611297723,0.7899940404021157,-11.28834820446487,112006.81032547374,530.117203362666,1011.1401541099185,0.0,21.0
Long only | LSTM,6.268524249596319,9.929800877497366,0.7379871709359556,-9.6223894768243,111352.66769017722,467.9387495909865,887.2370434936456,0.0,21.0
Long only | CNN,5.375603686882857,9.917973670657387,0.6417747576510462,-10.693122223888018,109703.19379928501,442.10852573834075,831.9484767611575,0.0,21.0
Long only | Prophet,6.74855962183154,8.225321220201469,0.9180867913101285,-9.889082743888732,112243.84590546739,339.8869502383582,647.8678147926694,0.0,21.0
Long only | Historical mean,5.777729551763411,10.35331046566073,0.658949375829544,-10.881325822945564,110444.7085490655,408.670431103292,774.9200010802451,0.0,21.0
Long only | Last observed,5.667095942793177,9.5723289183316,0.6928374853301401,-11.770569056466961,110240.48518604427,505.65329061012886,961.7383415958757,0.0,21.0
Long-short | Equal factors,2.978653301936318,4.497993479509309,0.5963976862630691,-3.72363916804368,105328.37162405287,336.4278153968291,598.4555491556821,1928.8064783690086,21.0
Long-short | Ridge,3.030749243499309,5.101161999647759,0.5264961135670975,-5.031224961216418,105422.63191460045,447.1468752762143,783.9465692054218,1953.1484019637578,21.0
Long-short | Elastic Net,3.0375745896788153,5.171197475612596,0.5274756827768801,-5.091149837912312,105434.9841349435,442.7523543012843,776.72270952494,1951.6334137228396,21.0
Long-short | KNN,3.903914329038005,5.000197246582279,0.7273580584461384,-5.053247268819172,107007.95202013722,513.0978266851158,904.533494995936,2067.300763901596,21.0
Long-short | SVR,2.1492014121901937,5.285442841346566,0.3698495937727232,-6.816790016654095,103832.53441045964,457.77101164078886,796.4769303297944,1986.9972711694961,21.0
Long-short | Random Forest,1.141590812633697,5.086401891307866,0.1790056253430445,-4.570623716744349,102027.9272082288,481.02218686809164,847.7943000414234,2021.0698405850353,21.0
Long-short | Extra Trees,3.316261065078474,5.429203768733768,0.5684442439769752,-4.434067694424593,105939.87604495123,505.95750954342816,898.9356193132262,2116.1139899394257,21.0
Long-short | XGBoost,3.6157536705417437,5.215093455466153,0.6323322861636083,-4.0975870678513715,106483.63026318219,440.29147130859917,778.1079460117471,2000.8743237068204,21.0
Long-short | MLP,3.8370137327875087,5.169821175627244,0.6779932221628183,-4.70696612433672,106886.12350864921,454.1318853099634,800.269342819156,1965.0334351622323,21.0
Long-short | LSTM,0.6174390616874526,5.214850363842705,0.07479901279409089,-6.499186395741163,101094.62473172802,482.4631867694932,839.8618372070487,2033.2310478453962,21.0
Long-short | CNN,3.1638785180251094,5.0286780599141325,0.5798573157147776,-3.7580444426295267,105663.67709394096,436.20065186578074,780.626352931853,2168.724227016615,21.0
Long-short | Prophet,2.4068115699398485,4.874181361804006,0.44221087582351803,-3.437287033430625,104296.11410207723,336.6461426723007,596.9481738242903,1954.0809375217707,21.0
Long-short | Historical mean,1.6353155526083851,5.297180371585977,0.276657904086243,-5.4169062333986435,102910.45862583585,428.2155777322728,757.0696953030128,2140.3628676893545,21.0
Long-short | Last observed,2.203656535462506,4.851901855870479,0.39772222966519033,-4.214198746247366,103930.4537519336,498.61276236898993,884.3153071882261,2041.1030289003002,21.0
Ranked long-short | Equal factors,1.8276694494043788,4.334871798126622,0.3513195854487381,-3.3987045654530146,103255.18450535665,230.57240854621375,408.0027052645455,1727.4370508292743,21.0
Ranked long-short | Ridge,1.963913286150687,4.95852802639477,0.3254005948507904,-4.171048117050602,103499.65613353631,332.31023669881415,582.531945668743,1755.945266649611,21.0
Ranked long-short | Elastic Net,1.5042619993951734,4.877178889104295,0.2360542529186844,-4.370289283920458,102675.8787943,328.22750813763236,575.064845576635,1742.1458740981536,21.0
Ranked long-short | KNN,-0.4815579348150023,4.983199819643496,-0.147052681157542,-4.434356362701964,99149.8686704304,338.02476093644935,595.7741604212497,1827.2370580955094,21.0
Ranked long-short | SVR,-0.8657776207426471,4.830621286258899,-0.24318959361248832,-4.823911571401318,98473.83955091565,357.1230688766428,624.0859490944567,1776.1345337370421,21.0
Ranked long-short | Random Forest,1.0477782202260366,4.6429592818946475,0.16409358784208197,-3.4196000800006843,101860.61105937997,340.1541643353595,601.7576879279513,1836.486064561967,21.0
Ranked long-short | Extra Trees,-0.1610204498848744,5.044806177567131,-0.09606648453036844,-4.6374088839293615,99715.38718397358,336.5685217559837,591.7850887248787,1827.0643195382274,21.0
Ranked long-short | XGBoost,-0.3112752320919454,5.019617712784988,-0.11823175097732232,-4.123520406154224,99450.12133234282,348.08036966964534,613.9891830614652,1799.5733351693484,21.0
Ranked long-short | MLP,2.3308449533901765,4.870046128838759,0.41755594973631754,-3.3459703732484525,104159.31585911708,321.7026546775057,568.1873958328506,1794.4650974790577,21.0
Ranked long-short | LSTM,-1.2065625331352026,4.701494459479784,-0.3110256782126046,-6.367592449321069,97875.91606259983,354.6013685036647,613.7588072651852,1745.1564530502214,21.0
Ranked long-short | CNN,0.6073382920878112,4.498090227338141,0.08299465214284402,-5.211668326689178,101076.67595698773,302.10525186967055,531.2586092918646,1870.9270250884401,21.0
Ranked long-short | Prophet,1.3931705640283898,5.012322703589966,0.2178692902542291,-4.105995684097142,102477.21245338289,211.46334018280527,372.62525979831116,1727.8892317386465,21.0
Ranked long-short | Historical mean,0.5061931068643499,4.70914354836279,0.05424337826425614,-4.248740041929022,100897.02027760158,316.19274386670656,556.6277481254219,1885.0847340276987,21.0
Ranked long-short | Last observed,1.1130465522078747,4.4216332792990265,0.167083170796872,-3.7118522153259725,101977.00546499735,331.09119422316076,583.9130710752652,1815.1065274685589,21.0
Sector neutral | Equal factors,2.833752341669915,4.497479764738861,0.6021478786871644,-4.2711115744700106,105066.38641647242,297.94957956929505,527.2212972984416,1942.9454956162358,21.0
Sector neutral | Ridge,2.1994886451020212,4.423676649353841,0.4821803929931189,-4.249976750093354,103922.95777636791,363.73525849360556,642.1143625015975,1985.3180983850073,21.0
Sector neutral | Elastic Net,3.098254035979675,4.246102576581761,0.7097863418086254,-4.315671255254339,105544.82685817381,383.46358978761003,678.482308132021,1993.8068513161336,21.0
Sector neutral | KNN,3.851184739931379,4.523658319670446,0.8084866946941992,-4.232672505579638,106911.92441279597,338.0232919308953,605.523763193094,2080.842071430019,21.0
Sector neutral | SVR,3.1945087252495563,4.4926995468246504,0.686962034990484,-4.249976750093354,105719.17030303876,357.7494508601043,642.1471197426872,2079.7590418653017,21.0
Sector neutral | Random Forest,3.6411716592531063,4.759502112444769,0.7360405047475748,-4.044493627654577,106529.83446546356,274.2584704672439,492.5134683977376,2145.536693954864,21.0
Sector neutral | Extra Trees,4.026573799483124,4.635728175532287,0.8292729730119822,-4.315671255254339,107231.47619432249,275.171465018513,494.27841886211536,2122.6858397870637,21.0
Sector neutral | XGBoost,3.6911642858837634,4.66604112337939,0.7639710590106791,-4.247632432589221,106620.73526179537,330.66830628346304,594.2090085068048,2100.6757812872497,21.0
Sector neutral | MLP,3.196341827000171,4.617365908237428,0.6694125052305201,-4.334743505125916,105722.49176274848,355.780480699767,634.005069496925,2048.9153283523606,21.0
Sector neutral | LSTM,3.403336701990556,4.626611704713842,0.7121110201935321,-4.232672505579627,106097.84450121224,276.270905030613,491.5433042526711,2100.094556803173,21.0
Sector neutral | CNN,3.6837070343012535,4.865712385925148,0.730188635289931,-4.04449362765461,106607.17372188333,256.9630088169334,462.22774139371177,2137.674993417104,21.0
Sector neutral | Prophet,4.15118666268901,4.2725821447975205,0.9451127002509195,-4.315671255254294,107458.76761063865,261.512371933559,466.71992370893713,2045.8340901815034,21.0
Sector neutral | Historical mean,4.416649621523194,4.817932679595771,0.8779466852771975,-4.044493627654622,107943.66404544227,250.21188263106853,448.27868505657534,2108.5941646113965,21.0
Sector neutral | Last observed,2.440873398045884,4.686201702528116,0.5070570062050797,-4.425445885951895,104357.4768840814,346.8580177707221,616.4818977080431,2039.0501392618278,21.0
